Study ID	Patient ID	Sample ID	Diagnosis Age	American Joint Committee on Cancer Publication Version Type	Biopsy Site	Cancer Type	Cancer Type Detailed	Last Communication Contact from Initial Pathologic Diagnosis Date	Birth from Initial Pathologic Diagnosis Date	Death from Initial Pathologic Diagnosis Date	Disease Free (Months)	Disease Free Status	Disease Type	Ethnicity Category	Fraction Genome Altered	ICD-10 Classification	Is FFPE	Morphology	Mutation Count	Oncotree Code	Overall Survival (Months)	Overall Survival Status	Other Patient ID	Other Sample ID	AJCC Pathologic M-Stage	AJCC Pathologic N-Stage	AJCC Pathologic Stage	AJCC Pathologic T-Stage	Primary Diagnosis	Patient Primary Tumor Site	Prior Malignancy	Prior Treatment	Project Identifier	Project Name	Project State	Race Category	Number of Samples Per Patient	Sample Type	Sample type id	Sex	TMB (nonsynonymous)	Patient's Vital Status	Year of Diagnosis
brca_tcga_gdc	TCGA-3C-AAAU	TCGA-3C-AAAU-01	55	6th	Breast	Invasive Breast Carcinoma	Invasive Breast Carcinoma	3767	-20211	NA	59.44044449	1:Recurred/Progressed	Infiltrating Lobular Carcinoma	NOT HISPANIC OR LATINO	0.7341	C50.9	NO	8520/3	18	BRCA	132.95006570302235	0:LIVING	6e7d5ec6-a469-467c-b748-237353c23416	197b76a1-a09a-4659-83aa-2c14fd1023a9	MX	NX	Stage X	TX	Infiltrating Lobular Carcinoma	Breast	False	False	TCGA-BRCA	Invasive Breast Carcinoma	released	WHITE	1	Primary Tumor	1	Female	0.6	Alive	2004
brca_tcga_gdc	TCGA-3C-AALI	TCGA-3C-AALI-01	50	6th	Breast	Invasive Breast Carcinoma	Invasive Breast Carcinoma	3801	-18538	NA	131.6697899	0:DiseaseFree	Infiltrating Ductal Carcinoma	NOT HISPANIC OR LATINO	0.7353	C50.9	NO	8500/3	408	BRCA	131.57030223390277	0:LIVING	55262fcb-1b01-4480-b322-36570430c917	0050d7c9-ece9-4b6c-8023-1ff2efcb3c9c	M0	N1a	Stage IIB	T2	Infiltrating Ductal Carcinoma	Breast	False	False	TCGA-BRCA	Invasive Breast Carcinoma	released	BLACK OR AFRICAN AMERICAN	1	Primary Tumor	1	Female	13.566666666666666	Alive	2003
brca_tcga_gdc	TCGA-3C-AALJ	TCGA-3C-AALJ-01	62	7th	Breast	Invasive Breast Carcinoma	Invasive Breast Carcinoma	1228	-22848	NA	48.45974291	0:DiseaseFree	Infiltrating Ductal Carcinoma	NOT HISPANIC OR LATINO	0.5327	C50.9	NO	8500/3	25	BRCA	48.42312746386334	0:LIVING	427d0648-3f77-4ffc-b52c-89855426d647	e355913a-6e4c-4d63-8a53-8be4c5b003b8	M0	N1a	Stage IIB	T2	Infiltrating Ductal Carcinoma	Breast	False	False	TCGA-BRCA	Invasive Breast Carcinoma	released	BLACK OR AFRICAN AMERICAN	1	Primary Tumor	1	Female	0.8333333333333334	Alive	2011
brca_tcga_gdc	TCGA-3C-AALK	TCGA-3C-AALK-01	52	7th	Breast	Invasive Breast Carcinoma	Invasive Breast Carcinoma	1217	-19074	NA	NA	NA	Infiltrating Ductal Carcinoma	NOT HISPANIC OR LATINO	0.0921	C50.9	NO	8500/3	40	BRCA	47.56898817345598	0:LIVING	c31900a4-5dcd-4022-97ac-638e86e889e4	2a532346-0008-4af8-99bc-d709585da1d6	M0	N0 (i+)	Stage IA	T1c	Infiltrating Ductal Carcinoma	Breast	False	False	TCGA-BRCA	Invasive Breast Carcinoma	released	BLACK OR AFRICAN AMERICAN	1	Primary Tumor	1	Female	1.3333333333333333	Alive	2011
brca_tcga_gdc	TCGA-4H-AAAK	TCGA-4H-AAAK-01	50	7th	Breast	Invasive Breast Carcinoma	Invasive Breast Carcinoma	158	-18371	NA	11.44097051	0:DiseaseFree	Infiltrating Lobular Carcinoma	NOT HISPANIC OR LATINO	0.2226	C50.9	NO	8520/3	15	BRCA	11.432325886990801	0:LIVING	6623fc5e-00be-4476-967a-cbd55f676ea6	685b5df4-0620-40e2-aa09-0dd736bb5e2b	M0	N2a	Stage IIIA	T2	Infiltrating Lobular Carcinoma	Breast	False	False	TCGA-BRCA	Invasive Breast Carcinoma	released	WHITE	1	Primary Tumor	1	Female	0.5	Alive	2013
brca_tcga_gdc	TCGA-5L-AAT0	TCGA-5L-AAT0-01	42	7th	Breast	Invasive Breast Carcinoma	Invasive Breast Carcinoma	1477	-15393	NA	NA	NA	Infiltrating Lobular Carcinoma	HISPANIC OR LATINO	0.0698	C50.9	NO	8520/3	117	BRCA	48.52168199737188	0:LIVING	86c6f993-327f-4525-9983-29c55625593a	8434f4a2-0ead-40f6-9b63-9c958a3fb812	M0	N0	Stage IIA	T2	Infiltrating Lobular Carcinoma	Breast	True	False	TCGA-BRCA	Invasive Breast Carcinoma	released	WHITE	1	Primary Tumor	1	Female	3.9	Alive	2010
brca_tcga_gdc	TCGA-5L-AAT1	TCGA-5L-AAT1-01	63	7th	Breast	Invasive Breast Carcinoma	Invasive Breast Carcinoma	1471	-23225	NA	48.32	0:DiseaseFree	Infiltrating Lobular Carcinoma	HISPANIC OR LATINO	0.0812	C50.9	NO	8520/3	933	BRCA	48.3245729303548	0:LIVING	16fc3677-0393-4ed1-ad3f-c8355f056369	a31dec9b-3626-4cb0-8265-1425d5ce1c1e	M1	N0	Stage IV	T2	Infiltrating Lobular Carcinoma	Breast	True	False	TCGA-BRCA	Invasive Breast Carcinoma	released	WHITE	1	Primary Tumor	1	Female	31.033333333333335	Alive	2010
brca_tcga_gdc	TCGA-5T-A9QA	TCGA-5T-A9QA-01	52	7th	Breast	Invasive Breast Carcinoma	Invasive Breast Carcinoma	12	-19031	NA	8.514975178	0:DiseaseFree	Other, specify	NOT HISPANIC OR LATINO	0.4149	C50.9	NO	8523/3	30	BRCA	9.95400788436268	0:LIVING	2fd36838-5a83-433e-ac80-b1f77448e5aa	371ee0d6-5c89-4d9e-b57b-d22a0b86987e	MX	NX	Stage IIA	T2	Other, specify	Breast	False	False	TCGA-BRCA	Invasive Breast Carcinoma	released	BLACK OR AFRICAN AMERICAN	1	Primary Tumor	1	Female	1.0	Alive	2013
brca_tcga_gdc	TCGA-A1-A0SB	TCGA-A1-A0SB-01	70	6th	Breast	Invasive Breast Carcinoma	Invasive Breast Carcinoma	259	-25833	NA	14.36696584	0:DiseaseFree	Other, specify	NOT HISPANIC OR LATINO	0.0008	C50.9	NO	8200/3	12	BRCA	8.508541392904073	0:LIVING	0045349c-69d9-4306-a403-c9c1fa836644	f66358d4-9319-4c23-983d-ab5056daacf1	M0	N0	Stage I	T1c	Other, specify	Breast	False	False	TCGA-BRCA	Invasive Breast Carcinoma	released	WHITE	1	Primary Tumor	1	Female	0.4	Alive	2008
brca_tcga_gdc	TCGA-A1-A0SD	TCGA-A1-A0SD-01	59	6th	Breast	Invasive Breast Carcinoma	Invasive Breast Carcinoma	437	-21793	NA	43.42966105	0:DiseaseFree	Infiltrating Ductal Carcinoma	NOT HISPANIC OR LATINO	0.2496	C50.9	NO	8500/3	27	BRCA	14.35611038107753	0:LIVING	c462e422-eb8d-4daf-9897-2a9c6cbd783a	81f193d9-ad19-43c2-b89f-54003a8d133e	M0	N0	Stage IIA	T2	Infiltrating Ductal Carcinoma	Breast	False	False	TCGA-BRCA	Invasive Breast Carcinoma	released	WHITE	1	Primary Tumor	1	Female	0.9	Alive	2005
brca_tcga_gdc	TCGA-A1-A0SE	TCGA-A1-A0SE-01	56	6th	Breast	Invasive Breast Carcinoma	Invasive Breast Carcinoma	1321	-20717	NA	48.09810303	0:DiseaseFree	Mixed Histology (please specify)	NOT HISPANIC OR LATINO	0.2086	C50.9	NO	8522/3	22	BRCA	43.39684625492772	0:LIVING	c397e6c2-ba3a-4f5e-a258-c140611192fe	2fd1998c-1ea4-42eb-84b9-db352da9cf25	M0	N0 (i-)	Stage I	T1c	Mixed Histology (please specify)	Breast	False	False	TCGA-BRCA	Invasive Breast Carcinoma	released	WHITE	1	Primary Tumor	1	Female	0.7333333333333333	Alive	2005
brca_tcga_gdc	TCGA-A1-A0SF	TCGA-A1-A0SF-01	54	6th	Breast	Invasive Breast Carcinoma	Invasive Breast Carcinoma	1463	-19731	NA	14.26833679	0:DiseaseFree	Infiltrating Ductal Carcinoma	NOT HISPANIC OR LATINO	0.3440	C50.9	NO	8500/3	43	BRCA	48.06176084099869	0:LIVING	4b620966-b4c7-4615-bf58-ca9d3226b9bd	f4d51ca6-89a6-4571-ae8d-0fad7dde4452	M0	N0	Stage IIA	T2	Infiltrating Ductal Carcinoma	Breast	False	False	TCGA-BRCA	Invasive Breast Carcinoma	released	WHITE	1	Primary Tumor	1	Female	1.4333333333333333	Alive	2006
brca_tcga_gdc	TCGA-A1-A0SG	TCGA-A1-A0SG-01	61	6th	Breast	Invasive Breast Carcinoma	Invasive Breast Carcinoma	434	-22380	NA	47.24331788	0:DiseaseFree	Other, specify	NOT HISPANIC OR LATINO	0.0921	C50.9	NO	8507/3	22	BRCA	14.257555847568987	0:LIVING	0ed9ad26-7fdc-4d75-93f9-d029eee94993	6bfd7e43-77e4-4666-9b28-c5d4cdcd6ad7	M0	N1a	Stage IIB	T2	Other, specify	Breast	False	False	TCGA-BRCA	Invasive Breast Carcinoma	released	WHITE	1	Primary Tumor	1	Female	0.7333333333333333	Alive	2006
brca_tcga_gdc	TCGA-A1-A0SH	TCGA-A1-A0SH-01	39	6th	Breast	Invasive Breast Carcinoma	Invasive Breast Carcinoma	1437	-14595	NA	20.87648355	0:DiseaseFree	Infiltrating Ductal Carcinoma	NOT HISPANIC OR LATINO	0.1838	C50.9	NO	8500/3	84	BRCA	47.20762155059133	0:LIVING	a6a863d9-b39d-4965-b47f-79a1bcf3c976	08044da0-8cb7-4bf7-bbb6-b80be4fddd8c	M0	N0 (i-)	Stage IIA	T2	Infiltrating Ductal Carcinoma	Breast	False	False	TCGA-BRCA	Invasive Breast Carcinoma	released	WHITE	1	Primary Tumor	1	Female	2.8	Alive	2006
brca_tcga_gdc	TCGA-A1-A0SI	TCGA-A1-A0SI-01	52	6th	Breast	Invasive Breast Carcinoma	Invasive Breast Carcinoma	635	-19250	NA	13.67656245	0:DiseaseFree	Infiltrating Ductal Carcinoma	NOT HISPANIC OR LATINO	0.3319	C50.9	NO	8500/3	158	BRCA	20.86070959264126	0:LIVING	16368c32-2118-4fcf-8693-6c89995e49d8	c5181ae5-bd05-459f-920d-26bd31bd9088	M0	N1a	Stage IIB	T2	Infiltrating Ductal Carcinoma	Breast	False	False	TCGA-BRCA	Invasive Breast Carcinoma	released	WHITE	1	Primary Tumor	1	Female	5.233333333333333	Alive	2007
brca_tcga_gdc	TCGA-A1-A0SJ	TCGA-A1-A0SJ-01	39	6th	Breast	Invasive Breast Carcinoma	Invasive Breast Carcinoma	416	-14383	NA	NA	NA	Infiltrating Ductal Carcinoma	NOT HISPANIC OR LATINO	0.5518	C50.9	NO	8500/3	26	BRCA	13.66622864651774	0:LIVING	a2db9dd1-44d5-48b5-817c-a21a85fadb21	9ec60572-39e4-4a0d-b157-cf0ec726fb1d	M0	N1a	Stage IIIA	T3	Infiltrating Ductal Carcinoma	Breast	False	False	TCGA-BRCA	Invasive Breast Carcinoma	released	BLACK OR AFRICAN AMERICAN	1	Primary Tumor	1	Female	0.8666666666666667	Alive	2006
brca_tcga_gdc	TCGA-A1-A0SK	TCGA-A1-A0SK-01	54	6th	Breast	Invasive Breast Carcinoma	Invasive Breast Carcinoma	NA	-20048	967	7.956077194	0:DiseaseFree	Other, specify	NOT HISPANIC OR LATINO	0.4705	C50.9	NO	8013/3	53	BRCA	31.76741130091984	1:DECEASED	a5b44d66-c162-46b5-9df2-86305f0385c5	dbd8fda0-bdf2-40f0-80b6-daef5ebf9c97	M0	N0 (i-)	Stage IIA	T2	Other, specify	Breast	False	False	TCGA-BRCA	Invasive Breast Carcinoma	released	ASIAN	1	Primary Tumor	1	Female	1.7666666666666666	Dead	2007
brca_tcga_gdc	TCGA-A1-A0SM	TCGA-A1-A0SM-01	77	6th	Breast	Invasive Breast Carcinoma	Invasive Breast Carcinoma	242	-28198	NA	39.32011704	0:DiseaseFree	Infiltrating Ductal Carcinoma	NOT HISPANIC OR LATINO	0.1801	C50.9	NO	8500/3	16	BRCA	7.9500657030223385	0:LIVING	784de7ac-8424-42eb-83d4-a1bebaa42b97	289f5433-4834-401f-9361-efc8e883e630	M0	N0 (i-)	Stage IIA	T2	Infiltrating Ductal Carcinoma	Breast	False	False	TCGA-BRCA	Invasive Breast Carcinoma	released	WHITE	1	Primary Tumor	1	Male	0.5333333333333333	Alive	2007
brca_tcga_gdc	TCGA-A1-A0SN	TCGA-A1-A0SN-01	50	6th	Breast	Invasive Breast Carcinoma	Invasive Breast Carcinoma	1196	-18401	NA	28.01065194	0:DiseaseFree	Infiltrating Ductal Carcinoma	NOT HISPANIC OR LATINO	0.5670	C50.9	NO	8500/3	50	BRCA	39.2904073587385	0:LIVING	0dc337fa-da8b-42c4-b9a7-fb76d81c161f	62d2a36e-feb1-4084-8111-7ea38a4e3049	MX	N1	Stage IIA	T1c	Infiltrating Ductal Carcinoma	Breast	False	False	TCGA-BRCA	Invasive Breast Carcinoma	released	WHITE	1	Primary Tumor	1	Female	1.6666666666666667	Alive	2007
brca_tcga_gdc	TCGA-A1-A0SO	TCGA-A1-A0SO-01	67	6th	Breast	Invasive Breast Carcinoma	Invasive Breast Carcinoma	852	-24826	NA	19.19978959	0:DiseaseFree	Infiltrating Ductal Carcinoma	NOT HISPANIC OR LATINO	0.7800	C50.9	NO	8500/3	246	BRCA	27.989487516425754	0:LIVING	6644fd4e-d2fe-4785-a73c-0f36fcc740e2	710257f0-ac05-4fee-b6a3-9c48ecc65b0e	M0	N1	Stage IIB	T2	Infiltrating Ductal Carcinoma	Breast	False	False	TCGA-BRCA	Invasive Breast Carcinoma	released	WHITE	1	Primary Tumor	1	Female	8.2	Alive	2007
brca_tcga_gdc	TCGA-A1-A0SP	TCGA-A1-A0SP-01	40	6th	Breast	Invasive Breast Carcinoma	Invasive Breast Carcinoma	584	-14954	NA	18.21349903	0:DiseaseFree	Infiltrating Ductal Carcinoma	NOT HISPANIC OR LATINO	0.4686	C50.9	NO	8500/3	41	BRCA	19.185282522996058	0:LIVING	a9bb8159-32f0-454c-a946-b3286a52b9d5	c0c04ba3-7fdf-47f3-8750-a487639a76df	M0	N0 (i-)	Stage IIA	T2	Infiltrating Ductal Carcinoma	Breast	True	NA	TCGA-BRCA	Invasive Breast Carcinoma	released	NA	1	Primary Tumor	1	Female	1.3666666666666667	Alive	2007
brca_tcga_gdc	TCGA-A1-A0SQ	TCGA-A1-A0SQ-01	45	6th	Breast	Invasive Breast Carcinoma	Invasive Breast Carcinoma	554	-16458	NA	143.1436368	0:DiseaseFree	Infiltrating Ductal Carcinoma	NOT HISPANIC OR LATINO	0.1199	C50.9	NO	8500/3	21	BRCA	18.199737187910642	0:LIVING	08de63a2-7b76-43c3-80dc-df748b1d81bc	58d073a2-68b8-4f48-ba5e-020258abef71	MX	N1	Stage IIB	T2	Infiltrating Ductal Carcinoma	Breast	False	False	TCGA-BRCA	Invasive Breast Carcinoma	released	WHITE	1	Primary Tumor	1	Female	0.7	Alive	2007
brca_tcga_gdc	TCGA-A2-A04N	TCGA-A2-A04N-01	66	5th	Breast	Invasive Breast Carcinoma	Invasive Breast Carcinoma	3153	-24155	NA	NA	NA	Infiltrating Ductal Carcinoma	HISPANIC OR LATINO	0.0910	C50.9	NO	8500/3	36	BRCA	143.03547963206307	0:LIVING	197428f7-bd77-4c5f-8119-87157b5c35b9	b8c9196c-182d-4522-b487-734f9a8f9a78	M0	N0 (i-)	Stage IA	T1c	Infiltrating Ductal Carcinoma	Breast	False	False	TCGA-BRCA	Invasive Breast Carcinoma	released	WHITE	1	Primary Tumor	1	Female	1.2	Alive	2002
brca_tcga_gdc	TCGA-A2-A04P	TCGA-A2-A04P-01	36	6th	Breast	Invasive Breast Carcinoma	Invasive Breast Carcinoma	NA	-13238	548	78.41009962	0:DiseaseFree	Infiltrating Ductal Carcinoma	NA	0.6443	C50.9	NO	8500/3	116	BRCA	18.00262812089356	1:DECEASED	ccd4a24b-d8cc-4686-9dee-c98b0c5a8d21	e4dee88b-58d0-4953-ad4a-a2df876f3c95	M0	N3c	Stage IIIC	T2	Infiltrating Ductal Carcinoma	Breast	False	False	TCGA-BRCA	Invasive Breast Carcinoma	released	BLACK OR AFRICAN AMERICAN	1	Primary Tumor	1	Female	3.8666666666666667	Dead	2003
brca_tcga_gdc	TCGA-A2-A04Q	TCGA-A2-A04Q-01	48	6th	Breast	Invasive Breast Carcinoma	Invasive Breast Carcinoma	2179	-17660	NA	121.9383897	0:DiseaseFree	Infiltrating Ductal Carcinoma	NA	0.0821	C50.9	NO	8500/3	30	BRCA	78.3508541392904	0:LIVING	b5fba77b-1f50-4e71-95b2-566afba4bdd7	e17e273d-6f53-4419-9f0c-1e4e667c5257	M0	N0 (i-)	Stage IA	T1	Infiltrating Ductal Carcinoma	Breast	False	False	TCGA-BRCA	Invasive Breast Carcinoma	released	WHITE	1	Primary Tumor	1	Female	1.0	Alive	2004
brca_tcga_gdc	TCGA-A2-A04R	TCGA-A2-A04R-01	36	6th	Breast	Invasive Breast Carcinoma	Invasive Breast Carcinoma	2365	-13483	NA	73.84028668	0:DiseaseFree	Infiltrating Ductal Carcinoma	NOT HISPANIC OR LATINO	0.2531	C50.9	NO	8500/3	71	BRCA	121.84625492772668	0:LIVING	f3a058b9-fb7f-4098-8f0e-83c2acfa1ed5	e29fc4e1-4c82-46d7-997c-be59470c7751	M0	N0 (i-)	Stage IA	T1	Infiltrating Ductal Carcinoma	Breast	False	False	TCGA-BRCA	Invasive Breast Carcinoma	released	BLACK OR AFRICAN AMERICAN	1	Primary Tumor	1	Female	2.3666666666666667	Alive	2004
brca_tcga_gdc	TCGA-A2-A04T	TCGA-A2-A04T-01	62	6th	Breast	Invasive Breast Carcinoma	Invasive Breast Carcinoma	1950	-22707	NA	87.25383831	0:DiseaseFree	Infiltrating Ductal Carcinoma	NA	0.7441	C50.9	NO	8500/3	87	BRCA	73.78449408672799	0:LIVING	b58ad350-5140-4fa8-bc2c-24bca8395f3a	6dd4870f-1ec2-484b-8703-6397d8e67daa	M0	N0 (i-)	Stage IIA	T2	Infiltrating Ductal Carcinoma	Breast	False	False	TCGA-BRCA	Invasive Breast Carcinoma	released	WHITE	1	Primary Tumor	1	Female	2.9	Alive	2004
brca_tcga_gdc	TCGA-A2-A04U	TCGA-A2-A04U-01	47	6th	Breast	Invasive Breast Carcinoma	Invasive Breast Carcinoma	671	-17474	NA	48.3282375	1:Recurred/Progressed	Infiltrating Ductal Carcinoma	NOT HISPANIC OR LATINO	0.6659	C50.9	NO	8500/3	45	BRCA	87.18791064388961	0:LIVING	1c3610f7-e0aa-48d7-9a27-0dbaf6e244f9	e1df2e78-ade5-4ff7-a636-95c79e23b942	M0	N0 (i+)	Stage IIA	T2	Infiltrating Ductal Carcinoma	Breast	False	False	TCGA-BRCA	Invasive Breast Carcinoma	released	WHITE	1	Primary Tumor	1	Female	1.5	Alive	2004
brca_tcga_gdc	TCGA-A2-A04V	TCGA-A2-A04V-01	39	6th	Breast	Invasive Breast Carcinoma	Invasive Breast Carcinoma	NA	-14250	1920	101.982444	0:DiseaseFree	Infiltrating Ductal Carcinoma	NOT HISPANIC OR LATINO	0.1131	C50.9	NO	8500/3	23	BRCA	63.07490144546649	1:DECEASED	64f67506-f2df-4f0a-b7be-29b4949e986a	5dfab1d0-fed6-47b2-a47d-402e088361ad	M0	N0 (i-)	Stage IIA	T2	Infiltrating Ductal Carcinoma	Breast	False	False	TCGA-BRCA	Invasive Breast Carcinoma	released	WHITE	1	Primary Tumor	1	Female	0.7666666666666667	Dead	2005
brca_tcga_gdc	TCGA-A2-A04W	TCGA-A2-A04W-01	50	6th	Breast	Invasive Breast Carcinoma	Invasive Breast Carcinoma	1918	-18345	NA	55.42952954	0:DiseaseFree	Other, specify	NOT HISPANIC OR LATINO	0.0662	C50.9	NO	8401/3	112	BRCA	101.9053876478318	0:LIVING	00807dae-9f4a-4fd1-aac2-82eb11bf2afb	699d9e14-0968-4773-b077-17db941f5c38	M0	N1mi	Stage IIB	T2	Other, specify	Breast	False	False	TCGA-BRCA	Invasive Breast Carcinoma	released	WHITE	1	Primary Tumor	1	Female	3.7333333333333334	Alive	2005
brca_tcga_gdc	TCGA-A2-A04X	TCGA-A2-A04X-01	34	6th	Breast	Invasive Breast Carcinoma	Invasive Breast Carcinoma	1349	-12642	NA	36.13111089	0:DiseaseFree	Infiltrating Ductal Carcinoma	NA	0.2473	C50.9	NO	8500/3	23	BRCA	55.38764783180026	0:LIVING	733a2a0f-b37a-4b81-b49e-3c0f30d1eb37	abff5667-7ef4-46c1-ad34-ceabc27e7992	M0	N0 (i-)	Stage IIA	T2	Infiltrating Ductal Carcinoma	Breast	False	False	TCGA-BRCA	Invasive Breast Carcinoma	released	WHITE	1	Primary Tumor	1	Female	0.7666666666666667	Alive	2006
brca_tcga_gdc	TCGA-A2-A04Y	TCGA-A2-A04Y-01	53	6th	Breast	Invasive Breast Carcinoma	Invasive Breast Carcinoma	764	-19533	NA	44.84334418	1:Recurred/Progressed	Infiltrating Ductal Carcinoma	NA	0.1496	C50.9	NO	8500/3	35	BRCA	36.10381077529566	0:LIVING	9ce7ce09-4409-4fa3-9f78-b2b24716f860	7cd3890a-bac7-42d0-a615-4b0f862200b8	M0	N1mi	Stage IIB	T2	Infiltrating Ductal Carcinoma	Breast	False	False	TCGA-BRCA	Invasive Breast Carcinoma	released	WHITE	1	Primary Tumor	1	Female	1.1666666666666667	Alive	2008
brca_tcga_gdc	TCGA-A2-A0CK	TCGA-A2-A0CK-01	60	5th	Breast	Invasive Breast Carcinoma	Invasive Breast Carcinoma	3820	-22094	NA	NA	NA	Infiltrating Lobular Carcinoma	NOT HISPANIC OR LATINO	0.0997	C50.9	NO	8520/3	NA	BRCA	136.62943495400788	0:LIVING	5aca16ca-4516-4e27-8249-6914029a7ebf	d22e0f16-8d28-467d-ab10-2dd72f7eab42	M0	N2a	Stage IIIA	T3	Infiltrating Lobular Carcinoma	Breast	False	False	TCGA-BRCA	Invasive Breast Carcinoma	released	WHITE	1	Primary Tumor	1	Female	NA	Alive	2001
brca_tcga_gdc	TCGA-A2-A0CL	TCGA-A2-A0CL-01	37	6th	Breast	Invasive Breast Carcinoma	Invasive Breast Carcinoma	1827	-13556	NA	12.55876648	1:Recurred/Progressed	Infiltrating Ductal Carcinoma	NOT HISPANIC OR LATINO	0.0628	C50.9	NO	8500/3	108	BRCA	99.04730617608409	0:LIVING	5c8983f2-9788-4dfa-971c-3ec457b6166e	73cb9fe3-e820-42ef-af60-acbf07ed9f1d	M0	N2a	Stage IIIA	T3	Infiltrating Ductal Carcinoma	Breast	False	False	TCGA-BRCA	Invasive Breast Carcinoma	released	BLACK OR AFRICAN AMERICAN	1	Primary Tumor	1	Female	3.6	Alive	2006
brca_tcga_gdc	TCGA-A2-A0CM	TCGA-A2-A0CM-01	40	6th	Breast	Invasive Breast Carcinoma	Invasive Breast Carcinoma	NA	-14969	754	NA	NA	Infiltrating Ductal Carcinoma	NOT HISPANIC OR LATINO	0.4024	C50.9	NO	8500/3	43	BRCA	24.7700394218134	1:DECEASED	eb2dbb4f-66b6-4525-8323-431970f7a64e	ea7fb858-c17b-40d4-9a22-cbd9da614b65	M0	N0 (i-)	Stage IIA	T2	Infiltrating Ductal Carcinoma	Breast	False	False	TCGA-BRCA	Invasive Breast Carcinoma	released	BLACK OR AFRICAN AMERICAN	1	Primary Tumor	1	Female	1.4333333333333333	Dead	2003
brca_tcga_gdc	TCGA-A2-A0CO	TCGA-A2-A0CO-01	85	7th	Breast	Invasive Breast Carcinoma	Invasive Breast Carcinoma	1468	-31404	1468	92.48117829	0:DiseaseFree	Infiltrating Lobular Carcinoma	NOT HISPANIC OR LATINO	0.1417	C50.9	NO	8520/3	NA	BRCA	48.22601839684625	1:DECEASED	8e54232d-d8bb-4612-8b0e-4feb076a60f9	9bc1887e-b3ed-4732-b8bc-ef4f4ea59258	M0	N0	Stage IIB	T3	Infiltrating Lobular Carcinoma	Breast	False	False	TCGA-BRCA	Invasive Breast Carcinoma	released	WHITE	1	Primary Tumor	1	Female	NA	Dead	2002
brca_tcga_gdc	TCGA-A2-A0CP	TCGA-A2-A0CP-01	60	6th	Breast	Invasive Breast Carcinoma	Invasive Breast Carcinoma	2495	-22133	NA	88.60176875	0:DiseaseFree	Infiltrating Ductal Carcinoma	NOT HISPANIC OR LATINO	0.0867	C50.9	NO	8500/3	27	BRCA	92.4113009198423	0:LIVING	fe15c48b-116d-461e-9b40-68514730fd18	80105f2a-438a-4d44-947d-3f5a50d6cab0	M0	N0 (i-)	Stage IA	T1c	Infiltrating Ductal Carcinoma	Breast	False	False	TCGA-BRCA	Invasive Breast Carcinoma	released	WHITE	1	Primary Tumor	1	Female	0.9	Alive	2003
brca_tcga_gdc	TCGA-A2-A0CQ	TCGA-A2-A0CQ-01	62	6th	Breast	Invasive Breast Carcinoma	Invasive Breast Carcinoma	2393	-22810	NA	NA	NA	Infiltrating Ductal Carcinoma	NOT HISPANIC OR LATINO	0.1288	C50.9	NO	8500/3	25	BRCA	88.53482260183968	0:LIVING	ab34a9a2-d72d-4106-94fb-118844b1b60b	28d6a08d-f73d-4981-882c-aac092fdebb9	M0	N0 (i-)	Stage IA	T1	Infiltrating Ductal Carcinoma	Breast	False	False	TCGA-BRCA	Invasive Breast Carcinoma	released	BLACK OR AFRICAN AMERICAN	1	Primary Tumor	1	Female	0.8333333333333334	Alive	2003
brca_tcga_gdc	TCGA-A2-A0CR	TCGA-A2-A0CR-01	54	7th	Breast	Invasive Breast Carcinoma	Invasive Breast Carcinoma	2955	-20075	NA	NA	NA	Infiltrating Lobular Carcinoma	NOT HISPANIC OR LATINO	0.0001	C50.9	NO	8520/3	101	BRCA	107.8515111695138	0:LIVING	4cf0f639-7940-48b6-8ea1-2a3494097cdb	7d3dea42-f18f-4cf6-973d-ea2bae39ba38	M0	N0	Stage IIB	T3	Infiltrating Lobular Carcinoma	Breast	False	False	TCGA-BRCA	Invasive Breast Carcinoma	released	ASIAN	1	Primary Tumor	1	Female	3.3666666666666667	Alive	2004
brca_tcga_gdc	TCGA-A2-A0CS	TCGA-A2-A0CS-01	73	NA	Breast	Invasive Breast Carcinoma	Invasive Breast Carcinoma	2298	-26817	2348	75.25396982	0:DiseaseFree	Infiltrating Ductal Carcinoma	NOT HISPANIC OR LATINO	0.2441	C50.9	NO	8500/3	30	BRCA	77.1353482260184	1:DECEASED	d071c16b-7cee-45ed-8ec9-612418143815	54fffa7d-7d20-4ce4-8fe0-29372a6f3c82	M1	N3a	Stage IV	T4b	Infiltrating Ductal Carcinoma	Breast	False	False	TCGA-BRCA	Invasive Breast Carcinoma	released	WHITE	1	Primary Tumor	1	Female	1.0	Dead	2004
brca_tcga_gdc	TCGA-A2-A0CT	TCGA-A2-A0CT-01	71	6th	Breast	Invasive Breast Carcinoma	Invasive Breast Carcinoma	1918	-25959	NA	NA	NA	Infiltrating Ductal Carcinoma	NOT HISPANIC OR LATINO	0.6969	C50.9	NO	8500/3	77	BRCA	75.19710906701708	0:LIVING	378778d2-b331-4867-a93b-c64028c8b4c7	3490858a-b2ef-4700-91ea-5e71c71cff67	M0	N0 (i-)	Stage IIA	T2	Infiltrating Ductal Carcinoma	Breast	False	False	TCGA-BRCA	Invasive Breast Carcinoma	released	WHITE	1	Primary Tumor	1	Female	2.566666666666667	Alive	2005
brca_tcga_gdc	TCGA-A2-A0CU	TCGA-A2-A0CU-01	73	6th	Breast	Invasive Breast Carcinoma	Invasive Breast Carcinoma	NA	-26823	158	98.99069599	0:DiseaseFree	Infiltrating Ductal Carcinoma	NOT HISPANIC OR LATINO	0.4588	C50.9	NO	8500/3	27	BRCA	5.19053876478318	1:DECEASED	332423a7-8866-4ee3-b08f-3c8d7c16af80	df545b98-f81f-4e0d-a714-90b406f2a238	M0	N0 (i+)	Stage IIA	T2	Infiltrating Ductal Carcinoma	Breast	False	False	TCGA-BRCA	Invasive Breast Carcinoma	released	WHITE	1	Primary Tumor	1	Female	0.9	Dead	2005
brca_tcga_gdc	TCGA-A2-A0CV	TCGA-A2-A0CV-01	41	6th	Breast	Invasive Breast Carcinoma	Invasive Breast Carcinoma	1870	-15289	NA	107.9330638	0:DiseaseFree	Infiltrating Ductal Carcinoma	NOT HISPANIC OR LATINO	0.6142	C50.9	NO	8500/3	19	BRCA	98.91590013140605	0:LIVING	ad7fcc89-82a3-48aa-8461-581c1a857677	bb83d6d7-e5e4-49cb-a533-bdf2fb330bae	M0	N1a	Stage IIB	T2	Infiltrating Ductal Carcinoma	Breast	False	False	TCGA-BRCA	Invasive Breast Carcinoma	released	ASIAN	1	Primary Tumor	1	Female	0.6333333333333333	Alive	2005
brca_tcga_gdc	TCGA-A2-A0CW	TCGA-A2-A0CW-01	67	6th	Breast	Invasive Breast Carcinoma	Invasive Breast Carcinoma	1750	-24541	NA	56.81033633	0:DiseaseFree	Infiltrating Ductal Carcinoma	NOT HISPANIC OR LATINO	0.3156	C50.9	NO	8500/3	50	BRCA	107.8515111695138	0:LIVING	32efa6e8-6b19-480a-9d04-ace02e93318a	9cd3fc34-5380-4318-87fa-ccff0dbea879	M0	N1a	Stage IIB	T2	Infiltrating Ductal Carcinoma	Breast	False	False	TCGA-BRCA	Invasive Breast Carcinoma	released	WHITE	1	Primary Tumor	1	Female	1.6666666666666667	Alive	2006
brca_tcga_gdc	TCGA-A2-A0CX	TCGA-A2-A0CX-01	52	6th	Breast	Invasive Breast Carcinoma	Invasive Breast Carcinoma	1303	-19152	NA	NA	NA	Infiltrating Ductal Carcinoma	NOT HISPANIC OR LATINO	0.3284	C50.9	NO	8500/3	214	BRCA	56.76741130091984	0:LIVING	c744fc13-3aca-4245-9e24-abd368cc8bef	d3c85f76-56ed-4f64-9edb-9cdf80526e33	M0	N0 (i-)	Stage IIA	T2	Infiltrating Ductal Carcinoma	Breast	False	False	TCGA-BRCA	Invasive Breast Carcinoma	released	WHITE	1	Primary Tumor	1	Female	7.166666666666667	Alive	2006
brca_tcga_gdc	TCGA-A2-A0CY	TCGA-A2-A0CY-01	63	6th	Breast	Invasive Breast Carcinoma	Invasive Breast Carcinoma	1288	-23229	NA	54.96	0:DiseaseFree	Infiltrating Ductal Carcinoma	NOT HISPANIC OR LATINO	0.1044	C50.9	NO	8500/3	NA	BRCA	54.96057818659658	0:LIVING	757df7b0-4774-4493-98bf-999ded9ac86e	673cf36a-0405-4671-a76b-f0607d56beaf	M0	N1	Stage IIB	T2	Infiltrating Ductal Carcinoma	Breast	False	False	TCGA-BRCA	Invasive Breast Carcinoma	released	WHITE	1	Primary Tumor	1	Female	NA	Alive	2006
brca_tcga_gdc	TCGA-A2-A0CZ	TCGA-A2-A0CZ-01	46	6th	Breast	Invasive Breast Carcinoma	Invasive Breast Carcinoma	1339	-17026	NA	34.55304599	0:DiseaseFree	Infiltrating Ductal Carcinoma	NOT HISPANIC OR LATINO	0.0288	C50.9	NO	8500/3	NA	BRCA	53.088042049934295	0:LIVING	9f93ea0a-1687-44e0-9e8a-eeb4097d471c	aa1e0129-d008-4648-8098-24f1981bc386	M0	N0 (i-)	Stage IIA	T2	Infiltrating Ductal Carcinoma	Breast	False	False	TCGA-BRCA	Invasive Breast Carcinoma	released	WHITE	1	Primary Tumor	1	Female	NA	Alive	2007
brca_tcga_gdc	TCGA-A2-A0D0	TCGA-A2-A0D0-01	60	6th	Breast	Invasive Breast Carcinoma	Invasive Breast Carcinoma	643	-22115	NA	33.76401355	0:DiseaseFree	Infiltrating Ductal Carcinoma	NOT HISPANIC OR LATINO	0.7050	C50.9	NO	8500/3	63	BRCA	67.27989487516426	0:LIVING	324bcba2-f6a4-45a6-807c-215bdffcca21	7fd5702e-2d7b-4b79-b2d8-5ca4ca33cf65	M0	N0 (i-)	Stage IIA	T2	Infiltrating Ductal Carcinoma	Breast	False	False	TCGA-BRCA	Invasive Breast Carcinoma	released	BLACK OR AFRICAN AMERICAN	1	Primary Tumor	1	Female	2.1	Alive	2008
brca_tcga_gdc	TCGA-A2-A0D1	TCGA-A2-A0D1-01	76	6th	Breast	Invasive Breast Carcinoma	Invasive Breast Carcinoma	786	-28084	NA	61.57740737	0:DiseaseFree	Infiltrating Ductal Carcinoma	NOT HISPANIC OR LATINO	0.2618	C50.9	NO	8500/3	39	BRCA	34.526938239159	0:LIVING	084c6aec-94f7-4090-8f3f-59fa9e89721a	12ece355-f1d0-446c-84e9-0aed3e6d29f8	M0	N0 (i-)	Stage IIA	T2	Infiltrating Ductal Carcinoma	Breast	False	False	TCGA-BRCA	Invasive Breast Carcinoma	released	WHITE	1	Primary Tumor	1	Female	1.3	Alive	2008
brca_tcga_gdc	TCGA-A2-A0D2	TCGA-A2-A0D2-01	45	6th	Breast	Invasive Breast Carcinoma	Invasive Breast Carcinoma	761	-16623	NA	25.21616202	0:DiseaseFree	Infiltrating Ductal Carcinoma	NOT HISPANIC OR LATINO	0.4709	C50.9	NO	8500/3	72	BRCA	33.73850197109067	0:LIVING	99e32c59-aa73-43fa-88c9-399ddadb2c72	72439e36-3c17-4a90-b3e1-8f6ccfd3dcd4	M0	N0 (i+)	Stage IIA	T2	Infiltrating Ductal Carcinoma	Breast	False	False	TCGA-BRCA	Invasive Breast Carcinoma	released	WHITE	1	Primary Tumor	1	Female	2.4	Alive	2008
brca_tcga_gdc	TCGA-A2-A0D3	TCGA-A2-A0D3-01	42	6th	Breast	Invasive Breast Carcinoma	Invasive Breast Carcinoma	736	-15524	NA	101.7194332	0:DiseaseFree	Infiltrating Ductal Carcinoma	NOT HISPANIC OR LATINO	0.1245	C50.9	NO	8500/3	21	BRCA	61.530880420499344	0:LIVING	4a16429b-884f-4c95-8683-feeedf0d6a55	f71ea58f-a4b4-464c-a276-92747efcc0b9	M0	N0 (i-)	Stage IA	T1c	Infiltrating Ductal Carcinoma	Breast	False	False	TCGA-BRCA	Invasive Breast Carcinoma	released	WHITE	1	Primary Tumor	1	Female	0.7	Alive	2008
brca_tcga_gdc	TCGA-A2-A0D4	TCGA-A2-A0D4-01	37	6th	Breast	Invasive Breast Carcinoma	Invasive Breast Carcinoma	496	-13805	NA	134.3985271	0:DiseaseFree	Infiltrating Ductal Carcinoma	NOT HISPANIC OR LATINO	0.5041	C50.9	NO	8500/3	29	BRCA	25.19710906701708	0:LIVING	75113445-d2d6-44a0-866c-c9175e6d214b	ace39ef3-1b5e-4ad2-a20d-62957e524281	M0	N1a	Stage IIB	T2	Infiltrating Ductal Carcinoma	Breast	False	False	TCGA-BRCA	Invasive Breast Carcinoma	released	BLACK OR AFRICAN AMERICAN	1	Primary Tumor	1	Female	0.9666666666666667	Alive	2009
brca_tcga_gdc	TCGA-A2-A0EM	TCGA-A2-A0EM-01	73	5th	Breast	Invasive Breast Carcinoma	Invasive Breast Carcinoma	2758	-26845	NA	NA	NA	Infiltrating Ductal Carcinoma	NOT HISPANIC OR LATINO	0.1034	C50.9	NO	8500/3	26	BRCA	101.64257555847568	0:LIVING	2fdfd287-d13c-4910-9788-73987d45908a	0d9139aa-d829-4ac9-8a65-822dcf79971c	M0	N0 (i-)	Stage IA	T1	Infiltrating Ductal Carcinoma	Breast	False	False	TCGA-BRCA	Invasive Breast Carcinoma	released	WHITE	1	Primary Tumor	1	Female	0.8666666666666667	Alive	2002
brca_tcga_gdc	TCGA-A2-A0EN	TCGA-A2-A0EN-01	70	6th	Breast	Invasive Breast Carcinoma	Invasive Breast Carcinoma	4088	-25771	NA	118.4534964	0:DiseaseFree	Infiltrating Lobular Carcinoma	NOT HISPANIC OR LATINO	0.2180	C50.9	NO	8520/3	27	BRCA	134.2969776609724	0:LIVING	5e670fec-8992-44bf-8657-f7f9a272306b	c59fa5bd-0b6d-41d5-83ef-7766f0241d70	M0	N0 (i+)	Stage IIA	T2	Infiltrating Lobular Carcinoma	Breast	False	False	TCGA-BRCA	Invasive Breast Carcinoma	released	WHITE	1	Primary Tumor	1	Female	0.9	Alive	2003
brca_tcga_gdc	TCGA-A2-A0EO	TCGA-A2-A0EO-01	54	6th	Breast	Invasive Breast Carcinoma	Invasive Breast Carcinoma	2181	-19880	NA	79.75803005	0:DiseaseFree	Infiltrating Ductal Carcinoma	NOT HISPANIC OR LATINO	0.2512	C50.9	NO	8500/3	24	BRCA	80.2233902759527	0:LIVING	bf88ddf5-a6d4-498c-bf7f-db9bfabff72d	bd7e34c8-d477-4caf-a44d-aa9a3a4bf7d4	M0	N0 (i-)	Stage IA	T1	Infiltrating Ductal Carcinoma	Breast	False	False	TCGA-BRCA	Invasive Breast Carcinoma	released	WHITE	1	Primary Tumor	1	Female	0.8	Alive	2003
brca_tcga_gdc	TCGA-A2-A0EP	TCGA-A2-A0EP-01	56	6th	Breast	Invasive Breast Carcinoma	Invasive Breast Carcinoma	3021	-20585	NA	74.39918467	0:DiseaseFree	Infiltrating Lobular Carcinoma	NOT HISPANIC OR LATINO	0.0000	C50.9	NO	8520/3	7	BRCA	118.36399474375821	0:LIVING	670f5022-5066-48f1-8472-5670129a1e0f	153d5e35-20a4-40f8-901a-d7208fa2d3d8	M0	N0 (i+)	Stage I	T1	Infiltrating Lobular Carcinoma	Breast	False	False	TCGA-BRCA	Invasive Breast Carcinoma	released	WHITE	1	Primary Tumor	1	Female	0.23333333333333334	Alive	2004
brca_tcga_gdc	TCGA-A2-A0EQ	TCGA-A2-A0EQ-01	64	6th	Breast	Invasive Breast Carcinoma	Invasive Breast Carcinoma	2053	-23543	NA	71.99921097	0:DiseaseFree	Infiltrating Ductal Carcinoma	NOT HISPANIC OR LATINO	0.3123	C50.9	NO	8500/3	166	BRCA	79.69776609724047	0:LIVING	2192c1db-4718-4254-ba42-3ae7f30ad5a8	63792ecf-4f55-4eb5-bfbc-78accb4f104a	M0	N0 (i-)	Stage IIA	T2	Infiltrating Ductal Carcinoma	Breast	False	False	TCGA-BRCA	Invasive Breast Carcinoma	released	BLACK OR AFRICAN AMERICAN	1	Primary Tumor	1	Female	5.533333333333333	Alive	2004
brca_tcga_gdc	TCGA-A2-A0ER	TCGA-A2-A0ER-01	63	6th	Breast	Invasive Breast Carcinoma	Invasive Breast Carcinoma	1903	-23021	NA	35.04619128	0:DiseaseFree	Infiltrating Ductal Carcinoma	NOT HISPANIC OR LATINO	0.0755	C50.9	NO	8500/3	18	BRCA	74.34296977660972	0:LIVING	7455d832-ad66-40df-85d7-3a7051c4498d	5c703f38-38a5-4543-a964-88cf1d5ba2f1	M0	N1mi	Stage IB	T1c	Infiltrating Ductal Carcinoma	Breast	False	False	TCGA-BRCA	Invasive Breast Carcinoma	released	WHITE	1	Primary Tumor	1	Female	0.6	Alive	2005
brca_tcga_gdc	TCGA-A2-A0ES	TCGA-A2-A0ES-01	52	6th	Breast	Invasive Breast Carcinoma	Invasive Breast Carcinoma	1001	-19160	NA	34.29003518	0:DiseaseFree	Infiltrating Lobular Carcinoma	NOT HISPANIC OR LATINO	0.0071	C50.9	NO	8520/3	9	BRCA	71.94480946123521	0:LIVING	a2934508-3daf-49e2-b14f-ed9b7693f96f	14e1cd4b-0d60-4202-981d-7e1e02a17006	M0	N0 (i-)	Stage IIA	T2	Infiltrating Lobular Carcinoma	Breast	False	False	TCGA-BRCA	Invasive Breast Carcinoma	released	WHITE	1	Primary Tumor	1	Female	0.3	Alive	2008
brca_tcga_gdc	TCGA-A2-A0ET	TCGA-A2-A0ET-01	58	6th	Breast	Invasive Breast Carcinoma	Invasive Breast Carcinoma	807	-21464	NA	31.82430878	0:DiseaseFree	Infiltrating Ductal Carcinoma	NOT HISPANIC OR LATINO	0.5268	C50.9	NO	8500/3	36	BRCA	35.019710906701704	0:LIVING	96f23d8a-be0f-4925-ba00-805dc293414c	a7e04cc7-3f4c-4986-a336-8083e5653754	M0	N2a	Stage IIIA	T2	Infiltrating Ductal Carcinoma	Breast	False	False	TCGA-BRCA	Invasive Breast Carcinoma	released	WHITE	1	Primary Tumor	1	Female	1.2	Alive	2008
brca_tcga_gdc	TCGA-A2-A0EU	TCGA-A2-A0EU-01	79	6th	Breast	Invasive Breast Carcinoma	Invasive Breast Carcinoma	733	-29144	NA	NA	NA	Infiltrating Ductal Carcinoma	NOT HISPANIC OR LATINO	0.5118	C50.9	NO	8500/3	39	BRCA	34.26412614980289	0:LIVING	c0427237-b476-4af4-b664-7bd479922ea5	69dbb2ae-3f19-4c29-9c24-810ae60312f3	M0	N0 (i-)	Stage IA	T1c	Infiltrating Ductal Carcinoma	Breast	False	False	TCGA-BRCA	Invasive Breast Carcinoma	released	WHITE	1	Primary Tumor	1	Female	1.3	Alive	2008
brca_tcga_gdc	TCGA-A2-A0EV	TCGA-A2-A0EV-01	80	6th	Breast	Invasive Breast Carcinoma	Invasive Breast Carcinoma	545	-29285	NA	24.72301673	0:DiseaseFree	Infiltrating Ductal Carcinoma	NOT HISPANIC OR LATINO	0.2380	C50.9	NO	8500/3	52	BRCA	31.800262812089354	0:LIVING	7032ec9c-e96b-4642-a7b6-d0aee7a3add2	bf0f55ac-2f35-4f8b-a1d9-c4e283fc7365	M0	N0 (i-)	Stage IA	T1c	Infiltrating Ductal Carcinoma	Breast	False	False	TCGA-BRCA	Invasive Breast Carcinoma	released	WHITE	1	Primary Tumor	1	Female	1.7333333333333334	Alive	2008
brca_tcga_gdc	TCGA-A2-A0EW	TCGA-A2-A0EW-01	53	6th	Breast	Invasive Breast Carcinoma	Invasive Breast Carcinoma	770	-19413	1884	63.28697768	0:DiseaseFree	Infiltrating Lobular Carcinoma	NOT HISPANIC OR LATINO	0.0705	C50.9	NO	8520/3	15	BRCA	61.892247043363994	1:DECEASED	8d5fe6e8-d2cc-481f-a6a1-9cb6e7982cde	84ff236c-bc58-4797-9a34-da53eb1620dc	M0	N3a	Stage IIIC	T1b	Infiltrating Lobular Carcinoma	Breast	False	False	TCGA-BRCA	Invasive Breast Carcinoma	released	WHITE	1	Primary Tumor	1	Female	0.5	Dead	2008
brca_tcga_gdc	TCGA-A2-A0EX	TCGA-A2-A0EX-01	46	6th	Breast	Invasive Breast Carcinoma	Invasive Breast Carcinoma	550	-16858	NA	99.18795411	0:DiseaseFree	Infiltrating Lobular Carcinoma	NOT HISPANIC OR LATINO	0.0996	C50.9	NO	8520/3	22	BRCA	24.704336399474375	0:LIVING	9d8702e1-1a36-4bca-85ab-5f11d58d7953	c8e05740-9d67-4e06-a30f-4298b6523a5a	M0	N0 (i+)	Stage IIB	T3	Infiltrating Lobular Carcinoma	Breast	False	False	TCGA-BRCA	Invasive Breast Carcinoma	released	WHITE	1	Primary Tumor	1	Female	0.7333333333333333	Alive	2009
brca_tcga_gdc	TCGA-A2-A0EY	TCGA-A2-A0EY-01	62	6th	Breast	Invasive Breast Carcinoma	Invasive Breast Carcinoma	485	-22872	NA	54.64049709	0:DiseaseFree	Infiltrating Ductal Carcinoma	NOT HISPANIC OR LATINO	0.6464	C50.9	NO	8500/3	155	BRCA	63.23915900131406	0:LIVING	d67cd793-2931-429a-9084-2f3c4c8be7ad	2a3e4dbb-aaff-4b14-bbed-f2d7cf0f8fa3	M0	N1a	Stage IIB	T2	Infiltrating Ductal Carcinoma	Breast	False	False	TCGA-BRCA	Invasive Breast Carcinoma	released	WHITE	1	Primary Tumor	1	Female	5.166666666666667	Alive	2009
brca_tcga_gdc	TCGA-A2-A0ST	TCGA-A2-A0ST-01	62	6th	Breast	Invasive Breast Carcinoma	Invasive Breast Carcinoma	2619	-22922	NA	NA	NA	Infiltrating Ductal Carcinoma	NOT HISPANIC OR LATINO	0.0114	C50.9	NO	8500/3	9	BRCA	99.11300919842313	0:LIVING	12d31787-e54d-4729-ace8-9141043c92b8	8da89b04-df25-4ed7-9d9a-e6c9478784e7	M0	N1a	Stage IIA	T1c	Infiltrating Ductal Carcinoma	Breast	False	False	TCGA-BRCA	Invasive Breast Carcinoma	released	WHITE	1	Primary Tumor	1	Female	0.3	Alive	2003
brca_tcga_gdc	TCGA-A2-A0SU	TCGA-A2-A0SU-01	66	NA	Breast	Invasive Breast Carcinoma	Invasive Breast Carcinoma	1352	-24219	NA	NA	NA	Infiltrating Ductal Carcinoma	NOT HISPANIC OR LATINO	0.1180	C50.9	NO	8500/3	25	BRCA	54.59921156373193	0:LIVING	c632675e-e8af-43cd-8744-5be3754c1c14	46b0a695-f283-4623-a78b-954753e8ee62	M0	N0 (i+)	Stage IIA	T2	Infiltrating Ductal Carcinoma	Breast	False	False	TCGA-BRCA	Invasive Breast Carcinoma	released	WHITE	1	Primary Tumor	1	Female	0.8333333333333334	Alive	2006
brca_tcga_gdc	TCGA-A2-A0SV	TCGA-A2-A0SV-01	63	6th	Breast	Invasive Breast Carcinoma	Invasive Breast Carcinoma	NA	-23126	825	40.73380018	1:Recurred/Progressed	Infiltrating Ductal Carcinoma	NOT HISPANIC OR LATINO	0.3523	C50.9	NO	8500/3	26	BRCA	27.102496714848883	1:DECEASED	ad01259b-d858-40bc-a6ba-0bb06e996afb	7909743a-2bde-48c3-8254-3fbd57ac2e33	M1	N2a	Stage IV	T2	Infiltrating Ductal Carcinoma	Breast	False	False	TCGA-BRCA	Invasive Breast Carcinoma	released	WHITE	1	Primary Tumor	1	Female	0.8666666666666667	Dead	2006
brca_tcga_gdc	TCGA-A2-A0SW	TCGA-A2-A0SW-01	82	NA	Breast	Invasive Breast Carcinoma	Invasive Breast Carcinoma	NA	-30085	1365	44.2844462	0:DiseaseFree	Infiltrating Ductal Carcinoma	NOT HISPANIC OR LATINO	0.4583	C50.9	NO	8500/3	45	BRCA	44.842312746386334	1:DECEASED	991e1427-3c01-423d-abfd-4584302ca72c	9113cf96-0feb-4e13-b1d5-0ddd12c2cab7	M1	N2	Stage IV	T2	Infiltrating Ductal Carcinoma	Breast	False	False	TCGA-BRCA	Invasive Breast Carcinoma	released	WHITE	1	Primary Tumor	1	Female	1.5	Dead	2006
brca_tcga_gdc	TCGA-A2-A0SX	TCGA-A2-A0SX-01	48	6th	Breast	Invasive Breast Carcinoma	Invasive Breast Carcinoma	1288	-17774	NA	17.52309564	0:DiseaseFree	Infiltrating Ductal Carcinoma	NOT HISPANIC OR LATINO	0.3545	C50.9	NO	8500/3	23	BRCA	50.39421813403416	0:LIVING	18d35983-ea6a-4b70-a209-9bef37595956	c0819744-0dad-4597-b9ac-9117497418a8	M0	N0 (i-)	Stage IA	T1c	Infiltrating Ductal Carcinoma	Breast	False	False	TCGA-BRCA	Invasive Breast Carcinoma	released	WHITE	1	Primary Tumor	1	Female	0.7666666666666667	Alive	2007
brca_tcga_gdc	TCGA-A2-A0SY	TCGA-A2-A0SY-01	62	NA	Breast	Invasive Breast Carcinoma	Invasive Breast Carcinoma	1154	-22928	NA	17.12857941	0:DiseaseFree	Infiltrating Lobular Carcinoma	NOT HISPANIC OR LATINO	0.1007	C50.9	NO	8520/3	103	BRCA	44.250985545335084	0:LIVING	dc696e3c-f448-468f-a576-f4429be0338a	759a1619-0432-4988-8a6f-5a0ef0956f87	M0	N1	Stage IIIA	T3	Infiltrating Lobular Carcinoma	Breast	False	False	TCGA-BRCA	Invasive Breast Carcinoma	released	WHITE	1	Primary Tumor	1	Female	3.433333333333333	Alive	2007
brca_tcga_gdc	TCGA-A2-A0T0	TCGA-A2-A0T0-01	59	6th	Breast	Invasive Breast Carcinoma	Invasive Breast Carcinoma	337	-21575	NA	NA	NA	Infiltrating Ductal Carcinoma	NOT HISPANIC OR LATINO	0.4540	C50.9	NO	8500/3	148	BRCA	17.509855453350852	0:LIVING	95c53f69-0f05-4348-822a-571f3d757001	e240d339-c042-42dc-b97a-d1effcac44b7	M0	N1	Stage IIB	T2	Infiltrating Ductal Carcinoma	Breast	False	False	TCGA-BRCA	Invasive Breast Carcinoma	released	WHITE	1	Primary Tumor	1	Female	4.933333333333334	Alive	2009
brca_tcga_gdc	TCGA-A2-A0T1	TCGA-A2-A0T1-01	55	NA	Breast	Invasive Breast Carcinoma	Invasive Breast Carcinoma	323	-20227	NA	49.84054969	0:DiseaseFree	Infiltrating Ductal Carcinoma	NOT HISPANIC OR LATINO	0.0855	C50.9	NO	8500/3	22	BRCA	17.115637319316686	0:LIVING	02bed00f-bef7-4fb7-b243-540354990e45	c90925f3-2126-478f-b0d4-f3b2c50cfbf9	M0	N3	Stage IIIC	T3	Infiltrating Ductal Carcinoma	Breast	False	False	TCGA-BRCA	Invasive Breast Carcinoma	released	AMERICAN INDIAN OR ALASKA NATIVE	1	Primary Tumor	1	Female	0.7333333333333333	Alive	2009
brca_tcga_gdc	TCGA-A2-A0T2	TCGA-A2-A0T2-01	66	NA	Breast	Invasive Breast Carcinoma	Invasive Breast Carcinoma	NA	-24235	255	20.51484367	0:DiseaseFree	Infiltrating Ductal Carcinoma	NOT HISPANIC OR LATINO	0.9465	C50.9	NO	8500/3	23	BRCA	8.377135348226018	1:DECEASED	128d198e-9b22-427c-90db-3714455f3a17	eeb8b594-1bba-4af3-be80-682e261965b4	M1	N3	Stage IV	T3	Infiltrating Ductal Carcinoma	Breast	False	False	TCGA-BRCA	Invasive Breast Carcinoma	released	WHITE	1	Primary Tumor	1	Female	0.7666666666666667	Dead	2009
brca_tcga_gdc	TCGA-A2-A0T3	TCGA-A2-A0T3-01	37	7th	Breast	Invasive Breast Carcinoma	Invasive Breast Carcinoma	456	-13680	NA	17.45734293	0:DiseaseFree	Infiltrating Ductal Carcinoma	NOT HISPANIC OR LATINO	0.5393	C50.9	NO	8500/3	26	BRCA	49.80289093298291	0:LIVING	058dcb78-bed1-40c3-a6c2-a0cc40065531	78f8b01e-292f-4131-a3ef-4f9faec7913a	M0	N1mi	Stage IB	T1c	Infiltrating Ductal Carcinoma	Breast	False	False	TCGA-BRCA	Invasive Breast Carcinoma	released	WHITE	1	Primary Tumor	1	Female	0.9	Alive	2009
brca_tcga_gdc	TCGA-A2-A0T4	TCGA-A2-A0T4-01	62	NA	Breast	Invasive Breast Carcinoma	Invasive Breast Carcinoma	395	-22849	NA	18.90390242	0:DiseaseFree	Infiltrating Lobular Carcinoma	NOT HISPANIC OR LATINO	0.2273	C50.9	NO	8520/3	27	BRCA	20.49934296977661	0:LIVING	b0f8d698-a30e-4d8d-b0a2-a5a01fac8406	36ccb542-78a6-4960-8d49-fa02e08fd36f	M0	N0 (i-)	Stage IIA	T2	Infiltrating Lobular Carcinoma	Breast	False	False	TCGA-BRCA	Invasive Breast Carcinoma	released	WHITE	1	Primary Tumor	1	Female	0.9	Alive	2009
brca_tcga_gdc	TCGA-A2-A0T5	TCGA-A2-A0T5-01	39	NA	Breast	Invasive Breast Carcinoma	Invasive Breast Carcinoma	321	-14503	NA	20.74497814	0:DiseaseFree	Infiltrating Ductal Carcinoma	NOT HISPANIC OR LATINO	0.1114	C50.9	NO	8500/3	15	BRCA	17.444152431011826	0:LIVING	36d77496-99f8-4911-ba7c-89fae32662aa	bbf837cc-d336-45bc-9024-a018a667f8ec	M0	N0 (i-)	Stage IIA	T2	Infiltrating Ductal Carcinoma	Breast	False	False	TCGA-BRCA	Invasive Breast Carcinoma	released	WHITE	1	Primary Tumor	1	Female	0.5	Alive	2009
brca_tcga_gdc	TCGA-A2-A0T6	TCGA-A2-A0T6-01	50	NA	Breast	Invasive Breast Carcinoma	Invasive Breast Carcinoma	344	-18334	NA	NA	NA	Infiltrating Lobular Carcinoma	NOT HISPANIC OR LATINO	0.1207	C50.9	NO	8520/3	15	BRCA	18.889618922470433	0:LIVING	08306ede-e74b-4be9-b768-7fd98647b6ac	f05204c8-8301-4117-b826-b5fa194d28d2	M0	N0 (i-)	Stage IIB	T3	Infiltrating Lobular Carcinoma	Breast	False	False	TCGA-BRCA	Invasive Breast Carcinoma	released	WHITE	1	Primary Tumor	1	Female	0.5	Alive	2009
brca_tcga_gdc	TCGA-A2-A0T7	TCGA-A2-A0T7-01	51	NA	Breast	Invasive Breast Carcinoma	Invasive Breast Carcinoma	397	-18756	NA	25.28191472	0:DiseaseFree	Infiltrating Ductal Carcinoma	NOT HISPANIC OR LATINO	0.3431	C50.9	NO	8500/3	17	BRCA	20.729303547963205	0:LIVING	43d5632e-7272-4aad-9496-7f5a99671223	dd8ebcff-9598-45db-b762-7ef446159e52	M0	N0 (i+)	Stage IIA	T2	Infiltrating Ductal Carcinoma	Breast	False	False	TCGA-BRCA	Invasive Breast Carcinoma	released	WHITE	1	Primary Tumor	1	Female	0.5666666666666667	Alive	2009
brca_tcga_gdc	TCGA-A2-A0YC	TCGA-A2-A0YC-01	59	NA	Breast	Invasive Breast Carcinoma	Invasive Breast Carcinoma	644	-21685	NA	18.21349903	0:DiseaseFree	Infiltrating Ductal Carcinoma	NOT HISPANIC OR LATINO	0.1145	C50.9	NO	8500/3	20	BRCA	32.52299605781866	0:LIVING	a1872011-b928-4189-ac02-e87506c20bca	00d38274-8ed5-46af-9a69-91d968a050ab	M0	N1mi	Stage IIB	T2	Infiltrating Ductal Carcinoma	Breast	False	False	TCGA-BRCA	Invasive Breast Carcinoma	released	WHITE	1	Primary Tumor	1	Female	0.6666666666666666	Alive	2008
brca_tcga_gdc	TCGA-A2-A0YD	TCGA-A2-A0YD-01	63	NA	Breast	Invasive Breast Carcinoma	Invasive Breast Carcinoma	550	-23021	NA	50.46520038	0:DiseaseFree	Infiltrating Lobular Carcinoma	NOT HISPANIC OR LATINO	0.0951	C50.9	NO	8520/3	43	BRCA	25.26281208935611	0:LIVING	2c6adb12-380d-4710-a7e6-93d5a0e53289	08add75d-f706-458a-a6a8-41da7e07af19	M0	N0 (i+)	Stage IIB	T3	Infiltrating Lobular Carcinoma	Breast	False	False	TCGA-BRCA	Invasive Breast Carcinoma	released	WHITE	1	Primary Tumor	1	Female	1.4333333333333333	Alive	2009
brca_tcga_gdc	TCGA-A2-A0YE	TCGA-A2-A0YE-01	48	NA	Breast	Invasive Breast Carcinoma	Invasive Breast Carcinoma	253	-17727	NA	21.89565046	0:DiseaseFree	Infiltrating Ductal Carcinoma	NOT HISPANIC OR LATINO	0.7715	C50.9	NO	8500/3	22	BRCA	18.199737187910642	0:LIVING	84a88e8d-1e65-4b88-aae6-bf4c7a7e4c33	c8426c95-e975-4a7e-9943-f5c513dd95ef	M0	N1a	Stage IIB	T2	Infiltrating Ductal Carcinoma	Breast	False	False	TCGA-BRCA	Invasive Breast Carcinoma	released	WHITE	1	Primary Tumor	1	Female	0.7333333333333333	Alive	2010
brca_tcga_gdc	TCGA-A2-A0YF	TCGA-A2-A0YF-01	67	6th	Breast	Invasive Breast Carcinoma	Invasive Breast Carcinoma	289	-24660	NA	21.66551599	0:DiseaseFree	Infiltrating Ductal Carcinoma	NOT HISPANIC OR LATINO	0.1357	C50.9	NO	8500/3	17	BRCA	50.42706964520368	0:LIVING	ae8c77fe-e6c8-44d5-8265-4a38c637bbef	2b721ce6-b620-4216-9846-c82543880bb3	M0	N0 (i+)	Stage I	T1b	Infiltrating Ductal Carcinoma	Breast	False	False	TCGA-BRCA	Invasive Breast Carcinoma	released	BLACK OR AFRICAN AMERICAN	1	Primary Tumor	1	Female	0.5666666666666667	Alive	2009
brca_tcga_gdc	TCGA-A2-A0YG	TCGA-A2-A0YG-01	63	NA	Breast	Invasive Breast Carcinoma	Invasive Breast Carcinoma	404	-23058	NA	49.47890982	0:DiseaseFree	Infiltrating Ductal Carcinoma	NOT HISPANIC OR LATINO	0.3547	C50.9	NO	8500/3	43	BRCA	21.879106438896187	0:LIVING	c0892598-1f7b-4f23-9cd8-731f797753d5	5006c942-bc9a-41cb-8674-2341b4e66230	M0	N3a	Stage IIIC	T2	Infiltrating Ductal Carcinoma	Breast	False	False	TCGA-BRCA	Invasive Breast Carcinoma	released	WHITE	1	Primary Tumor	1	Female	1.4333333333333333	Alive	2009
brca_tcga_gdc	TCGA-A2-A0YH	TCGA-A2-A0YH-01	53	NA	Breast	Invasive Breast Carcinoma	Invasive Breast Carcinoma	379	-19596	NA	18.37788079	1:Recurred/Progressed	Infiltrating Ductal Carcinoma	NOT HISPANIC OR LATINO	0.3482	C50.9	NO	8500/3	65	BRCA	21.64914586070959	0:LIVING	298d33da-15af-48cb-b30f-eaf54e7baa43	835ef481-0c0c-4621-9111-e23d63ca9d7c	M0	N2a	Stage IIIA	T2	Infiltrating Ductal Carcinoma	Breast	False	False	TCGA-BRCA	Invasive Breast Carcinoma	released	WHITE	1	Primary Tumor	1	Female	2.1666666666666665	Alive	2009
brca_tcga_gdc	TCGA-A2-A0YI	TCGA-A2-A0YI-01	62	6th	Breast	Invasive Breast Carcinoma	Invasive Breast Carcinoma	358	-22961	NA	NA	NA	Infiltrating Ductal Carcinoma	NOT HISPANIC OR LATINO	0.1865	C50.9	NO	8522/3	11	BRCA	49.44152431011826	0:LIVING	72cd1b17-d349-4551-83f7-3062ce9db865	f549267b-0932-45f0-b7e6-c4a42cac50c8	M0	N0 (i+)	Stage I	T1c	Infiltrating Ductal Carcinoma	Breast	False	False	TCGA-BRCA	Invasive Breast Carcinoma	released	WHITE	1	Primary Tumor	1	Female	0.36666666666666664	Alive	2009
brca_tcga_gdc	TCGA-A2-A0YJ	TCGA-A2-A0YJ-01	39	NA	Breast	Invasive Breast Carcinoma	Invasive Breast Carcinoma	326	-14448	NA	48.45974291	0:DiseaseFree	Infiltrating Ductal Carcinoma	NOT HISPANIC OR LATINO	0.5391	C50.9	NO	8500/3	65	BRCA	18.593955321944808	0:LIVING	796b593f-5886-4a27-bf94-7ea8df325e1a	3c70741c-621e-434d-b98e-6561d05a1b4b	M0	N2a	Stage IIIA	T3	Infiltrating Ductal Carcinoma	Breast	False	False	TCGA-BRCA	Invasive Breast Carcinoma	released	WHITE	1	Primary Tumor	1	Female	2.1666666666666665	Alive	2010
brca_tcga_gdc	TCGA-A2-A0YK	TCGA-A2-A0YK-01	61	NA	Breast	Invasive Breast Carcinoma	Invasive Breast Carcinoma	334	-22625	NA	31.72567972	0:DiseaseFree	Infiltrating Lobular Carcinoma	NOT HISPANIC OR LATINO	0.1597	C50.9	NO	8520/3	268	BRCA	19.316688567674113	0:LIVING	8f34cb4c-5798-47a0-89a1-f0ee26a8ae93	35276e2e-eb29-47be-88ab-3822b82153ea	M0	N0 (i-)	Stage IIA	T2	Infiltrating Lobular Carcinoma	Breast	False	False	TCGA-BRCA	Invasive Breast Carcinoma	released	WHITE	1	Primary Tumor	1	Female	8.966666666666667	Alive	2009
brca_tcga_gdc	TCGA-A2-A0YL	TCGA-A2-A0YL-01	48	NA	Breast	Invasive Breast Carcinoma	Invasive Breast Carcinoma	268	-17702	NA	23.76960253	0:DiseaseFree	Infiltrating Lobular Carcinoma	NOT HISPANIC OR LATINO	0.1043	C50.9	NO	8520/3	22	BRCA	48.42312746386334	0:LIVING	b205c89f-af62-4186-acad-ed23d243fa98	905c8468-92b3-4e58-8445-6692775c7fde	M0	N2a	Stage IIIA	T3	Infiltrating Lobular Carcinoma	Breast	False	False	TCGA-BRCA	Invasive Breast Carcinoma	released	WHITE	1	Primary Tumor	1	Female	0.7333333333333333	Alive	2010
brca_tcga_gdc	TCGA-A2-A0YM	TCGA-A2-A0YM-01	67	NA	Breast	Invasive Breast Carcinoma	Invasive Breast Carcinoma	662	-24831	NA	23.47371536	0:DiseaseFree	Infiltrating Ductal Carcinoma	NOT HISPANIC OR LATINO	0.4337	C50.9	NO	8500/3	58	BRCA	31.701708278580814	0:LIVING	5cbf0aea-ebb4-4005-bdd5-14ef2dc6826c	27ac43e4-c348-4f83-97f5-cc0f4a87b670	M0	N0 (i-)	Stage IIA	T2	Infiltrating Ductal Carcinoma	Breast	False	False	TCGA-BRCA	Invasive Breast Carcinoma	released	WHITE	1	Primary Tumor	1	Female	1.9333333333333333	Alive	2008
brca_tcga_gdc	TCGA-A2-A0YT	TCGA-A2-A0YT-01	56	NA	Breast	Invasive Breast Carcinoma	Invasive Breast Carcinoma	NA	-20482	723	17.35871388	0:DiseaseFree	Infiltrating Ductal Carcinoma	NOT HISPANIC OR LATINO	0.5332	C50.9	NO	8500/3	47	BRCA	23.751642575558474	1:DECEASED	14b95463-2108-4921-afc2-e29eef52b18f	0fcd1ba3-8461-4533-9952-2831daf6a4db	M0	N2a	Stage IIIB	T4b	Infiltrating Ductal Carcinoma	Breast	False	True	TCGA-BRCA	Invasive Breast Carcinoma	released	WHITE	1	Primary Tumor	1	Female	1.5666666666666667	Dead	2008
brca_tcga_gdc	TCGA-A2-A1FV	TCGA-A2-A1FV-01	74	7th	Breast	Invasive Breast Carcinoma	Invasive Breast Carcinoma	461	-27287	NA	60.72262222	0:DiseaseFree	Infiltrating Lobular Carcinoma	NOT HISPANIC OR LATINO	0.3976	C50.9	NO	8520/3	30	BRCA	23.45597897503285	0:LIVING	cd0c96a4-6414-4efb-879b-7408b62ed5b6	1624f434-259b-4782-afe1-7ac3d13d7807	M0	N0 (i+)	Stage IIB	T3	Infiltrating Lobular Carcinoma	Breast	False	False	TCGA-BRCA	Invasive Breast Carcinoma	released	WHITE	1	Primary Tumor	1	Female	1.0	Alive	2010
brca_tcga_gdc	TCGA-A2-A1FW	TCGA-A2-A1FW-01	62	7th	Breast	Invasive Breast Carcinoma	Invasive Breast Carcinoma	221	-22779	NA	22.45454844	0:DiseaseFree	Infiltrating Ductal Carcinoma	NOT HISPANIC OR LATINO	0.4282	C50.9	NO	8500/3	51	BRCA	17.345597897503286	0:LIVING	54883111-d475-4515-ba3f-fece8a71e79e	0dfe13f0-e1f5-4f7e-95b5-e88f9d9e920a	M0	N2a	Stage IIIA	T3	Infiltrating Ductal Carcinoma	Breast	False	False	TCGA-BRCA	Invasive Breast Carcinoma	released	WHITE	1	Primary Tumor	1	Female	1.7	Alive	2010
brca_tcga_gdc	TCGA-A2-A1FX	TCGA-A2-A1FX-01	61	6th	Breast	Invasive Breast Carcinoma	Invasive Breast Carcinoma	935	-22344	NA	20.25183286	0:DiseaseFree	Infiltrating Ductal Carcinoma	NOT HISPANIC OR LATINO	0.4161	C50.9	NO	8500/3	22	BRCA	60.67674113009198	0:LIVING	ac6d3ba9-f84f-4657-aa85-4d66fb7c09da	71e87611-903b-4b9d-a506-87e58914dc81	M0	N2a	Stage IIIA	T3	Infiltrating Ductal Carcinoma	Breast	False	False	TCGA-BRCA	Invasive Breast Carcinoma	released	WHITE	1	Primary Tumor	1	Female	0.7333333333333333	Alive	2008
brca_tcga_gdc	TCGA-A2-A1FZ	TCGA-A2-A1FZ-01	63	7th	Breast	Invasive Breast Carcinoma	Invasive Breast Carcinoma	410	-23055	NA	19.19978959	0:DiseaseFree	Infiltrating Ductal Carcinoma	NOT HISPANIC OR LATINO	0.1023	C50.9	NO	8500/3	21	BRCA	22.437582128777922	0:LIVING	805bfe39-3695-43c2-93e4-d66d0559b89f	d5d86fc3-a720-43b7-8125-160f3af04de0	M0	N0 (i-)	Stage IIA	T2	Infiltrating Ductal Carcinoma	Breast	False	False	TCGA-BRCA	Invasive Breast Carcinoma	released	WHITE	1	Primary Tumor	1	Female	0.7	Alive	2010
brca_tcga_gdc	TCGA-A2-A1G0	TCGA-A2-A1G0-01	49	7th	Breast	Invasive Breast Carcinoma	Invasive Breast Carcinoma	380	-18002	NA	19.56142946	0:DiseaseFree	Other, specify	NOT HISPANIC OR LATINO	0.2082	C50.9	NO	8500/3	18	BRCA	20.2365308804205	0:LIVING	2e538802-2a31-4774-89a8-c6e4381a887d	3596c171-86d4-48ae-80a5-847c874d4860	M0	N1a	Stage IIB	T2	Other, specify	Breast	False	False	TCGA-BRCA	Invasive Breast Carcinoma	released	WHITE	1	Primary Tumor	1	Female	0.6	Alive	2010
brca_tcga_gdc	TCGA-A2-A1G1	TCGA-A2-A1G1-01	85	7th	Breast	Invasive Breast Carcinoma	Invasive Breast Carcinoma	371	-31223	NA	16.47105237	0:DiseaseFree	Infiltrating Ductal Carcinoma	NOT HISPANIC OR LATINO	0.1352	C50.9	NO	8500/3	25	BRCA	19.185282522996058	0:LIVING	75b5529b-565a-4eba-918a-910b2f441d32	159debac-79e0-4727-940c-020e120f8347	M0	N1	Stage IIB	T2	Infiltrating Ductal Carcinoma	Breast	False	False	TCGA-BRCA	Invasive Breast Carcinoma	released	WHITE	1	Primary Tumor	1	Female	0.8	Alive	2010
brca_tcga_gdc	TCGA-A2-A1G4	TCGA-A2-A1G4-01	71	7th	Breast	Invasive Breast Carcinoma	Invasive Breast Carcinoma	372	-25966	NA	NA	NA	Infiltrating Ductal Carcinoma	NOT HISPANIC OR LATINO	0.1508	C50.9	NO	8500/3	22	BRCA	19.54664914586071	0:LIVING	e3b555aa-7f0a-49c6-9b13-182c61a144c1	81243c1f-affa-4985-ba0e-1f19db52db73	M0	N1a	Stage IIIA	T3	Infiltrating Ductal Carcinoma	Breast	True	False	TCGA-BRCA	Invasive Breast Carcinoma	released	WHITE	1	Primary Tumor	1	Female	0.7333333333333333	Alive	2010
brca_tcga_gdc	TCGA-A2-A1G6	TCGA-A2-A1G6-01	50	7th	Breast	Invasive Breast Carcinoma	Invasive Breast Carcinoma	132	-18514	NA	107.7029293	0:DiseaseFree	Infiltrating Ductal Carcinoma	NOT HISPANIC OR LATINO	0.0001	C50.9	NO	8500/3	7	BRCA	16.45860709592641	0:LIVING	295cf595-4a29-46a3-a0c5-e5f08f947031	e957973b-0b41-484f-9f16-a112bed3107e	M0	N2a	Stage IIIA	T2	Infiltrating Ductal Carcinoma	Breast	False	False	TCGA-BRCA	Invasive Breast Carcinoma	released	WHITE	1	Primary Tumor	1	Female	0.23333333333333334	Alive	2010
brca_tcga_gdc	TCGA-A2-A259	TCGA-A2-A259-01	70	6th	Breast	Invasive Breast Carcinoma	Invasive Breast Carcinoma	1286	-25666	NA	NA	NA	Infiltrating Ductal Carcinoma	NOT HISPANIC OR LATINO	0.1072	C50.9	NO	8500/3	21	BRCA	52.43101182654402	0:LIVING	3fc3755d-a3f8-4e2c-813f-ff124f2a75c1	eb2de640-6c2a-4c8a-87c3-80f9fbdc3d9b	M0	N0 (i-)	Stage I	T1c	Infiltrating Ductal Carcinoma	Breast	False	False	TCGA-BRCA	Invasive Breast Carcinoma	released	BLACK OR AFRICAN AMERICAN	1	Primary Tumor	1	Female	0.7	Alive	2007
brca_tcga_gdc	TCGA-A2-A25A	TCGA-A2-A25A-01	44	6th	Breast	Invasive Breast Carcinoma	Invasive Breast Carcinoma	2968	-16084	NA	17.19433212	0:DiseaseFree	Infiltrating Lobular Carcinoma	NOT HISPANIC OR LATINO	0.1155	C50.9	NO	8520/3	215	BRCA	107.62155059132719	0:LIVING	aaea5f9c-b35b-47f8-93cb-bdc7b81844ff	57e65074-4dc7-4f55-9638-8d123702305c	M0	N0 (i-)	Stage IIA	T2	Infiltrating Lobular Carcinoma	Breast	True	False	TCGA-BRCA	Invasive Breast Carcinoma	released	WHITE	1	Primary Tumor	1	Female	7.166666666666667	Alive	2003
brca_tcga_gdc	TCGA-A2-A25B	TCGA-A2-A25B-01	39	7th	Breast	Invasive Breast Carcinoma	Invasive Breast Carcinoma	258	-14454	NA	NA	NA	Infiltrating Ductal Carcinoma	NOT HISPANIC OR LATINO	0.4459	C50.9	NO	8500/3	77	BRCA	42.41130091984231	0:LIVING	eadf8482-e60e-4307-adb7-d5c3b9fa6cae	2c619641-7849-4837-ab92-0da80342b3e9	M0	N1	Stage IIB	T2	Infiltrating Ductal Carcinoma	Breast	False	False	TCGA-BRCA	Invasive Breast Carcinoma	released	BLACK OR AFRICAN AMERICAN	1	Primary Tumor	1	Female	2.566666666666667	Alive	2010
brca_tcga_gdc	TCGA-A2-A25C	TCGA-A2-A25C-01	50	7th	Breast	Invasive Breast Carcinoma	Invasive Breast Carcinoma	285	-18508	NA	98.26741625	1:Recurred/Progressed	Infiltrating Ductal Carcinoma	NOT HISPANIC OR LATINO	0.3274	C50.9	NO	8500/3	25	BRCA	17.181340341655716	0:LIVING	7aedb46a-48ec-4e0e-8baa-c9ea4c4a7cf1	9d657232-b6b4-4100-833c-5f94059a9ba7	M0	N1a	Stage IIB	T2	Infiltrating Ductal Carcinoma	Breast	False	False	TCGA-BRCA	Invasive Breast Carcinoma	released	WHITE	1	Primary Tumor	1	Female	0.8333333333333334	Alive	2010
brca_tcga_gdc	TCGA-A2-A25D	TCGA-A2-A25D-01	89	7th	Breast	Invasive Breast Carcinoma	Invasive Breast Carcinoma	0	-32872	NA	10.58618536	0:DiseaseFree	Infiltrating Lobular Carcinoma	NOT HISPANIC OR LATINO	0.2298	C50.9	NO	8520/3	40	BRCA	0.0	0:LIVING	3b963d72-ba5c-467b-83c9-fbdb462510a3	eda0ff5c-84cf-44cb-888f-0aab17441dfa	M0	N3a	Stage IIIC	T2	Infiltrating Lobular Carcinoma	Breast	False	False	TCGA-BRCA	Invasive Breast Carcinoma	released	WHITE	1	Primary Tumor	1	Female	1.3333333333333333	Alive	2010
brca_tcga_gdc	TCGA-A2-A25E	TCGA-A2-A25E-01	34	6th	Breast	Invasive Breast Carcinoma	Invasive Breast Carcinoma	2511	-12601	NA	36.22973995	0:DiseaseFree	Infiltrating Ductal Carcinoma	NOT HISPANIC OR LATINO	0.3410	C50.9	NO	8500/3	51	BRCA	105.2562417871222	0:LIVING	ba89cb4f-cd63-47b1-9550-76fdaff89f2e	8da9c00e-1ec3-4657-9511-a2a00b8961cb	M0	N2a	Stage IIIA	T2	Infiltrating Ductal Carcinoma	Breast	False	False	TCGA-BRCA	Invasive Breast Carcinoma	released	BLACK OR AFRICAN AMERICAN	1	Primary Tumor	1	Female	1.7	Alive	2004
brca_tcga_gdc	TCGA-A2-A25F	TCGA-A2-A25F-01	66	7th	Breast	Invasive Breast Carcinoma	Invasive Breast Carcinoma	114	-24319	NA	NA	NA	Infiltrating Ductal Carcinoma	NOT HISPANIC OR LATINO	0.0029	C50.9	NO	8500/3	1	BRCA	10.578186596583443	0:LIVING	c836951b-3ffb-4e20-8504-0eccb7d50dd4	d8b4969f-428d-4bf3-bbd8-883c72e8a934	M0	N0 (i-)	Stage IIA	T2	Infiltrating Ductal Carcinoma	Breast	False	False	TCGA-BRCA	Invasive Breast Carcinoma	released	WHITE	1	Primary Tumor	1	Female	0.03333333333333333	Alive	2011
brca_tcga_gdc	TCGA-A2-A3KC	TCGA-A2-A3KC-01	55	7th	Breast	Invasive Breast Carcinoma	Invasive Breast Carcinoma	363	-20401	NA	22.42167209	1:Recurred/Progressed	Infiltrating Lobular Carcinoma	NOT HISPANIC OR LATINO	0.1396	C50.9	NO	8520/3	NA	BRCA	36.202365308804204	0:LIVING	2d29a4ac-98e7-4663-9dd6-5681bc32ac2e	8318a9a4-e78e-4db8-97c7-2cc733d0c512	M0	N1a	Stage IIB	T2	Infiltrating Lobular Carcinoma	Breast	False	False	TCGA-BRCA	Invasive Breast Carcinoma	released	BLACK OR AFRICAN AMERICAN	1	Primary Tumor	1	Female	NA	Alive	2011
brca_tcga_gdc	TCGA-A2-A3KD	TCGA-A2-A3KD-01	47	7th	Breast	Invasive Breast Carcinoma	Invasive Breast Carcinoma	804	-17372	NA	91.06749515	0:DiseaseFree	Mucinous Carcinoma	NOT HISPANIC OR LATINO	0.2021	C50.9	NO	8480/3	7	BRCA	39.61892247043364	0:LIVING	bb026999-0aab-4232-96d7-2c93b6c9691d	401d075c-d443-4592-8c03-e675caad2b50	M0	N1mi	Stage IIIA	T3	Mucinous Carcinoma	Breast	False	False	TCGA-BRCA	Invasive Breast Carcinoma	released	WHITE	1	Primary Tumor	1	Female	0.23333333333333334	Alive	2010
brca_tcga_gdc	TCGA-A2-A3XS	TCGA-A2-A3XS-01	62	6th	Breast	Invasive Breast Carcinoma	Invasive Breast Carcinoma	NA	-23000	1032	18.87102607	1:Recurred/Progressed	Infiltrating Ductal Carcinoma	NOT HISPANIC OR LATINO	0.5562	C50.9	NO	8500/3	NA	BRCA	33.90275952693824	1:DECEASED	a78b04b4-2380-4803-963e-e4e633cd69ab	66e4ecf2-af70-46c8-be47-783e8e3edecd	M0	N2a	Stage IIIA	T1	Infiltrating Ductal Carcinoma	Breast	False	False	TCGA-BRCA	Invasive Breast Carcinoma	released	BLACK OR AFRICAN AMERICAN	1	Primary Tumor	1	Female	NA	Dead	2003
brca_tcga_gdc	TCGA-A2-A3XT	TCGA-A2-A3XT-01	45	6th	Breast	Invasive Breast Carcinoma	Invasive Breast Carcinoma	2238	-16649	NA	32.74484663	0:DiseaseFree	Infiltrating Ductal Carcinoma	NOT HISPANIC OR LATINO	0.4854	C50.9	NO	8500/3	NA	BRCA	90.99868593955321	0:LIVING	c72cb184-462d-4009-9cdb-848782ff8a76	b599719f-f028-45eb-8464-ecf9ad60179f	M0	N1a	Stage IIB	T2	Infiltrating Ductal Carcinoma	Breast	False	False	TCGA-BRCA	Invasive Breast Carcinoma	released	BLACK OR AFRICAN AMERICAN	1	Primary Tumor	1	Female	NA	Alive	2006
brca_tcga_gdc	TCGA-A2-A3XU	TCGA-A2-A3XU-01	35	6th	Breast	Invasive Breast Carcinoma	Invasive Breast Carcinoma	NA	-13046	912	56.28431469	0:DiseaseFree	Infiltrating Ductal Carcinoma	NOT HISPANIC OR LATINO	0.3169	C50.9	NO	8500/3	17	BRCA	29.96057818659658	1:DECEASED	a8e7d8a4-bbf0-496b-b387-8e014cfdcea6	6fae8a0e-a96a-4895-b40d-c1eb491f0f3e	M0	N1mi	Stage IIB	T2	Infiltrating Ductal Carcinoma	Breast	False	False	TCGA-BRCA	Invasive Breast Carcinoma	released	BLACK OR AFRICAN AMERICAN	1	Primary Tumor	1	Female	0.5666666666666667	Dead	2006
brca_tcga_gdc	TCGA-A2-A3XV	TCGA-A2-A3XV-01	46	7th	Breast	Invasive Breast Carcinoma	Invasive Breast Carcinoma	428	-16971	NA	47.30907059	0:DiseaseFree	Infiltrating Ductal Carcinoma	NOT HISPANIC OR LATINO	0.1244	C50.9	NO	8500/3	NA	BRCA	32.72010512483574	0:LIVING	189e1f27-7738-413a-a4d4-97d41d592a13	91d2288c-0d88-4a49-a0e4-0a7d2a95ccc6	M0	N0	Stage IIA	T2	Infiltrating Ductal Carcinoma	Breast	False	False	TCGA-BRCA	Invasive Breast Carcinoma	released	BLACK OR AFRICAN AMERICAN	1	Primary Tumor	1	Female	NA	Alive	2011
brca_tcga_gdc	TCGA-A2-A3XW	TCGA-A2-A3XW-01	42	7th	Breast	Invasive Breast Carcinoma	Invasive Breast Carcinoma	1209	-15670	NA	26.36683434	1:Recurred/Progressed	Infiltrating Ductal Carcinoma	NOT HISPANIC OR LATINO	0.0025	C50.9	NO	8500/3	3	BRCA	56.24178712220762	0:LIVING	c02699b5-580a-4d55-971e-f4692b2cce57	9d306f32-10bf-4ef7-ac97-91dc07d8eb4a	M0	N1a	Stage IIB	T2	Infiltrating Ductal Carcinoma	Breast	False	False	TCGA-BRCA	Invasive Breast Carcinoma	released	BLACK OR AFRICAN AMERICAN	1	Primary Tumor	1	Female	0.1	Alive	2009
brca_tcga_gdc	TCGA-A2-A3XX	TCGA-A2-A3XX-01	49	7th	Breast	Invasive Breast Carcinoma	Invasive Breast Carcinoma	1168	-17981	1439	50.36657133	0:DiseaseFree	Infiltrating Ductal Carcinoma	NOT HISPANIC OR LATINO	0.5738	C50.9	NO	8500/3	NA	BRCA	47.273324572930356	1:DECEASED	53886143-c1c6-40e9-88e6-e4e5e0271fc8	0a1f4a81-38c6-407a-a33b-716a0f9a6b4d	M0	N0	Stage IIA	T2	Infiltrating Ductal Carcinoma	Breast	False	False	TCGA-BRCA	Invasive Breast Carcinoma	released	BLACK OR AFRICAN AMERICAN	1	Primary Tumor	1	Female	NA	Dead	2009
brca_tcga_gdc	TCGA-A2-A3XY	TCGA-A2-A3XY-01	49	7th	Breast	Invasive Breast Carcinoma	Invasive Breast Carcinoma	786	-18059	1093	NA	NA	Infiltrating Ductal Carcinoma	NOT HISPANIC OR LATINO	0.3026	C50.9	NO	8500/3	NA	BRCA	35.90670170827858	1:DECEASED	deba32e4-0e68-4711-941b-3b63bd965afb	da7fe5e0-6ae0-47f0-9b32-fb6b80c4be38	M0	N1a	Stage IIB	T2	Infiltrating Ductal Carcinoma	Breast	False	False	TCGA-BRCA	Invasive Breast Carcinoma	released	BLACK OR AFRICAN AMERICAN	1	Primary Tumor	1	Female	NA	Dead	2010
brca_tcga_gdc	TCGA-A2-A3XZ	TCGA-A2-A3XZ-01	46	6th	Breast	Invasive Breast Carcinoma	Invasive Breast Carcinoma	973	-16978	NA	7.298550153	0:DiseaseFree	Infiltrating Ductal Carcinoma	NOT HISPANIC OR LATINO	0.1618	C50.9	NO	8500/3	NA	BRCA	50.32851511169513	0:LIVING	fe7f74b8-20f4-4471-91dc-4cca8c68e5c0	6b746708-f6ef-45cd-b877-afa1949d1d78	M0	N0	Stage I	T1c	Infiltrating Ductal Carcinoma	Breast	False	False	TCGA-BRCA	Invasive Breast Carcinoma	released	BLACK OR AFRICAN AMERICAN	1	Primary Tumor	1	Female	NA	Alive	2009
brca_tcga_gdc	TCGA-A2-A3Y0	TCGA-A2-A3Y0-01	57	7th	Breast	Invasive Breast Carcinoma	Invasive Breast Carcinoma	859	-21024	NA	24.39425321	0:DiseaseFree	Infiltrating Ductal Carcinoma	NOT HISPANIC OR LATINO	0.4367	C50.9	NO	8500/3	137	BRCA	50.78843626806833	0:LIVING	174850b4-5ec2-462b-a890-89bd1716b3c2	caa2d510-9024-4d7d-b0ef-80fa4be1e2ee	M0	N1a	Stage IIB	T2	Infiltrating Ductal Carcinoma	Breast	False	False	TCGA-BRCA	Invasive Breast Carcinoma	released	BLACK OR AFRICAN AMERICAN	1	Primary Tumor	1	Female	4.566666666666666	Alive	2010
brca_tcga_gdc	TCGA-A2-A4RW	TCGA-A2-A4RW-01	49	7th	Breast	Invasive Breast Carcinoma	Invasive Breast Carcinoma	222	-18060	NA	21.30387612	0:DiseaseFree	Infiltrating Lobular Carcinoma	NOT HISPANIC OR LATINO	0.3464	C50.9	NO	8520/3	89	BRCA	7.293035479632063	0:LIVING	0d146997-cfdc-4587-888c-e876fc455c80	0201cf15-d073-447f-b96e-eca0800b8cff	M0	N3a	Stage IIIC	T2	Infiltrating Lobular Carcinoma	Breast	False	False	TCGA-BRCA	Invasive Breast Carcinoma	released	WHITE	1	Primary Tumor	1	Female	2.966666666666667	Alive	2011
brca_tcga_gdc	TCGA-A2-A4RX	TCGA-A2-A4RX-01	67	7th	Breast	Invasive Breast Carcinoma	Invasive Breast Carcinoma	274	-24779	NA	23.21070454	0:DiseaseFree	Metaplastic Carcinoma	NOT HISPANIC OR LATINO	0.3729	C50.9	NO	8575/3	NA	BRCA	24.375821287779235	0:LIVING	d111c4ab-b39a-4a7c-8d8e-cb342bc10627	5c016b5f-9e0b-4b33-90a0-d8b833de27d3	M0	N0	Stage IIA	T2	Metaplastic Carcinoma	Breast	False	False	TCGA-BRCA	Invasive Breast Carcinoma	released	BLACK OR AFRICAN AMERICAN	1	Primary Tumor	1	Female	NA	Alive	2012
brca_tcga_gdc	TCGA-A2-A4RY	TCGA-A2-A4RY-01	46	7th	Breast	Invasive Breast Carcinoma	Invasive Breast Carcinoma	268	-17157	NA	26.95860867	0:DiseaseFree	Infiltrating Lobular Carcinoma	NOT HISPANIC OR LATINO	0.0039	C50.9	NO	8520/3	NA	BRCA	21.28777923784494	0:LIVING	5a53ec47-e63f-44a2-8078-87659544fb04	6a6b6b80-65c6-413d-94ed-07f13e48d62c	M0	N3a	Stage IIIC	T3	Infiltrating Lobular Carcinoma	Breast	False	False	TCGA-BRCA	Invasive Breast Carcinoma	released	WHITE	1	Primary Tumor	1	Female	NA	Alive	2012
brca_tcga_gdc	TCGA-A2-A4S0	TCGA-A2-A4S0-01	77	7th	Breast	Invasive Breast Carcinoma	Invasive Breast Carcinoma	271	-28416	NA	21.13949436	0:DiseaseFree	Mucinous Carcinoma	NOT HISPANIC OR LATINO	0.0001	C50.9	NO	8480/3	NA	BRCA	23.19316688567674	0:LIVING	a53dd490-e0ba-419a-90c6-b905e241a8e5	74ec0a11-f4f7-4f19-93f9-48674394a885	M0	N0	Stage IIA	T2	Mucinous Carcinoma	Breast	False	False	TCGA-BRCA	Invasive Breast Carcinoma	released	WHITE	1	Primary Tumor	1	Female	NA	Alive	2012
brca_tcga_gdc	TCGA-A2-A4S1	TCGA-A2-A4S1-01	66	7th	Breast	Invasive Breast Carcinoma	Invasive Breast Carcinoma	365	-24353	NA	21.89565046	0:DiseaseFree	Metaplastic Carcinoma	NOT HISPANIC OR LATINO	0.3161	C50.9	NO	8575/3	59	BRCA	26.938239159001313	0:LIVING	843c8f16-5e59-40d4-9ecc-8a75375156f6	817da1b7-e485-496b-b593-2f8422545c6f	M0	N0	Stage IIA	T2	Metaplastic Carcinoma	Breast	False	False	TCGA-BRCA	Invasive Breast Carcinoma	released	WHITE	1	Primary Tumor	1	Female	1.9666666666666666	Alive	2012
brca_tcga_gdc	TCGA-A2-A4S2	TCGA-A2-A4S2-01	62	7th	Breast	Invasive Breast Carcinoma	Invasive Breast Carcinoma	205	-22936	NA	38.30095013	0:DiseaseFree	Infiltrating Lobular Carcinoma	NOT HISPANIC OR LATINO	0.3296	C50.9	NO	8524/3	27	BRCA	21.12352168199737	0:LIVING	9ddc014d-9a8b-407b-845f-452a73f08e5e	e958ea52-21bc-43ce-9a24-72acda04e48d	M0	N2	Stage IIIA	T3	Infiltrating Lobular Carcinoma	Breast	False	False	TCGA-BRCA	Invasive Breast Carcinoma	released	WHITE	1	Primary Tumor	1	Female	0.9	Alive	2012
brca_tcga_gdc	TCGA-A2-A4S3	TCGA-A2-A4S3-01	59	7th	Breast	Invasive Breast Carcinoma	Invasive Breast Carcinoma	104	-21762	NA	35.30920209	0:DiseaseFree	Infiltrating Ductal Carcinoma	NOT HISPANIC OR LATINO	0.4548	C50.9	NO	8500/3	44	BRCA	21.879106438896187	0:LIVING	418c11e8-2670-48d5-bbf5-95b46bff1201	03eb5ba8-0307-49b0-aa05-003007d79107	M0	N1a	Stage IIB	T2	Infiltrating Ductal Carcinoma	Breast	False	False	TCGA-BRCA	Invasive Breast Carcinoma	released	BLACK OR AFRICAN AMERICAN	1	Primary Tumor	1	Female	1.4333333333333333	Alive	2012
brca_tcga_gdc	TCGA-A7-A0CD	TCGA-A7-A0CD-01	66	6th	Breast	Invasive Breast Carcinoma	Invasive Breast Carcinoma	171	-24242	NA	NA	NA	Infiltrating Ductal Carcinoma	NOT HISPANIC OR LATINO	0.5594	C50.9	NO	8500/3	18	BRCA	38.272010512483575	0:LIVING	09765b0a-94f6-47d2-af56-93368084ac3a	69886602-a4f1-4ad4-ba56-a0e031c2e295	M0	N0	Stage I	T1	Infiltrating Ductal Carcinoma	Breast	True	False	TCGA-BRCA	Invasive Breast Carcinoma	released	WHITE	1	Primary Tumor	1	Female	0.6	Alive	2009
brca_tcga_gdc	TCGA-A7-A0CE	TCGA-A7-A0CE-01	57	NA	Breast	Invasive Breast Carcinoma	Invasive Breast Carcinoma	254	-20863	NA	35.47358385	0:DiseaseFree	Infiltrating Ductal Carcinoma	NOT HISPANIC OR LATINO	0.5377	C50.9	NO	8500/3	76	BRCA	35.282522996057814	0:LIVING	9d95a65b-e41d-4f93-92d4-99dce29ff40d	9dc315ce-3b76-4754-b103-2c2580cde4ab	M0	N0 (i-)	Stage IIA	T2	Infiltrating Ductal Carcinoma	Breast	False	False	TCGA-BRCA	Invasive Breast Carcinoma	released	WHITE	1	Primary Tumor	1	Female	2.533333333333333	Alive	2009
brca_tcga_gdc	TCGA-A7-A0CG	TCGA-A7-A0CG-01	78	NA	Breast	Invasive Breast Carcinoma	Invasive Breast Carcinoma	167	-28596	NA	NA	NA	Mixed Histology (please specify)	NOT HISPANIC OR LATINO	0.1294	C50.9	NO	8522/3	36	BRCA	34.26412614980289	0:LIVING	67eef990-5ff4-45d1-843d-d22d7848f130	f2deda2c-63c8-4b4f-a725-381f00298cd0	M0	N0 (i-)	Stage IIA	T2	Mixed Histology (please specify)	Breast	False	False	TCGA-BRCA	Invasive Breast Carcinoma	released	WHITE	1	Primary Tumor	1	Female	1.2	Alive	2010
brca_tcga_gdc	TCGA-A7-A0CH	TCGA-A7-A0CH-01	79	NA	Breast	Invasive Breast Carcinoma	Invasive Breast Carcinoma	162	-29104	NA	37.44616497	0:DiseaseFree	Infiltrating Ductal Carcinoma	NOT HISPANIC OR LATINO	0.0638	C50.9	NO	8500/3	21	BRCA	35.446780551905384	0:LIVING	9de678e5-67ed-4453-a98b-7ac351d5d0f1	1a9f7284-9770-4936-9fa4-500698184680	M0	N0 (i-)	Stage IIA	T2	Infiltrating Ductal Carcinoma	Breast	False	False	TCGA-BRCA	Invasive Breast Carcinoma	released	WHITE	1	Primary Tumor	1	Female	0.7	Alive	2009
brca_tcga_gdc	TCGA-A7-A0CJ	TCGA-A7-A0CJ-01	57	NA	Breast	Invasive Breast Carcinoma	Invasive Breast Carcinoma	189	-21014	NA	35.67084196	0:DiseaseFree	Infiltrating Ductal Carcinoma	NOT HISPANIC OR LATINO	0.6376	C50.9	NO	8500/3	43	BRCA	30.584756898817343	0:LIVING	d69e59a8-b10b-46f5-b859-b6c178d90506	5c28c3b3-1dfe-46ac-83f6-dd5cdb47d813	M0	N0 (i-)	Stage IIA	T2	Infiltrating Ductal Carcinoma	Breast	False	False	TCGA-BRCA	Invasive Breast Carcinoma	released	WHITE	1	Primary Tumor	1	Female	1.4333333333333333	Alive	2010
brca_tcga_gdc	TCGA-A7-A0D9	TCGA-A7-A0D9-01	37	NA	Breast	Invasive Breast Carcinoma	Invasive Breast Carcinoma	160	-13836	NA	NA	NA	Infiltrating Ductal Carcinoma	NOT HISPANIC OR LATINO	0.1870	C50.9	NO	8500/3	16	BRCA	37.417871222076215	0:LIVING	17baef7c-d97d-4b98-ab53-503ef856523d	c144ae50-ed29-4e27-bbee-fa81e79ac7db	M0	N0 (i-)	Stage IIA	T2	Infiltrating Ductal Carcinoma	Breast	False	False	TCGA-BRCA	Invasive Breast Carcinoma	released	WHITE	1	Primary Tumor	1	Female	0.5333333333333333	Alive	2009
brca_tcga_gdc	TCGA-A7-A0DA	TCGA-A7-A0DA-01	62	NA	Breast	Invasive Breast Carcinoma	Invasive Breast Carcinoma	373	-22708	NA	29.78597495	0:DiseaseFree	Infiltrating Ductal Carcinoma	NOT HISPANIC OR LATINO	0.7869	C50.9	NO	8500/3	135	BRCA	35.64388961892247	0:LIVING	3afa1e93-1df8-4e4c-aaa4-557463f4bb77	4f441e61-6bea-4a12-841d-def270804bbe	M0	N0 (i-)	Stage IIA	T2	Infiltrating Ductal Carcinoma	Breast	False	False	TCGA-BRCA	Invasive Breast Carcinoma	released	WHITE	1	Primary Tumor	1	Female	4.5	Alive	2009
brca_tcga_gdc	TCGA-A7-A0DB	TCGA-A7-A0DB-01	56	NA	Breast	Invasive Breast Carcinoma	Invasive Breast Carcinoma	141	-20570	NA	31.72567972	0:DiseaseFree	Infiltrating Ductal Carcinoma	NOT HISPANIC OR LATINO	0.3312	C50.9	NO	8500/3	34	BRCA	33.08147174770039	0:LIVING	f130f376-5801-40f9-975d-a7e2f7b5670d	e8cb34ed-67cb-48b7-83cd-621a1224e781	M0	N0 (i-)	Stage IIA	T2	Infiltrating Ductal Carcinoma	Breast	False	False	TCGA-BRCA	Invasive Breast Carcinoma	released	WHITE	1	Primary Tumor	1	Female	1.8333333333333333	Alive	2009
brca_tcga_gdc	TCGA-A7-A0DC	TCGA-A7-A0DC-01	63	NA	Breast	Invasive Breast Carcinoma	Invasive Breast Carcinoma	273	-23294	NA	18.27925173	1:Recurred/Progressed	Infiltrating Ductal Carcinoma	NOT HISPANIC OR LATINO	0.3050	C50.9	NO	8500/3	NA	BRCA	29.7634691195795	0:LIVING	cb9f5e50-f49d-4899-8895-9367afcc1015	36cafcfc-cc5e-4203-b018-c2c949e24c12	M0	N0 (i-)	Stage IA	T1c	Infiltrating Ductal Carcinoma	Breast	False	False	TCGA-BRCA	Invasive Breast Carcinoma	released	WHITE	1	Primary Tumor	1	Female	NA	Alive	2009
brca_tcga_gdc	TCGA-A7-A13D	TCGA-A7-A13D-01	46	NA	Breast	Invasive Breast Carcinoma	Invasive Breast Carcinoma	267	-17070	NA	25.15040931	0:DiseaseFree	Infiltrating Ductal Carcinoma	NOT HISPANIC OR LATINO	0.7853	C50.9	NO	8500/3	91	BRCA	31.701708278580814	0:LIVING	8785012f-f73e-4d68-87cf-1d804af32782	79fc9ed3-4e96-4c0e-869e-1756cbdabb39	M0	N0 (i-)	Stage IIA	T2	Infiltrating Ductal Carcinoma	Breast	False	False	TCGA-BRCA	Invasive Breast Carcinoma	released	BLACK OR AFRICAN AMERICAN	1	Primary Tumor	1	Female	5.3	Alive	2010
brca_tcga_gdc	TCGA-A7-A13E	TCGA-A7-A13E-01	62	NA	Breast	Invasive Breast Carcinoma	Invasive Breast Carcinoma	287	-22690	614	23.60522077	0:DiseaseFree	Infiltrating Ductal Carcinoma	NOT HISPANIC OR LATINO	0.6526	C50.9	NO	8500/3	47	BRCA	20.17082785808147	1:DECEASED	8c7e74e0-71ef-49b8-9217-94b8ef740ef9	8a790c78-8ad4-4e0b-9728-0e24cadc1f98	MX	N1	Stage IIB	T2	Infiltrating Ductal Carcinoma	Breast	False	False	TCGA-BRCA	Invasive Breast Carcinoma	released	WHITE	1	Primary Tumor	1	Female	2.8666666666666667	Dead	2010
brca_tcga_gdc	TCGA-A7-A13F	TCGA-A7-A13F-01	44	NA	Breast	Invasive Breast Carcinoma	Invasive Breast Carcinoma	196	-16363	NA	29.55584048	0:DiseaseFree	Infiltrating Ductal Carcinoma	NOT HISPANIC OR LATINO	0.2928	C50.9	NO	8500/3	33	BRCA	25.131406044678055	0:LIVING	2cf68894-168b-458b-af4f-53cad72989a8	b36c8878-bab6-4f61-9a4e-4dcfca21391e	M0	N1a	Stage IIIA	T3	Infiltrating Ductal Carcinoma	Breast	False	False	TCGA-BRCA	Invasive Breast Carcinoma	released	WHITE	1	Primary Tumor	1	Female	1.1	Alive	2010
brca_tcga_gdc	TCGA-A7-A13G	TCGA-A7-A13G-01	79	7th	Breast	Invasive Breast Carcinoma	Invasive Breast Carcinoma	208	-28969	NA	31.36403985	0:DiseaseFree	Infiltrating Ductal Carcinoma	NOT HISPANIC OR LATINO	0.1158	C50.9	NO	8500/3	18	BRCA	23.587385019710904	0:LIVING	6cd9baf5-bbe0-4c1e-a87f-c53b3af22890	6a1c2fdb-18ce-40ec-af79-191b489f39a7	MX	N0	Stage IIA	T2	Infiltrating Ductal Carcinoma	Breast	True	False	TCGA-BRCA	Invasive Breast Carcinoma	released	WHITE	1	Primary Tumor	1	Female	0.6	Alive	2010
brca_tcga_gdc	TCGA-A7-A13H	TCGA-A7-A13H-01	61	7th	Breast	Invasive Breast Carcinoma	Invasive Breast Carcinoma	551	-22643	NA	24.26274781	0:DiseaseFree	Infiltrating Lobular Carcinoma	NOT HISPANIC OR LATINO	0.1205	C50.9	NO	8520/3	NA	BRCA	29.5335085413929	0:LIVING	2e243f0e-9d7d-4cb0-9678-70607f90430a	5ae24b78-4c64-4a08-bd13-3d58182215ad	MX	N1a	Stage IIB	T2	Infiltrating Lobular Carcinoma	Breast	False	False	TCGA-BRCA	Invasive Breast Carcinoma	released	WHITE	1	Primary Tumor	1	Female	NA	Alive	2010
brca_tcga_gdc	TCGA-A7-A26E	TCGA-A7-A26E-01	71	7th	Breast	Invasive Breast Carcinoma	Invasive Breast Carcinoma	421	-26274	NA	23.73672617	0:DiseaseFree	Infiltrating Lobular Carcinoma	NOT HISPANIC OR LATINO	0.1079	C50.9	NO	8520/3	33	BRCA	31.340341655716163	0:LIVING	011b9b2d-ebe5-42bf-9662-d922faccc7a1	d6023f30-0d07-4839-98d1-0b22b366cc51	MX	N1a	Stage IIIA	T3	Infiltrating Lobular Carcinoma	Breast	True	False	TCGA-BRCA	Invasive Breast Carcinoma	released	WHITE	1	Primary Tumor	1	Female	2.033333333333333	Alive	2010
brca_tcga_gdc	TCGA-A7-A26F	TCGA-A7-A26F-01	55	7th	Breast	Invasive Breast Carcinoma	Invasive Breast Carcinoma	257	-20210	NA	9.567018444	1:Recurred/Progressed	Other, specify	NOT HISPANIC OR LATINO	0.2714	C50.9	NO	8575/3	35	BRCA	24.24441524310118	0:LIVING	3b7b9c1e-a84c-47ed-983c-9e4b00cbf01a	0edccd9b-72e9-4c69-899e-4bba4dbacb40	M0	N0	Stage IA	T1	Other, specify	Breast	True	False	TCGA-BRCA	Invasive Breast Carcinoma	released	WHITE	1	Primary Tumor	1	Female	1.1666666666666667	Alive	2010
brca_tcga_gdc	TCGA-A7-A26G	TCGA-A7-A26G-01	50	7th	Breast	Invasive Breast Carcinoma	Invasive Breast Carcinoma	210	-18362	NA	21.7312687	0:DiseaseFree	Other, specify	NOT HISPANIC OR LATINO	0.3801	C50.9	NO	8575/3	38	BRCA	23.71879106438896	0:LIVING	5ed024e8-d05e-4c65-9441-eda9930ccc82	f0cf4acd-6b09-4538-b58c-e86c623b6c71	M0	N0 (i+)	Stage IIA	T2	Other, specify	Breast	False	False	TCGA-BRCA	Invasive Breast Carcinoma	released	BLACK OR AFRICAN AMERICAN	1	Primary Tumor	1	Female	1.2666666666666666	Alive	2010
brca_tcga_gdc	TCGA-A7-A26H	TCGA-A7-A26H-01	72	7th	Breast	Invasive Breast Carcinoma	Invasive Breast Carcinoma	65	-26423	NA	20.61347273	0:DiseaseFree	Infiltrating Ductal Carcinoma	NOT HISPANIC OR LATINO	0.2218	C50.9	NO	8500/3	92	BRCA	23.78449408672799	0:LIVING	dddd8e2f-e540-418a-b02e-698d18a12c14	7de9f347-2a8b-4647-bd46-011d74fc48fc	M0	N1a	Stage IIA	T1	Infiltrating Ductal Carcinoma	Breast	True	False	TCGA-BRCA	Invasive Breast Carcinoma	released	WHITE	1	Primary Tumor	1	Female	3.066666666666667	Alive	2011
brca_tcga_gdc	TCGA-A7-A26I	TCGA-A7-A26I-01	65	7th	Breast	Invasive Breast Carcinoma	Invasive Breast Carcinoma	122	-23948	NA	22.32304304	0:DiseaseFree	Infiltrating Ductal Carcinoma	NOT HISPANIC OR LATINO	0.6687	C50.9	NO	8500/3	34	BRCA	21.71484888304862	0:LIVING	b2ecbc0f-2c30-4200-8d5e-7b95424bcadb	e2b02d95-df95-48ad-b26f-3eb15201969d	M0	N0	Stage IIA	T2	Infiltrating Ductal Carcinoma	Breast	True	False	TCGA-BRCA	Invasive Breast Carcinoma	released	WHITE	1	Primary Tumor	1	Female	1.1333333333333333	Alive	2011
brca_tcga_gdc	TCGA-A7-A26J	TCGA-A7-A26J-01	49	7th	Breast	Invasive Breast Carcinoma	Invasive Breast Carcinoma	68	-17930	NA	11.34234145	0:DiseaseFree	Infiltrating Ductal Carcinoma	NOT HISPANIC OR LATINO	0.3978	C50.9	NO	8500/3	18	BRCA	20.59789750328515	0:LIVING	6cb6f179-defd-4661-af0a-c353b74c0c49	31a140ce-bcb7-46b4-8105-626c9db1e183	M0	N0	Stage IIA	T2	Infiltrating Ductal Carcinoma	Breast	False	False	TCGA-BRCA	Invasive Breast Carcinoma	released	WHITE	1	Primary Tumor	1	Female	1.0666666666666667	Alive	2011
brca_tcga_gdc	TCGA-A7-A2KD	TCGA-A7-A2KD-01	53	7th	Breast	Invasive Breast Carcinoma	Invasive Breast Carcinoma	182	-19563	NA	10.58618536	0:DiseaseFree	Infiltrating Ductal Carcinoma	NOT HISPANIC OR LATINO	0.4013	C50.9	NO	8500/3	NA	BRCA	22.306176084099867	0:LIVING	92654f8d-5137-4ffd-aaa3-5ae38eb88226	c685196b-c3cf-49fa-aae4-f6ccbe04779f	MX	N2a	Stage IIIA	T2	Infiltrating Ductal Carcinoma	Breast	True	False	TCGA-BRCA	Invasive Breast Carcinoma	released	BLACK OR AFRICAN AMERICAN	1	Primary Tumor	1	Female	NA	Alive	2011
brca_tcga_gdc	TCGA-A7-A3IY	TCGA-A7-A3IY-01	71	7th	Breast	Invasive Breast Carcinoma	Invasive Breast Carcinoma	151	-26042	NA	10.29029819	0:DiseaseFree	Mucinous Carcinoma	NOT HISPANIC OR LATINO	0.0274	C50.9	NO	8480/3	NA	BRCA	11.333771353482259	0:LIVING	6b4e0262-f589-4532-b578-9f2d76c19d90	fc56be13-c3dd-4dd9-8c34-dc6c7f9d1e16	M0	N0	Stage I	T1c	Mucinous Carcinoma	Breast	False	False	TCGA-BRCA	Invasive Breast Carcinoma	released	WHITE	1	Primary Tumor	1	Female	NA	Alive	2011
brca_tcga_gdc	TCGA-A7-A3IZ	TCGA-A7-A3IZ-01	62	7th	Breast	Invasive Breast Carcinoma	Invasive Breast Carcinoma	148	-22997	NA	11.27658875	0:DiseaseFree	Infiltrating Lobular Carcinoma	NOT HISPANIC OR LATINO	0.1649	C50.9	NO	8520/3	NA	BRCA	10.578186596583443	0:LIVING	15ff4b02-bb69-4d24-8a07-b82f428e428d	8ba93ad6-932d-42c9-8268-ddda46802057	M0	N0 (i+)	Stage IIA	T2	Infiltrating Lobular Carcinoma	Breast	False	False	TCGA-BRCA	Invasive Breast Carcinoma	released	WHITE	1	Primary Tumor	1	Female	NA	Alive	2011
brca_tcga_gdc	TCGA-A7-A3J0	TCGA-A7-A3J0-01	62	7th	Breast	Invasive Breast Carcinoma	Invasive Breast Carcinoma	76	-22672	NA	5.720485255	1:Recurred/Progressed	Mucinous Carcinoma	NOT HISPANIC OR LATINO	0.2020	C50.9	NO	8480/3	NA	BRCA	10.282522996057818	0:LIVING	da70cf7e-0e61-4c72-b4c5-c408569d11b8	025eac6d-539e-4e43-a6f7-4a2d2def571d	M0	N0	Stage IIA	T2	Mucinous Carcinoma	Breast	False	False	TCGA-BRCA	Invasive Breast Carcinoma	released	WHITE	1	Primary Tumor	1	Female	NA	Alive	2011
brca_tcga_gdc	TCGA-A7-A3J1	TCGA-A7-A3J1-01	63	7th	Breast	Invasive Breast Carcinoma	Invasive Breast Carcinoma	75	-23209	NA	13.77519151	1:Recurred/Progressed	Infiltrating Lobular Carcinoma	NOT HISPANIC OR LATINO	0.2175	C50.9	NO	8520/3	NA	BRCA	11.268068331143231	0:LIVING	8f9ad301-6699-4078-a80d-886e40894af7	112c8cdd-a187-4d9f-8c71-400848804d32	MX	N0	Stage IA	T1c	Infiltrating Lobular Carcinoma	Breast	True	False	TCGA-BRCA	Invasive Breast Carcinoma	released	WHITE	1	Primary Tumor	1	Female	NA	Alive	2011
brca_tcga_gdc	TCGA-A7-A3RF	TCGA-A7-A3RF-01	79	7th	Breast	Invasive Breast Carcinoma	Invasive Breast Carcinoma	54	-29184	NA	11.96699214	0:DiseaseFree	Mucinous Carcinoma	NOT HISPANIC OR LATINO	0.0023	C50.9	NO	8480/3	NA	BRCA	13.403416557161629	0:LIVING	7451af3c-acc0-4d79-8429-6b8be96911d8	2868849c-2ba4-42de-aef2-028bf68f4cb3	M0	N0	Stage IIA	T2	Mucinous Carcinoma	Breast	False	False	TCGA-BRCA	Invasive Breast Carcinoma	released	WHITE	1	Primary Tumor	1	Female	NA	Alive	2012
brca_tcga_gdc	TCGA-A7-A425	TCGA-A7-A425-01	70	7th	Breast	Invasive Breast Carcinoma	Invasive Breast Carcinoma	293	-25678	NA	14.92586383	0:DiseaseFree	Infiltrating Lobular Carcinoma	NOT HISPANIC OR LATINO	0.1444	C50.9	NO	8520/3	NA	BRCA	14.684625492772668	0:LIVING	a8f5c479-8685-4e2d-bb60-63f1cc651083	51fb2284-4c63-49d7-9e38-c7d213ab43a6	MX	N3a	Stage IIIC	T3	Infiltrating Lobular Carcinoma	Breast	False	False	TCGA-BRCA	Invasive Breast Carcinoma	released	WHITE	1	Primary Tumor	1	Female	NA	Alive	2012
brca_tcga_gdc	TCGA-A7-A426	TCGA-A7-A426-01	50	7th	Breast	Invasive Breast Carcinoma	Invasive Breast Carcinoma	229	-18296	NA	13.74231515	0:DiseaseFree	Infiltrating Lobular Carcinoma	NOT HISPANIC OR LATINO	0.1692	C50.9	NO	8520/3	NA	BRCA	11.957950065703022	0:LIVING	d48e9f25-f083-4f88-a92d-c12d9f765ba6	3374057f-4159-464c-b6c3-276bb12a8902	MX	N3a	Stage IIIC	T3	Infiltrating Lobular Carcinoma	Breast	True	False	TCGA-BRCA	Invasive Breast Carcinoma	released	WHITE	1	Primary Tumor	1	Female	NA	Alive	2012
brca_tcga_gdc	TCGA-A7-A4SA	TCGA-A7-A4SA-01	40	7th	Breast	Invasive Breast Carcinoma	Invasive Breast Carcinoma	241	-14906	NA	14.66285301	0:DiseaseFree	Infiltrating Lobular Carcinoma	NOT HISPANIC OR LATINO	0.4101	C50.9	NO	8520/3	NA	BRCA	14.914586070959263	0:LIVING	a2efe7e1-aca3-440f-825f-ed621edca69f	040438cf-a4ba-4f06-b562-73c79738f53e	M0	N1a	Stage IIB	T2	Infiltrating Lobular Carcinoma	Breast	False	False	TCGA-BRCA	Invasive Breast Carcinoma	released	WHITE	1	Primary Tumor	1	Female	NA	Alive	2012
brca_tcga_gdc	TCGA-A7-A4SB	TCGA-A7-A4SB-01	56	7th	Breast	Invasive Breast Carcinoma	Invasive Breast Carcinoma	200	-20539	NA	14.49847125	0:DiseaseFree	Infiltrating Lobular Carcinoma	NOT HISPANIC OR LATINO	0.5102	C50.9	NO	8520/3	NA	BRCA	13.731931668856767	0:LIVING	a947a945-4721-45cc-bc45-13b8ea41c10e	87845b6d-d3a0-43bf-82cf-a9429759e353	M0	N1mi	Stage IIIA	T3	Infiltrating Lobular Carcinoma	Breast	False	False	TCGA-BRCA	Invasive Breast Carcinoma	released	WHITE	1	Primary Tumor	1	Female	NA	Alive	2012
brca_tcga_gdc	TCGA-A7-A4SC	TCGA-A7-A4SC-01	62	7th	Breast	Invasive Breast Carcinoma	Invasive Breast Carcinoma	215	-23008	NA	21.17237071	0:DiseaseFree	Infiltrating Lobular Carcinoma	NOT HISPANIC OR LATINO	0.2016	C50.9	NO	8520/3	24	BRCA	14.651773981603153	0:LIVING	ec0ab947-9341-4fff-bda4-fdfb9434d508	da67ed79-947d-4f49-b1ee-b26b184693ca	MX	N0	Stage IIB	T3	Infiltrating Lobular Carcinoma	Breast	False	False	TCGA-BRCA	Invasive Breast Carcinoma	released	WHITE	1	Primary Tumor	1	Female	0.8	Alive	2012
brca_tcga_gdc	TCGA-A7-A4SD	TCGA-A7-A4SD-01	52	7th	Breast	Invasive Breast Carcinoma	Invasive Breast Carcinoma	168	-19131	NA	NA	NA	Infiltrating Ductal Carcinoma	NOT HISPANIC OR LATINO	0.4108	C50.9	NO	8500/3	NA	BRCA	14.487516425755585	0:LIVING	8c09f413-e938-4f2e-a414-84f0e7fcfe41	efe1592d-ef98-40df-b31e-545baef69207	M0	N0	Stage IIA	T2	Infiltrating Ductal Carcinoma	Breast	False	False	TCGA-BRCA	Invasive Breast Carcinoma	released	BLACK OR AFRICAN AMERICAN	1	Primary Tumor	1	Female	NA	Alive	2012
brca_tcga_gdc	TCGA-A7-A4SE	TCGA-A7-A4SE-01	54	7th	Breast	Invasive Breast Carcinoma	Invasive Breast Carcinoma	371	-20080	NA	14.72860571	0:DiseaseFree	Infiltrating Ductal Carcinoma	NOT HISPANIC OR LATINO	0.7717	C50.9	NO	8500/3	77	BRCA	21.156373193166885	0:LIVING	dbf6f981-15cc-40ad-91ac-a66360405fbd	3440b3eb-511e-4904-873d-7a05d88fe879	M0	N0	Stage IIA	T2	Infiltrating Ductal Carcinoma	Breast	False	False	TCGA-BRCA	Invasive Breast Carcinoma	released	BLACK OR AFRICAN AMERICAN	1	Primary Tumor	1	Female	2.566666666666667	Alive	2011
brca_tcga_gdc	TCGA-A7-A4SF	TCGA-A7-A4SF-01	54	7th	Breast	Invasive Breast Carcinoma	Invasive Breast Carcinoma	369	-19985	NA	12.09849755	0:DiseaseFree	Infiltrating Ductal Carcinoma	NOT HISPANIC OR LATINO	0.5746	C50.9	NO	8500/3	58	BRCA	17.904073587385017	0:LIVING	d81594d9-dd6a-45c3-8bad-61960611d78d	2c9bb39c-a023-4b44-b8cd-a454e8b60b28	M0	N0	Stage IIA	T2	Infiltrating Ductal Carcinoma	Breast	False	False	TCGA-BRCA	Invasive Breast Carcinoma	released	BLACK OR AFRICAN AMERICAN	1	Primary Tumor	1	Female	1.9333333333333333	Alive	2012
brca_tcga_gdc	TCGA-A7-A56D	TCGA-A7-A56D-01	84	7th	Breast	Invasive Breast Carcinoma	Invasive Breast Carcinoma	177	-30783	NA	10.71769077	0:DiseaseFree	Infiltrating Ductal Carcinoma	NOT HISPANIC OR LATINO	0.4642	C50.9	NO	8500/3	95	BRCA	14.71747700394218	0:LIVING	f062cbd0-2426-40ac-a4be-e74ac61fa2a7	38cfb491-3a6f-41c7-88b1-62bd97dba0c5	M0	N0	Stage IIA	T2	Infiltrating Ductal Carcinoma	Breast	False	False	TCGA-BRCA	Invasive Breast Carcinoma	released	BLACK OR AFRICAN AMERICAN	1	Primary Tumor	1	Female	3.1666666666666665	Alive	2012
brca_tcga_gdc	TCGA-A7-A5ZV	TCGA-A7-A5ZV-01	62	7th	Breast	Invasive Breast Carcinoma	Invasive Breast Carcinoma	210	-22966	NA	NA	NA	Infiltrating Carcinoma NOS	NOT HISPANIC OR LATINO	0.6023	C50.9	NO	8010/3	149	BRCA	12.089356110381077	0:LIVING	0ec70e40-07df-461d-8ff9-351240a0d454	b9eeeaf9-5a04-4f93-b2fb-897377bd57f4	M0	N0	Stage IIA	T2	Infiltrating Carcinoma NOS	Breast	False	False	TCGA-BRCA	Invasive Breast Carcinoma	released	BLACK OR AFRICAN AMERICAN	1	Primary Tumor	1	Female	4.966666666666667	Alive	2012
brca_tcga_gdc	TCGA-A7-A5ZW	TCGA-A7-A5ZW-01	47	7th	Breast	Invasive Breast Carcinoma	Invasive Breast Carcinoma	134	-17529	NA	10.29029819	0:DiseaseFree	Infiltrating Ductal Carcinoma	NOT HISPANIC OR LATINO	0.0486	C50.9	NO	8500/3	18	BRCA	10.709592641261498	0:LIVING	523e24a2-51b9-4658-be2f-42e5fccebb17	cb7c50bf-c1df-4b2d-939d-cbe1a4b7b667	M0	N1a	Stage IIA	T1c	Infiltrating Ductal Carcinoma	Breast	False	False	TCGA-BRCA	Invasive Breast Carcinoma	released	BLACK OR AFRICAN AMERICAN	1	Primary Tumor	1	Female	0.6	Alive	2012
brca_tcga_gdc	TCGA-A7-A5ZX	TCGA-A7-A5ZX-01	48	7th	Breast	Invasive Breast Carcinoma	Invasive Breast Carcinoma	132	-17683	NA	NA	NA	Infiltrating Lobular Carcinoma	NOT HISPANIC OR LATINO	0.0765	C50.9	NO	8520/3	25	BRCA	11.038107752956636	0:LIVING	ba80db4e-d899-4da4-ae49-5263d98e1530	bc4ef13b-1ab7-4929-953d-45592691394f	M0	N3a	Stage IIIC	T2	Infiltrating Lobular Carcinoma	Breast	True	False	TCGA-BRCA	Invasive Breast Carcinoma	released	WHITE	1	Primary Tumor	1	Female	0.8333333333333334	Alive	2012
brca_tcga_gdc	TCGA-A7-A6VV	TCGA-A7-A6VV-01	51	7th	Breast	Invasive Breast Carcinoma	Invasive Breast Carcinoma	181	-18695	NA	10.4218036	0:DiseaseFree	Infiltrating Ductal Carcinoma	NOT HISPANIC OR LATINO	0.6476	C50.9	NO	8500/3	37	BRCA	10.282522996057818	0:LIVING	57af5c72-0d60-4a6b-b1b4-ec6dab90f80f	c53140b8-0058-4bb2-be77-5121cd0e5b95	M0	N0	Stage IIA	T2	Infiltrating Ductal Carcinoma	Breast	False	False	TCGA-BRCA	Invasive Breast Carcinoma	released	BLACK OR AFRICAN AMERICAN	1	Primary Tumor	1	Female	1.2333333333333334	Alive	2013
brca_tcga_gdc	TCGA-A7-A6VW	TCGA-A7-A6VW-01	48	7th	Breast	Invasive Breast Carcinoma	Invasive Breast Carcinoma	176	-17539	NA	8.745109643	0:DiseaseFree	Infiltrating Ductal Carcinoma	NOT HISPANIC OR LATINO	0.6340	C50.9	NO	8500/3	53	BRCA	9.362680683311432	0:LIVING	98e709e7-e195-4b37-9537-f6081affb609	4320c739-978f-4ebf-85c6-23d4735a38c1	M0	N0	Stage IIA	T2	Infiltrating Ductal Carcinoma	Breast	False	False	TCGA-BRCA	Invasive Breast Carcinoma	released	BLACK OR AFRICAN AMERICAN	1	Primary Tumor	1	Female	1.7333333333333334	Alive	2013
brca_tcga_gdc	TCGA-A7-A6VX	TCGA-A7-A6VX-01	68	7th	Breast	Invasive Breast Carcinoma	Invasive Breast Carcinoma	169	-25066	NA	0.0	0:DiseaseFree	Infiltrating Ductal Carcinoma	NOT HISPANIC OR LATINO	0.6524	C50.9	NO	8500/3	107	BRCA	10.413929040735873	0:LIVING	7eea2b6e-771f-44c0-9350-38f45c8dbe87	c7f909cb-2d45-4b58-90ba-180c10e78723	M0	N0	Stage IIA	T2	Infiltrating Ductal Carcinoma	Breast	False	False	TCGA-BRCA	Invasive Breast Carcinoma	released	BLACK OR AFRICAN AMERICAN	1	Primary Tumor	1	Female	3.566666666666667	Alive	2013
brca_tcga_gdc	TCGA-A7-A6VY	TCGA-A7-A6VY-01	48	7th	Breast	Invasive Breast Carcinoma	Invasive Breast Carcinoma	125	-17640	NA	13.01903541	0:DiseaseFree	Infiltrating Ductal Carcinoma	NOT HISPANIC OR LATINO	0.4476	C50.9	NO	8500/3	83	BRCA	8.73850197109067	0:LIVING	e8ea576b-eb16-44f7-b241-daefc1375388	6f1fc322-359b-49fd-ac0d-cc7626f52604	M0	N1	Stage IIB	T2	Infiltrating Ductal Carcinoma	Breast	False	False	TCGA-BRCA	Invasive Breast Carcinoma	released	BLACK OR AFRICAN AMERICAN	1	Primary Tumor	1	Female	2.7666666666666666	Alive	2013
brca_tcga_gdc	TCGA-A8-A06N	TCGA-A8-A06N-01	66	6th	Breast	Invasive Breast Carcinoma	Invasive Breast Carcinoma	0	-24288	NA	13.01903541	0:DiseaseFree	Infiltrating Ductal Carcinoma	NA	0.5689	C50.9	NO	8500/3	NA	BRCA	0.0	0:LIVING	3a711140-1b89-4611-9992-3861e3d0e01a	600df455-fdf4-4955-8d65-236b7b112693	M0	N0	Stage IIIB	T4b	Infiltrating Ductal Carcinoma	Breast	False	False	TCGA-BRCA	Invasive Breast Carcinoma	released	NA	1	Primary Tumor	1	Female	NA	Alive	2009
brca_tcga_gdc	TCGA-A8-A06O	TCGA-A8-A06O-01	60	6th	Breast	Invasive Breast Carcinoma	Invasive Breast Carcinoma	396	-22157	NA	1.019166913	0:DiseaseFree	Infiltrating Ductal Carcinoma	NA	0.3993	C50.9	NO	8500/3	58	BRCA	13.009198423127463	0:LIVING	69054195-9e93-49e5-b820-69b0091cc2d4	3ee32152-2834-4137-a6e8-254f3cca6b6e	M0	N0	Stage I	T1c	Infiltrating Ductal Carcinoma	Breast	False	False	TCGA-BRCA	Invasive Breast Carcinoma	released	NA	1	Primary Tumor	1	Female	1.9333333333333333	Alive	2009
brca_tcga_gdc	TCGA-A8-A06P	TCGA-A8-A06P-01	63	6th	Breast	Invasive Breast Carcinoma	Invasive Breast Carcinoma	396	-23011	NA	17.98336457	0:DiseaseFree	Infiltrating Ductal Carcinoma	NA	0.1031	C50.9	NO	8500/3	29	BRCA	13.009198423127463	0:LIVING	5f90d955-bbb0-4b44-a5ac-ba6fda9ca0fb	bdcd6720-fcbf-4c64-8703-b8932472ad19	M0	N2a	Stage IIIA	T1c	Infiltrating Ductal Carcinoma	Breast	False	False	TCGA-BRCA	Invasive Breast Carcinoma	released	NA	1	Primary Tumor	1	Female	0.9666666666666667	Alive	2009
brca_tcga_gdc	TCGA-A8-A06Q	TCGA-A8-A06Q-01	63	5th	Breast	Invasive Breast Carcinoma	Invasive Breast Carcinoma	31	-23164	NA	53.06243219	0:DiseaseFree	Infiltrating Ductal Carcinoma	NA	0.6491	C50.9	NO	8500/3	176	BRCA	1.0183968462549278	0:LIVING	281f70c5-876f-44b3-84fb-f2302f85e74c	a03cd506-47aa-4333-a9a4-fa1a6815ac75	M0	N2	Stage IIIA	T3	Infiltrating Ductal Carcinoma	Breast	False	False	TCGA-BRCA	Invasive Breast Carcinoma	released	NA	1	Primary Tumor	1	Female	5.866666666666666	Alive	2007
brca_tcga_gdc	TCGA-A8-A06R	TCGA-A8-A06R-01	69	5th	Breast	Invasive Breast Carcinoma	Invasive Breast Carcinoma	547	-25477	NA	29.02981885	0:DiseaseFree	Infiltrating Ductal Carcinoma	NA	0.5971	C50.9	NO	8500/3	48	BRCA	17.969776609724047	0:LIVING	f3ba71f9-25f3-4784-bf2d-3aa522a0cba8	7fa91f3b-34db-41ba-8447-d745eebac2db	M0	N1a	Stage IIB	T2	Infiltrating Ductal Carcinoma	Breast	False	False	TCGA-BRCA	Invasive Breast Carcinoma	released	NA	1	Primary Tumor	1	Female	1.6	Alive	2007
brca_tcga_gdc	TCGA-A8-A06T	TCGA-A8-A06T-01	74	6th	Breast	Invasive Breast Carcinoma	Invasive Breast Carcinoma	1249	-27393	NA	31.00239997	0:DiseaseFree	Infiltrating Ductal Carcinoma	NA	0.7716	C50.9	NO	8500/3	27	BRCA	53.022339027595265	0:LIVING	2c04a2f5-321e-4dea-8e00-268325da65cb	7b80a02f-c065-4ec2-95fc-05baf0aa3926	M0	N1a	Stage IIIA	T3	Infiltrating Ductal Carcinoma	Breast	True	False	TCGA-BRCA	Invasive Breast Carcinoma	released	NA	1	Primary Tumor	1	Female	0.9	Alive	2007
brca_tcga_gdc	TCGA-A8-A06U	TCGA-A8-A06U-01	80	6th	Breast	Invasive Breast Carcinoma	Invasive Breast Carcinoma	NA	-29525	883	26.00519446	1:Recurred/Progressed	Infiltrating Ductal Carcinoma	NA	0.5548	C50.9	NO	8500/3	48	BRCA	29.00788436268068	1:DECEASED	6bc4c56d-aac5-49a2-9913-9538d06d898f	d1224e18-6c94-45f7-afb0-d4321150cc8f	M0	N1a	Stage IIB	T2	Infiltrating Ductal Carcinoma	Breast	True	False	TCGA-BRCA	Invasive Breast Carcinoma	released	NA	1	Primary Tumor	1	Female	1.6	Dead	2008
brca_tcga_gdc	TCGA-A8-A06X	TCGA-A8-A06X-01	77	6th	Breast	Invasive Breast Carcinoma	Invasive Breast Carcinoma	NA	-28338	943	NA	NA	Infiltrating Ductal Carcinoma	NA	0.6019	C50.9	NO	8500/3	167	BRCA	30.97897503285151	1:DECEASED	70931617-b3df-4a12-8e3f-2b2307602f48	504ec583-0496-4d64-bcc9-aa52868cc9f2	M0	N0	Stage IIB	T3	Infiltrating Ductal Carcinoma	Breast	False	False	TCGA-BRCA	Invasive Breast Carcinoma	released	NA	1	Primary Tumor	1	Female	5.566666666666666	Dead	2006
brca_tcga_gdc	TCGA-A8-A06Y	TCGA-A8-A06Y-01	66	6th	Breast	Invasive Breast Carcinoma	Invasive Breast Carcinoma	791	-24442	NA	17.02995036	0:DiseaseFree	Infiltrating Ductal Carcinoma	NA	0.2582	C50.9	NO	8500/3	26	BRCA	25.985545335085412	0:LIVING	515b1400-e896-4f2a-81bd-70895441a0bd	dac9090c-fae9-4d99-b5d7-fc3c8b6a201a	M0	N0	Stage IIA	T2	Infiltrating Ductal Carcinoma	Breast	False	False	TCGA-BRCA	Invasive Breast Carcinoma	released	NA	1	Primary Tumor	1	Female	0.8666666666666667	Alive	2008
brca_tcga_gdc	TCGA-A8-A06Z	TCGA-A8-A06Z-01	84	6th	Breast	Invasive Breast Carcinoma	Invasive Breast Carcinoma	31	-30984	NA	53.98297005	0:DiseaseFree	Infiltrating Ductal Carcinoma	NA	0.7083	C50.9	NO	8500/3	58	BRCA	1.0183968462549278	0:LIVING	2399caeb-ead2-4003-af38-809db4ac2e2b	993d2cba-b4f8-4a46-994b-b97bb9f10d34	M0	N0	Stage IIB	T3	Infiltrating Ductal Carcinoma	Breast	False	False	TCGA-BRCA	Invasive Breast Carcinoma	released	NA	1	Primary Tumor	1	Female	1.9333333333333333	Alive	2007
brca_tcga_gdc	TCGA-A8-A075	TCGA-A8-A075-01	42	6th	Breast	Invasive Breast Carcinoma	Invasive Breast Carcinoma	518	-15369	NA	9.008120459	0:DiseaseFree	Infiltrating Ductal Carcinoma	NA	0.7007	C50.9	NO	8500/3	68	BRCA	17.017082785808146	0:LIVING	7861a5f2-8910-4bcb-9c34-f79c5acd6e21	d3263082-946d-4420-8a63-8d67eeee09c5	M0	N1a	Stage IIB	T2	Infiltrating Ductal Carcinoma	Breast	False	False	TCGA-BRCA	Invasive Breast Carcinoma	released	NA	1	Primary Tumor	1	Female	2.2666666666666666	Alive	2009
brca_tcga_gdc	TCGA-A8-A076	TCGA-A8-A076-01	66	5th	Breast	Invasive Breast Carcinoma	Invasive Breast Carcinoma	1642	-24230	NA	43.00226847	0:DiseaseFree	Infiltrating Ductal Carcinoma	NA	0.5170	C50.9	NO	8500/3	62	BRCA	53.942181340341655	0:LIVING	23dabeef-8e3c-44bc-9a12-a9522d17be5c	750932d7-0e9d-44e0-bc5a-6031ca4b0448	M0	N0	Stage IIA	T2	Infiltrating Ductal Carcinoma	Breast	False	False	TCGA-BRCA	Invasive Breast Carcinoma	released	NA	1	Primary Tumor	1	Female	2.066666666666667	Alive	2006
brca_tcga_gdc	TCGA-A8-A079	TCGA-A8-A079-01	69	5th	Breast	Invasive Breast Carcinoma	Invasive Breast Carcinoma	274	-25294	NA	33.99414801	0:DiseaseFree	Infiltrating Ductal Carcinoma	NA	0.4557	C50.9	NO	8500/3	62	BRCA	9.00131406044678	0:LIVING	31c31cce-1b4d-4f12-922f-84f389403170	ce2a0734-ea41-4e2c-87dd-516f6e5b83d6	M0	N3	Stage IIIB	T4b	Infiltrating Ductal Carcinoma	Breast	False	False	TCGA-BRCA	Invasive Breast Carcinoma	released	NA	1	Primary Tumor	1	Female	2.066666666666667	Alive	2007
brca_tcga_gdc	TCGA-A8-A07B	TCGA-A8-A07B-01	69	6th	Breast	Invasive Breast Carcinoma	Invasive Breast Carcinoma	1004	-25475	NA	19.98882204	0:DiseaseFree	Infiltrating Ductal Carcinoma	NA	0.3810	C50.9	NO	8500/3	54	BRCA	42.96977660972404	0:LIVING	b43e41af-1d82-4b5f-b8f1-add0510e6b86	685fa2ea-3dff-450a-8ea6-e97dfe9000a4	M0	N0	Stage IIA	T2	Infiltrating Ductal Carcinoma	Breast	False	False	TCGA-BRCA	Invasive Breast Carcinoma	released	NA	1	Primary Tumor	1	Female	1.8	Alive	2007
brca_tcga_gdc	TCGA-A8-A07C	TCGA-A8-A07C-01	57	6th	Breast	Invasive Breast Carcinoma	Invasive Breast Carcinoma	580	-20820	NA	18.96965513	0:DiseaseFree	Infiltrating Ductal Carcinoma	NA	0.5820	C50.9	NO	8500/3	NA	BRCA	33.96846254927726	0:LIVING	b6633c36-7ce4-4b69-9bf6-30b64d46c66f	269af1ab-d92d-42da-bb6b-91929fab99f0	M0	N0	Stage IIA	T2	Infiltrating Ductal Carcinoma	Breast	False	False	TCGA-BRCA	Invasive Breast Carcinoma	released	NA	1	Primary Tumor	1	Female	NA	Alive	2008
brca_tcga_gdc	TCGA-A8-A07E	TCGA-A8-A07E-01	81	6th	Breast	Invasive Breast Carcinoma	Invasive Breast Carcinoma	608	-29800	NA	18.96965513	0:DiseaseFree	Infiltrating Ductal Carcinoma	NA	0.1990	C50.9	NO	8500/3	NA	BRCA	19.97371879106439	0:LIVING	853456d8-2367-404e-abc9-020fe8bbd209	059a543a-4408-4c82-96ef-eae1cc126763	MX	N3a	Stage X	T4b	Infiltrating Ductal Carcinoma	Breast	True	False	TCGA-BRCA	Invasive Breast Carcinoma	released	NA	1	Primary Tumor	1	Female	NA	Alive	2008
brca_tcga_gdc	TCGA-A8-A07F	TCGA-A8-A07F-01	65	6th	Breast	Invasive Breast Carcinoma	Invasive Breast Carcinoma	577	-23742	NA	14.00532597	0:DiseaseFree	Infiltrating Ductal Carcinoma	NA	0.6115	C50.9	NO	8500/3	23	BRCA	18.95532194480946	0:LIVING	5d688049-f271-40ef-813a-d37240ffe21c	f411d1ba-697f-4759-afb1-89eaa56e6da7	M0	N1a	Stage IIB	T2	Infiltrating Ductal Carcinoma	Breast	False	False	TCGA-BRCA	Invasive Breast Carcinoma	released	NA	1	Primary Tumor	1	Female	0.7666666666666667	Alive	2009
brca_tcga_gdc	TCGA-A8-A07G	TCGA-A8-A07G-01	65	6th	Breast	Invasive Breast Carcinoma	Invasive Breast Carcinoma	577	-23926	NA	11.9998685	0:DiseaseFree	Infiltrating Ductal Carcinoma	NA	0.2948	C50.9	NO	8500/3	44	BRCA	18.95532194480946	0:LIVING	8cf8b620-7ab6-4b6e-84bc-ff5a83f381fa	32ed93a7-250a-4fd4-81a8-6d94a6bc9f33	M0	N1a	Stage IIA	T1c	Infiltrating Ductal Carcinoma	Breast	False	False	TCGA-BRCA	Invasive Breast Carcinoma	released	NA	1	Primary Tumor	1	Female	1.4666666666666666	Alive	2009
brca_tcga_gdc	TCGA-A8-A07I	TCGA-A8-A07I-01	69	6th	Breast	Invasive Breast Carcinoma	Invasive Breast Carcinoma	426	-25263	NA	32.05444324	0:DiseaseFree	Infiltrating Ductal Carcinoma	NA	0.2484	C50.9	NO	8500/3	31	BRCA	13.994743758212877	0:LIVING	566792ae-f853-4a47-856d-f02cdcfcb18a	0d2e50fa-daef-45a3-97b2-5d71ab03cfbf	M0	N2a	Stage IIIA	T2	Infiltrating Ductal Carcinoma	Breast	False	False	TCGA-BRCA	Invasive Breast Carcinoma	released	NA	1	Primary Tumor	1	Female	1.0333333333333334	Alive	2009
brca_tcga_gdc	TCGA-A8-A07J	TCGA-A8-A07J-01	35	6th	Breast	Invasive Breast Carcinoma	Invasive Breast Carcinoma	365	-12965	NA	9.99441102	0:DiseaseFree	Infiltrating Ductal Carcinoma	NA	0.1623	C50.9	NO	8500/3	25	BRCA	11.990801576872535	0:LIVING	316625b8-a217-4829-90d1-dfd9cb7e4bc3	e7008896-7348-4b14-a443-d9da1352c80e	M0	N1a	Stage IIB	T2	Infiltrating Ductal Carcinoma	Breast	False	False	TCGA-BRCA	Invasive Breast Carcinoma	released	NA	1	Primary Tumor	1	Female	0.8333333333333334	Alive	2009
brca_tcga_gdc	TCGA-A8-A07L	TCGA-A8-A07L-01	58	6th	Breast	Invasive Breast Carcinoma	Invasive Breast Carcinoma	518	-21428	NA	10.98070158	0:DiseaseFree	Infiltrating Ductal Carcinoma	NA	0.4649	C50.9	NO	8500/3	77	BRCA	32.03022339027595	0:LIVING	e89a9deb-6321-4e61-b412-b4993d4277dd	e5bfc024-9ee5-4e37-97ee-45e695489f8d	M0	N1a	Stage IIIA	T3	Infiltrating Ductal Carcinoma	Breast	False	False	TCGA-BRCA	Invasive Breast Carcinoma	released	NA	1	Primary Tumor	1	Female	2.533333333333333	Alive	2009
brca_tcga_gdc	TCGA-A8-A07O	TCGA-A8-A07O-01	51	6th	Breast	Invasive Breast Carcinoma	Invasive Breast Carcinoma	304	-18870	NA	NA	NA	Infiltrating Ductal Carcinoma	NA	0.3142	C50.9	NO	8500/3	32	BRCA	9.986859395532194	0:LIVING	cf9db1af-17f0-490e-8139-142bd704763a	2d80cd9e-8906-4fc9-9645-b3c137d71dc7	M0	N0	Stage IIA	T2	Infiltrating Ductal Carcinoma	Breast	False	False	TCGA-BRCA	Invasive Breast Carcinoma	released	NA	1	Primary Tumor	1	Female	1.0666666666666667	Alive	2009
brca_tcga_gdc	TCGA-A8-A07P	TCGA-A8-A07P-01	68	6th	Breast	Invasive Breast Carcinoma	Invasive Breast Carcinoma	334	-24929	NA	NA	NA	Infiltrating Ductal Carcinoma	NA	0.2675	C50.9	NO	8500/3	39	BRCA	10.972404730617608	0:LIVING	8cccf160-93e9-48a5-9b8b-54aa50153142	b16578d4-4d04-430d-8f9c-168ec0288cf1	M0	N1	Stage IIB	T2	Infiltrating Ductal Carcinoma	Breast	False	False	TCGA-BRCA	Invasive Breast Carcinoma	released	NA	1	Primary Tumor	1	Female	1.3	Alive	2009
brca_tcga_gdc	TCGA-A8-A07R	TCGA-A8-A07R-01	80	6th	Breast	Invasive Breast Carcinoma	Invasive Breast Carcinoma	273	-29251	NA	24.98602755	0:DiseaseFree	Infiltrating Ductal Carcinoma	NA	0.6511	C50.9	NO	8500/3	177	BRCA	8.968462549277266	0:LIVING	72e486b8-a866-4916-b2e4-8b4bb5dcd92d	02a0a874-6d4e-4e56-8d74-7952c912fed2	M0	N3a	Stage IIIC	T2	Infiltrating Ductal Carcinoma	Breast	False	False	TCGA-BRCA	Invasive Breast Carcinoma	released	NA	1	Primary Tumor	1	Female	5.9	Alive	2009
brca_tcga_gdc	TCGA-A8-A07S	TCGA-A8-A07S-01	73	6th	Breast	Invasive Breast Carcinoma	Invasive Breast Carcinoma	243	-26998	NA	NA	NA	Mixed Histology (please specify)	NA	0.1055	C50.9	NO	8522/3	NA	BRCA	7.982917214191852	0:LIVING	a20fa2c4-a502-47e3-bfaa-2ec4cce3a859	0126489d-c12a-4651-8700-d7090732d7ab	M0	N0	Stage IIA	T2	Mixed Histology (please specify)	Breast	False	False	TCGA-BRCA	Invasive Breast Carcinoma	released	NA	1	Primary Tumor	1	Female	NA	Alive	2009
brca_tcga_gdc	TCGA-A8-A07U	TCGA-A8-A07U-01	66	6th	Breast	Invasive Breast Carcinoma	Invasive Breast Carcinoma	303	-24411	NA	45.07347865	0:DiseaseFree	Infiltrating Ductal Carcinoma	NA	0.1235	C50.9	NO	8500/3	43	BRCA	24.967148488830485	0:LIVING	59bf0ce4-715a-4017-bccb-c59916e78324	7bd968be-14ae-4a63-96d5-814d16072818	M0	N2a	Stage IIIA	T2	Infiltrating Ductal Carcinoma	Breast	False	False	TCGA-BRCA	Invasive Breast Carcinoma	released	NA	1	Primary Tumor	1	Female	1.4333333333333333	Alive	2009
brca_tcga_gdc	TCGA-A8-A07W	TCGA-A8-A07W-01	76	6th	Breast	Invasive Breast Carcinoma	Invasive Breast Carcinoma	304	-27942	NA	0.0	0:DiseaseFree	Infiltrating Ductal Carcinoma	NA	0.4964	C50.9	NO	8500/3	106	BRCA	9.986859395532194	0:LIVING	01263518-5f7c-49dc-8d7e-84b0c03a6a63	5d1a5545-6934-41e5-b41b-8e0ee88e6ec6	M1	NX	Stage IV	T2	Infiltrating Ductal Carcinoma	Breast	False	False	TCGA-BRCA	Invasive Breast Carcinoma	released	NA	1	Primary Tumor	1	Female	3.533333333333333	Alive	2009
brca_tcga_gdc	TCGA-A8-A07Z	TCGA-A8-A07Z-01	85	6th	Breast	Invasive Breast Carcinoma	Invasive Breast Carcinoma	853	-31351	NA	18.04911727	0:DiseaseFree	Infiltrating Ductal Carcinoma	NA	0.5204	C50.9	NO	8500/3	15	BRCA	45.039421813403415	0:LIVING	a272171b-44f5-47a5-89be-7520413c01ad	74fcf73e-30a7-446d-9066-07d2e29ac78f	M0	N0	Stage IIA	T2	Infiltrating Ductal Carcinoma	Breast	False	False	TCGA-BRCA	Invasive Breast Carcinoma	released	NA	1	Primary Tumor	1	Female	0.5	Alive	2008
brca_tcga_gdc	TCGA-A8-A081	TCGA-A8-A081-01	80	6th	Breast	Invasive Breast Carcinoma	Invasive Breast Carcinoma	0	-29555	NA	0.0	0:DiseaseFree	Infiltrating Ductal Carcinoma	NA	0.6414	C50.9	NO	8500/3	92	BRCA	0.0	0:LIVING	9d876f05-5080-4c4e-9bf5-45f631d381e5	050ec96b-f110-429e-a138-4a41b38a24ae	M0	N0	Stage IIA	T2	Infiltrating Ductal Carcinoma	Breast	False	False	TCGA-BRCA	Invasive Breast Carcinoma	released	NA	1	Primary Tumor	1	Female	3.066666666666667	Alive	2008
brca_tcga_gdc	TCGA-A8-A082	TCGA-A8-A082-01	58	6th	Breast	Invasive Breast Carcinoma	Invasive Breast Carcinoma	549	-21338	NA	36.95301969	0:DiseaseFree	Infiltrating Ductal Carcinoma	NA	0.1254	C50.9	NO	8500/3	18	BRCA	18.035479632063073	0:LIVING	5e4187c9-98f8-4bdb-a8da-6a914e96f47a	24eaa7eb-502d-4c9a-b390-507b51c53f96	M0	N1a	Stage IIB	T2	Infiltrating Ductal Carcinoma	Breast	False	False	TCGA-BRCA	Invasive Breast Carcinoma	released	NA	1	Primary Tumor	1	Female	0.6	Alive	2008
brca_tcga_gdc	TCGA-A8-A083	TCGA-A8-A083-01	67	6th	Breast	Invasive Breast Carcinoma	Invasive Breast Carcinoma	0	-24746	NA	13.01903541	0:DiseaseFree	Infiltrating Ductal Carcinoma	NA	0.1848	C50.9	NO	8500/3	30	BRCA	0.0	0:LIVING	afb9418e-91eb-4db1-aacf-12bd946c9ba0	90b93fd6-b94d-4a98-ad7d-dba3428cbb25	M0	N0	Stage IIB	T3	Infiltrating Ductal Carcinoma	Breast	False	False	TCGA-BRCA	Invasive Breast Carcinoma	released	NA	1	Primary Tumor	1	Female	1.0	Alive	2008
brca_tcga_gdc	TCGA-A8-A084	TCGA-A8-A084-01	81	5th	Breast	Invasive Breast Carcinoma	Invasive Breast Carcinoma	458	-29858	NA	15.05	0:DiseaseFree	Infiltrating Ductal Carcinoma	NA	0.4023	C50.9	NO	8500/3	NA	BRCA	15.045992115637318	0:LIVING	3dbe99d1-e3b8-4ee2-b6a8-2e2e12c6fbe9	3b3eab6c-c039-4c2b-ae4c-18b043d3d810	M0	N1a	Stage IIB	T2	Infiltrating Ductal Carcinoma	Breast	True	True	TCGA-BRCA	Invasive Breast Carcinoma	released	NA	1	Primary Tumor	1	Female	NA	Alive	2007
brca_tcga_gdc	TCGA-A8-A085	TCGA-A8-A085-01	44	6th	Breast	Invasive Breast Carcinoma	Invasive Breast Carcinoma	1124	-16377	NA	38.00506296	0:DiseaseFree	Infiltrating Ductal Carcinoma	NA	0.2402	C50.9	NO	8500/3	60	BRCA	36.925098554533506	0:LIVING	3c08aabd-d5b5-4bbe-857c-38a7527b2163	0dba8c12-0f21-4489-8639-47c156ddfa5f	M0	N1a	Stage IIB	T2	Infiltrating Ductal Carcinoma	Breast	False	False	TCGA-BRCA	Invasive Breast Carcinoma	released	NA	1	Primary Tumor	1	Male	1.9666666666666666	Alive	2008
brca_tcga_gdc	TCGA-A8-A086	TCGA-A8-A086-01	59	6th	Breast	Invasive Breast Carcinoma	Invasive Breast Carcinoma	396	-21731	NA	28.96406615	0:DiseaseFree	Infiltrating Ductal Carcinoma	NA	0.2796	C50.9	NO	8500/3	NA	BRCA	13.009198423127463	0:LIVING	f9eb88f7-9293-46bf-ace4-a746e4ff80dc	0b2e3720-4a7e-44cd-9e38-7d883f559c1c	M0	N1a	Stage IIA	T1c	Infiltrating Ductal Carcinoma	Breast	False	False	TCGA-BRCA	Invasive Breast Carcinoma	released	NA	1	Primary Tumor	1	Female	NA	Alive	2009
brca_tcga_gdc	TCGA-A8-A08A	TCGA-A8-A08A-01	89	5th	Breast	Invasive Breast Carcinoma	Invasive Breast Carcinoma	30	-32750	NA	19.95594569	0:DiseaseFree	Infiltrating Ductal Carcinoma	NA	0.0873	C50.9	NO	8500/3	NA	BRCA	0.9855453350854139	0:LIVING	7fe4670d-4626-459d-869b-ab15f478c6a7	8e464b23-588b-4d8d-a094-03efeb76789c	M0	N0	Stage I	T1c	Infiltrating Ductal Carcinoma	Breast	False	False	TCGA-BRCA	Invasive Breast Carcinoma	released	NA	1	Primary Tumor	1	Female	NA	Alive	2007
brca_tcga_gdc	TCGA-A8-A08B	TCGA-A8-A08B-01	52	6th	Breast	Invasive Breast Carcinoma	Invasive Breast Carcinoma	702	-19114	NA	0.0	0:DiseaseFree	Infiltrating Ductal Carcinoma	NA	0.4513	C50.9	NO	8500/3	29	BRCA	37.97634691195795	0:LIVING	d8d7a6c2-6427-4f47-968c-6c3affba4617	1964addf-c524-4c72-b596-009235bad133	M0	N0	Stage IIA	T2	Infiltrating Ductal Carcinoma	Breast	False	False	TCGA-BRCA	Invasive Breast Carcinoma	released	NA	1	Primary Tumor	1	Female	0.9666666666666667	Alive	2008
brca_tcga_gdc	TCGA-A8-A08C	TCGA-A8-A08C-01	65	6th	Breast	Invasive Breast Carcinoma	Invasive Breast Carcinoma	608	-24017	NA	11.9998685	0:DiseaseFree	Infiltrating Ductal Carcinoma	NA	0.5358	C50.9	NO	8500/3	22	BRCA	28.942181340341655	0:LIVING	78e1da41-127c-4e9c-aaaa-77a0d94c31d0	b1de1587-febd-4e50-99ac-eb3dcb23033a	M0	N0	Stage IIA	T2	Infiltrating Ductal Carcinoma	Breast	False	False	TCGA-BRCA	Invasive Breast Carcinoma	released	NA	1	Primary Tumor	1	Female	0.7333333333333333	Alive	2008
brca_tcga_gdc	TCGA-A8-A08F	TCGA-A8-A08F-01	59	6th	Breast	Invasive Breast Carcinoma	Invasive Breast Carcinoma	549	-21641	NA	32.98	0:DiseaseFree	Infiltrating Ductal Carcinoma	NA	0.6979	C50.9	NO	8500/3	107	BRCA	32.98291721419185	0:LIVING	0a017f15-1c6b-45e7-8d55-e0a71df1b2e8	f4f60d69-6c0d-4a73-90fa-ee369de95fdd	M0	N3a	Stage IIIC	T2	Infiltrating Ductal Carcinoma	Breast	True	True	TCGA-BRCA	Invasive Breast Carcinoma	released	NA	1	Primary Tumor	1	Female	3.566666666666667	Alive	2008
brca_tcga_gdc	TCGA-A8-A08G	TCGA-A8-A08G-01	41	6th	Breast	Invasive Breast Carcinoma	Invasive Breast Carcinoma	607	-14976	NA	9.99441102	0:DiseaseFree	Infiltrating Ductal Carcinoma	NA	0.5526	C50.9	NO	8500/3	35	BRCA	19.940867279894874	0:LIVING	719082cc-1ebe-4a51-a659-85a59db1d77d	ea93b70f-c0b6-4063-86a8-cac7d5d99c77	M0	N0	Stage IIA	T2	Infiltrating Ductal Carcinoma	Breast	False	False	TCGA-BRCA	Invasive Breast Carcinoma	released	NA	1	Primary Tumor	1	Female	1.1666666666666667	Alive	2009
brca_tcga_gdc	TCGA-A8-A08H	TCGA-A8-A08H-01	66	6th	Breast	Invasive Breast Carcinoma	Invasive Breast Carcinoma	0	-24137	NA	NA	NA	Infiltrating Ductal Carcinoma	NA	0.0005	C50.9	NO	8500/3	55	BRCA	0.0	0:LIVING	db8d38ab-cc61-49ee-863d-40060112f2af	298e1da3-0691-4675-931e-4a36f2ca858d	M0	N0	Stage IIA	T2	Infiltrating Ductal Carcinoma	Breast	False	False	TCGA-BRCA	Invasive Breast Carcinoma	released	NA	1	Primary Tumor	1	Female	1.8333333333333333	Alive	2007
brca_tcga_gdc	TCGA-A8-A08I	TCGA-A8-A08I-01	53	6th	Breast	Invasive Breast Carcinoma	Invasive Breast Carcinoma	365	-19389	NA	31.00239997	0:DiseaseFree	Infiltrating Ductal Carcinoma	NA	0.6034	C50.9	NO	8500/3	NA	BRCA	11.990801576872535	0:LIVING	7acf33e7-c386-45fd-8c9a-469600378687	6d462341-cb4a-47bf-8c1b-2ffd6cf5e9ed	M0	N0	Stage IIA	T2	Infiltrating Ductal Carcinoma	Breast	False	False	TCGA-BRCA	Invasive Breast Carcinoma	released	NA	1	Primary Tumor	1	Female	NA	Alive	2009
brca_tcga_gdc	TCGA-A8-A08J	TCGA-A8-A08J-01	52	6th	Breast	Invasive Breast Carcinoma	Invasive Breast Carcinoma	NA	-19266	1127	0.986290561	0:DiseaseFree	Infiltrating Ductal Carcinoma	NA	0.4722	C50.9	NO	8541/3	30	BRCA	37.023653088042046	1:DECEASED	68177e92-4784-45d9-af14-4ce0c00eae74	4c54a99b-a820-4602-9b39-deaca98034a5	M1	N3	Stage IV	T4b	Infiltrating Ductal Carcinoma	Breast	False	False	TCGA-BRCA	Invasive Breast Carcinoma	released	NA	1	Primary Tumor	1	Female	1.0	Dead	2005
brca_tcga_gdc	TCGA-A8-A08L	TCGA-A8-A08L-01	89	6th	Breast	Invasive Breast Carcinoma	Invasive Breast Carcinoma	NA	-32842	30	NA	NA	Infiltrating Ductal Carcinoma	NA	0.5549	C50.9	NO	8500/3	176	BRCA	0.9855453350854139	1:DECEASED	8bd68696-5eeb-46d7-9dc6-c39c849029a4	c385c7fc-0e3e-4fc8-87c1-6db442e5606f	M0	N2a	Stage IIIA	T3	Infiltrating Ductal Carcinoma	Breast	False	False	TCGA-BRCA	Invasive Breast Carcinoma	released	NA	1	Primary Tumor	1	Female	5.866666666666666	Dead	2008
brca_tcga_gdc	TCGA-A8-A08O	TCGA-A8-A08O-01	45	6th	Breast	Invasive Breast Carcinoma	Invasive Breast Carcinoma	943	-16681	NA	12.03274485	1:Recurred/Progressed	Infiltrating Ductal Carcinoma	NA	0.6501	C50.9	NO	8500/3	21	BRCA	30.97897503285151	0:LIVING	5f5964a8-8e07-4620-98f0-93d162dbc31e	6c05cfbf-4858-45d1-b5b8-d943a542d196	M1	N3a	Stage IV	T2	Infiltrating Ductal Carcinoma	Breast	False	False	TCGA-BRCA	Invasive Breast Carcinoma	released	NA	1	Primary Tumor	1	Female	0.7	Alive	2008
brca_tcga_gdc	TCGA-A8-A08P	TCGA-A8-A08P-01	70	6th	Breast	Invasive Breast Carcinoma	Invasive Breast Carcinoma	943	-25598	NA	40.01052043	0:DiseaseFree	Infiltrating Ductal Carcinoma	NA	0.5013	C50.9	NO	8500/3	51	BRCA	30.97897503285151	0:LIVING	f947d67f-4aa2-4eb9-977e-21a5ae563613	3de1ba17-00fc-462f-92a4-096e8112fd89	M0	N2a	Stage IIIA	T2	Infiltrating Ductal Carcinoma	Breast	False	False	TCGA-BRCA	Invasive Breast Carcinoma	released	NA	1	Primary Tumor	1	Female	1.7	Alive	2008
brca_tcga_gdc	TCGA-A8-A08R	TCGA-A8-A08R-01	52	6th	Breast	Invasive Breast Carcinoma	Invasive Breast Carcinoma	30	-19298	NA	0.0	0:DiseaseFree	Infiltrating Ductal Carcinoma	NA	0.5275	C50.9	NO	8500/3	188	BRCA	0.9855453350854139	0:LIVING	6412854a-f874-469e-9d1f-8bd3ae5bd41d	0dd8e6c7-9b41-4489-924f-bddf7d189eb3	M0	N1a	Stage IIB	T2	Infiltrating Ductal Carcinoma	Breast	False	False	TCGA-BRCA	Invasive Breast Carcinoma	released	NA	1	Primary Tumor	1	Female	6.266666666666667	Alive	2008
brca_tcga_gdc	TCGA-A8-A08S	TCGA-A8-A08S-01	71	6th	Breast	Invasive Breast Carcinoma	Invasive Breast Carcinoma	580	-25994	NA	32.98	0:DiseaseFree	Infiltrating Ductal Carcinoma	NA	0.3983	C50.9	NO	8500/3	37	BRCA	32.98291721419185	0:LIVING	2779fa01-ac93-4e80-a997-3385f72172c3	960d194f-fe39-42a0-831d-5c031cf93544	M0	N1	Stage IIA	T1c	Infiltrating Ductal Carcinoma	Breast	True	True	TCGA-BRCA	Invasive Breast Carcinoma	released	NA	1	Primary Tumor	1	Female	1.2333333333333334	Alive	2008
brca_tcga_gdc	TCGA-A8-A08T	TCGA-A8-A08T-01	64	6th	Breast	Invasive Breast Carcinoma	Invasive Breast Carcinoma	2830	-23560	3409	30.96952362	0:DiseaseFree	Infiltrating Ductal Carcinoma	NA	0.2120	C50.9	NO	8500/3	37	BRCA	111.99080157687253	1:DECEASED	32bc7cc4-d185-4594-bbee-4b96410be512	4ab5f84d-7ba2-49e2-862b-48ff8cff3c34	M1	N1a	Stage IV	T2	Infiltrating Ductal Carcinoma	Breast	False	False	TCGA-BRCA	Invasive Breast Carcinoma	released	NA	1	Primary Tumor	1	Female	1.2333333333333334	Dead	2002
brca_tcga_gdc	TCGA-A8-A08X	TCGA-A8-A08X-01	42	6th	Breast	Invasive Breast Carcinoma	Invasive Breast Carcinoma	1034	-15705	NA	17.95048821	0:DiseaseFree	Infiltrating Ductal Carcinoma	NA	0.3541	C50.9	NO	8500/3	21	BRCA	42.96977660972404	0:LIVING	f5539207-6534-4edc-a5a5-7666b5d16ba4	32b46b33-43d1-4663-bebd-f31673f18a16	M0	N3a	Stage IIIC	T4d	Infiltrating Ductal Carcinoma	Breast	False	False	TCGA-BRCA	Invasive Breast Carcinoma	released	NA	1	Primary Tumor	1	Female	0.7	Alive	2007
brca_tcga_gdc	TCGA-A8-A08Z	TCGA-A8-A08Z-01	76	6th	Breast	Invasive Breast Carcinoma	Invasive Breast Carcinoma	1217	-28003	NA	0.0	0:DiseaseFree	Infiltrating Ductal Carcinoma	NA	0.1148	C50.9	NO	8500/3	26	BRCA	39.98028909329829	0:LIVING	d7808cbc-4b8c-467b-b2c3-f48d05b9ecab	5af3de3e-4376-41ab-ae28-4ea9a95dce2d	M0	N3a	NA	T4b	Infiltrating Ductal Carcinoma	Breast	False	False	TCGA-BRCA	Invasive Breast Carcinoma	released	NA	1	Primary Tumor	1	Female	0.8666666666666667	Alive	2004
brca_tcga_gdc	TCGA-A8-A090	TCGA-A8-A090-01	74	6th	Breast	Invasive Breast Carcinoma	Invasive Breast Carcinoma	0	-27121	NA	41.98310156	0:DiseaseFree	Infiltrating Ductal Carcinoma	NA	0.2838	C50.9	NO	8500/3	25	BRCA	0.0	0:LIVING	f4b69043-4a67-48e3-a4d1-72a21ae2d175	5ebda262-2b64-4495-afec-38d3fa616d9a	M0	N0	Stage IIA	T2	Infiltrating Ductal Carcinoma	Breast	False	False	TCGA-BRCA	Invasive Breast Carcinoma	released	NA	1	Primary Tumor	1	Female	0.8333333333333334	Alive	2008
brca_tcga_gdc	TCGA-A8-A091	TCGA-A8-A091-01	61	6th	Breast	Invasive Breast Carcinoma	Invasive Breast Carcinoma	580	-22554	NA	0.0	0:DiseaseFree	Infiltrating Ductal Carcinoma	NA	0.3189	C50.9	NO	8500/3	15	BRCA	32.98291721419185	0:LIVING	f39edd06-1016-4e8e-a42e-12f7e699ddc5	f26df76e-66bc-4e25-8a27-41b6147dc67b	M0	N0	Stage IIA	T2	Infiltrating Ductal Carcinoma	Breast	True	False	TCGA-BRCA	Invasive Breast Carcinoma	released	NA	1	Primary Tumor	1	Female	0.5	Alive	2008
brca_tcga_gdc	TCGA-A8-A092	TCGA-A8-A092-01	48	6th	Breast	Invasive Breast Carcinoma	Invasive Breast Carcinoma	487	-17807	NA	11.9998685	0:DiseaseFree	Infiltrating Ductal Carcinoma	NA	0.5411	C50.9	NO	8500/3	64	BRCA	30.946123521681997	0:LIVING	38a8b734-9acc-42f9-b5b7-e51b0dfc6504	8b5c7e4d-a220-4499-9e38-7deacc1776a2	M0	N2a	Stage IIIA	T2	Infiltrating Ductal Carcinoma	Breast	False	False	TCGA-BRCA	Invasive Breast Carcinoma	released	NA	1	Primary Tumor	1	Female	2.1333333333333333	Alive	2008
brca_tcga_gdc	TCGA-A8-A093	TCGA-A8-A093-01	61	6th	Breast	Invasive Breast Carcinoma	Invasive Breast Carcinoma	546	-22373	NA	NA	NA	Infiltrating Ductal Carcinoma	NA	0.4588	C50.9	NO	8500/3	81	BRCA	17.936925098554532	0:LIVING	02f5ae33-a563-4ecb-9e33-dfa500a44931	7b2cc917-cd91-486b-bb9b-4c57cf4e86e0	M0	N0	Stage IIA	T2	Infiltrating Ductal Carcinoma	Breast	True	False	TCGA-BRCA	Invasive Breast Carcinoma	released	NA	1	Primary Tumor	1	Female	2.7	Alive	2009
brca_tcga_gdc	TCGA-A8-A094	TCGA-A8-A094-01	75	6th	Breast	Invasive Breast Carcinoma	Invasive Breast Carcinoma	0	-27729	NA	NA	NA	Infiltrating Ductal Carcinoma	NA	0.5320	C50.9	NO	8500/3	162	BRCA	0.0	0:LIVING	993103b1-e5a1-4c33-8629-be53ebc41d64	a36231aa-f304-4bbf-aa86-b9547916c097	M0	N0	Stage IIA	T2	Infiltrating Ductal Carcinoma	Breast	False	False	TCGA-BRCA	Invasive Breast Carcinoma	released	NA	1	Primary Tumor	1	Female	5.366666666666666	Alive	2009
brca_tcga_gdc	TCGA-A8-A095	TCGA-A8-A095-01	45	6th	Breast	Invasive Breast Carcinoma	Invasive Breast Carcinoma	1277	-16742	NA	11.9998685	0:DiseaseFree	Infiltrating Ductal Carcinoma	NA	0.0763	C50.9	NO	8500/3	113	BRCA	41.95137976346912	0:LIVING	29df128d-ace2-40cf-88ee-3f6f2170f159	2223917e-5ff9-4726-99be-c73b19522265	M0	N0	Stage I	T1c	Infiltrating Ductal Carcinoma	Breast	False	False	TCGA-BRCA	Invasive Breast Carcinoma	released	NA	1	Primary Tumor	1	Female	3.7666666666666666	Alive	2007
brca_tcga_gdc	TCGA-A8-A096	TCGA-A8-A096-01	73	6th	Breast	Invasive Breast Carcinoma	Invasive Breast Carcinoma	0	-26723	NA	NA	NA	Infiltrating Ductal Carcinoma	NA	0.0683	C50.9	NO	8500/3	27	BRCA	0.0	0:LIVING	d7cac141-9269-4733-83ce-e1bc0b503254	cc620a1f-7955-43f8-aa30-12e244f89f1b	M0	N0	Stage IIA	T2	Infiltrating Ductal Carcinoma	Breast	False	False	TCGA-BRCA	Invasive Breast Carcinoma	released	NA	1	Primary Tumor	1	Female	0.9	Alive	2009
brca_tcga_gdc	TCGA-A8-A097	TCGA-A8-A097-01	64	6th	Breast	Invasive Breast Carcinoma	Invasive Breast Carcinoma	365	-23741	NA	50.03780781	0:DiseaseFree	Infiltrating Ductal Carcinoma	NA	0.3954	C50.9	NO	8500/3	76	BRCA	11.990801576872535	0:LIVING	dcfd0b1d-5707-44a6-b225-5e8f7cea5ca1	8deb20df-b01a-40d8-a398-5dbb14786792	M0	N1	Stage IIB	T2	Infiltrating Ductal Carcinoma	Breast	False	False	TCGA-BRCA	Invasive Breast Carcinoma	released	NA	1	Primary Tumor	1	Female	2.533333333333333	Alive	2009
brca_tcga_gdc	TCGA-A8-A099	TCGA-A8-A099-01	76	6th	Breast	Invasive Breast Carcinoma	Invasive Breast Carcinoma	304	-28063	NA	0.0	0:DiseaseFree	Infiltrating Ductal Carcinoma	NA	0.1925	C50.9	NO	8500/3	26	BRCA	9.986859395532194	0:LIVING	e98b69bc-766a-485f-b5e8-9166b8d457b3	582b2af4-08e5-44d8-996d-d00db1e98413	MX	N3a	Stage X	T4b	Infiltrating Ductal Carcinoma	Breast	False	False	TCGA-BRCA	Invasive Breast Carcinoma	released	NA	1	Primary Tumor	1	Female	0.8666666666666667	Alive	2009
brca_tcga_gdc	TCGA-A8-A09A	TCGA-A8-A09A-01	40	6th	Breast	Invasive Breast Carcinoma	Invasive Breast Carcinoma	304	-14883	NA	45.07347865	0:DiseaseFree	Infiltrating Ductal Carcinoma	NA	0.4300	C50.9	NO	8500/3	168	BRCA	9.986859395532194	0:LIVING	b205bba0-1870-4458-9088-8817e20389fe	035ceab2-5468-41d5-9adf-f669225be543	M0	NX	Stage X	T2	Infiltrating Ductal Carcinoma	Breast	False	False	TCGA-BRCA	Invasive Breast Carcinoma	released	NA	1	Primary Tumor	1	Female	5.6	Alive	2009
brca_tcga_gdc	TCGA-A8-A09B	TCGA-A8-A09B-01	58	6th	Breast	Invasive Breast Carcinoma	Invasive Breast Carcinoma	365	-21520	NA	33.07361015	0:DiseaseFree	Infiltrating Ductal Carcinoma	NA	0.4816	C50.9	NO	8500/3	32	BRCA	11.990801576872535	0:LIVING	3828b534-908e-4953-a3fb-07d01cf49c7d	250c0ab4-ef0f-4340-a86d-628b98f8acca	M0	N1a	Stage IIIB	T4b	Infiltrating Ductal Carcinoma	Breast	False	False	TCGA-BRCA	Invasive Breast Carcinoma	released	NA	1	Primary Tumor	1	Female	1.0666666666666667	Alive	2009
brca_tcga_gdc	TCGA-A8-A09C	TCGA-A8-A09C-01	69	6th	Breast	Invasive Breast Carcinoma	Invasive Breast Carcinoma	31	-25355	NA	1.019166913	0:DiseaseFree	Infiltrating Ductal Carcinoma	NA	0.4968	C50.9	NO	8500/3	17	BRCA	1.0183968462549278	0:LIVING	80f3f48a-cc21-415c-b181-c77e7ba1c563	0856c285-b57f-47ac-be8b-865dc2ddb58f	MX	N0	Stage X	T2	Infiltrating Ductal Carcinoma	Breast	True	False	TCGA-BRCA	Invasive Breast Carcinoma	released	NA	1	Primary Tumor	1	Female	0.5666666666666667	Alive	2009
brca_tcga_gdc	TCGA-A8-A09D	TCGA-A8-A09D-01	47	5th	Breast	Invasive Breast Carcinoma	Invasive Breast Carcinoma	396	-17440	NA	NA	NA	Infiltrating Ductal Carcinoma	NA	0.2509	C50.9	NO	8500/3	32	BRCA	50.0	0:LIVING	36449392-de76-4ee9-bc09-627a07e18727	ac9318f5-9e1f-4340-8da6-3815fff8bff5	M0	N1	Stage IIB	T2	Infiltrating Ductal Carcinoma	Breast	False	False	TCGA-BRCA	Invasive Breast Carcinoma	released	NA	1	Primary Tumor	1	Female	1.0666666666666667	Alive	2007
brca_tcga_gdc	TCGA-A8-A09E	TCGA-A8-A09E-01	73	6th	Breast	Invasive Breast Carcinoma	Invasive Breast Carcinoma	943	-26724	NA	49.01	0:DiseaseFree	Infiltrating Ductal Carcinoma	NA	0.5420	C50.9	NO	8500/3	36	BRCA	49.01445466491458	0:LIVING	dfefb76a-ec6b-4cd2-9d45-2e1e4befc7ea	b9140410-1ed1-4012-9637-412b7c688d68	M0	N1a	Stage IIIB	T4b	Infiltrating Ductal Carcinoma	Breast	True	True	TCGA-BRCA	Invasive Breast Carcinoma	released	NA	1	Primary Tumor	1	Female	1.2	Alive	2008
brca_tcga_gdc	TCGA-A8-A09G	TCGA-A8-A09G-01	79	6th	Breast	Invasive Breast Carcinoma	Invasive Breast Carcinoma	0	-29006	NA	19.03540783	0:DiseaseFree	Infiltrating Ductal Carcinoma	NA	0.2297	C50.9	NO	8500/3	217	BRCA	0.0	0:LIVING	3927f736-3b5c-48c8-9d9e-83669ec44770	084b2d8f-96a8-41f1-844d-20004cd665e7	M0	N3a	Stage IIIC	T3	Infiltrating Ductal Carcinoma	Breast	False	False	TCGA-BRCA	Invasive Breast Carcinoma	released	NA	1	Primary Tumor	1	Female	7.233333333333333	Alive	2008
brca_tcga_gdc	TCGA-A8-A09I	TCGA-A8-A09I-01	84	6th	Breast	Invasive Breast Carcinoma	Invasive Breast Carcinoma	1006	-30711	NA	15.02449288	0:DiseaseFree	Infiltrating Ductal Carcinoma	NA	0.3243	C50.9	NO	8500/3	105	BRCA	45.039421813403415	0:LIVING	1557183c-aedd-4df6-b98a-3654667f7b69	a09a99f9-33e3-45d5-bfc2-f57ce149a527	M0	N0	Stage IIA	T2	Infiltrating Ductal Carcinoma	Breast	True	False	TCGA-BRCA	Invasive Breast Carcinoma	released	NA	1	Primary Tumor	1	Female	3.5	Alive	2008
brca_tcga_gdc	TCGA-A8-A09K	TCGA-A8-A09K-01	68	6th	Breast	Invasive Breast Carcinoma	Invasive Breast Carcinoma	912	-24960	NA	29.96	0:DiseaseFree	Infiltrating Ductal Carcinoma	NA	0.5256	C50.9	NO	8500/3	31	BRCA	29.96057818659658	0:LIVING	6f959c92-b79f-4f84-9ee5-d07d3212d52d	6871927f-1488-4366-8545-439557a377aa	M0	N1	Stage IIA	T1c	Infiltrating Ductal Carcinoma	Breast	True	True	TCGA-BRCA	Invasive Breast Carcinoma	released	NA	1	Primary Tumor	1	Female	1.0333333333333334	Alive	2008
brca_tcga_gdc	TCGA-A8-A09M	TCGA-A8-A09M-01	75	6th	Breast	Invasive Breast Carcinoma	Invasive Breast Carcinoma	457	-27455	NA	NA	NA	Infiltrating Ductal Carcinoma	NA	0.4700	C50.9	NO	8500/3	104	BRCA	33.04862023653088	0:LIVING	626b4ff0-2188-4a14-aac8-6703c624917f	6d1ce13f-530e-433f-b2a3-f30793b0b003	M0	N3a	Stage IIIC	T2	Infiltrating Ductal Carcinoma	Breast	False	False	TCGA-BRCA	Invasive Breast Carcinoma	released	NA	1	Primary Tumor	1	Female	3.466666666666667	Alive	2009
brca_tcga_gdc	TCGA-A8-A09N	TCGA-A8-A09N-01	57	6th	Breast	Invasive Breast Carcinoma	Invasive Breast Carcinoma	31	-21002	NA	NA	NA	Infiltrating Ductal Carcinoma	NA	0.7576	C50.9	NO	8500/3	54	BRCA	1.0183968462549278	0:LIVING	33919e92-4ea9-47e5-a6f4-36e51845d50f	03115606-c46f-40ef-a95f-cdc1c174797d	M0	N3a	Stage IIIC	T2	Infiltrating Ductal Carcinoma	Breast	False	False	TCGA-BRCA	Invasive Breast Carcinoma	released	NA	1	Primary Tumor	1	Female	1.8	Alive	2006
brca_tcga_gdc	TCGA-A8-A09Q	TCGA-A8-A09Q-01	83	6th	Breast	Invasive Breast Carcinoma	Invasive Breast Carcinoma	761	-30528	NA	11.9998685	0:DiseaseFree	Infiltrating Ductal Carcinoma	NA	0.6130	C50.9	NO	8500/3	118	BRCA	25.0	0:LIVING	09c2bc35-c21f-4aa4-ac30-0d8db02ad811	6f8b48ba-ef24-4d33-a0c3-bc900a6c8cd2	M0	N2a	Stage IIIB	T4b	Infiltrating Ductal Carcinoma	Breast	False	False	TCGA-BRCA	Invasive Breast Carcinoma	released	NA	1	Primary Tumor	1	Female	3.933333333333333	Alive	2008
brca_tcga_gdc	TCGA-A8-A09R	TCGA-A8-A09R-01	82	6th	Breast	Invasive Breast Carcinoma	Invasive Breast Carcinoma	273	-30196	NA	19.03540783	0:DiseaseFree	Infiltrating Ductal Carcinoma	NA	0.4825	C50.9	NO	8500/3	NA	BRCA	8.968462549277266	0:LIVING	cb0a2055-2168-4454-8755-47dd613db36f	3ed5e5ce-12c3-4d15-9414-0b76f874e43c	M0	N1	Stage IIB	T2	Infiltrating Ductal Carcinoma	Breast	False	False	TCGA-BRCA	Invasive Breast Carcinoma	released	NA	1	Primary Tumor	1	Female	NA	Alive	2009
brca_tcga_gdc	TCGA-A8-A09T	TCGA-A8-A09T-01	68	6th	Breast	Invasive Breast Carcinoma	Invasive Breast Carcinoma	579	-25110	NA	13.01903541	0:DiseaseFree	Infiltrating Lobular Carcinoma	NA	0.0984	C50.9	NO	8520/3	18	BRCA	19.021024967148488	0:LIVING	0adf59c6-581a-475d-a2f4-40aa40060b5b	8df411bb-1d82-4470-84ff-e2d335698d42	MX	N0	NA	T1c	Infiltrating Lobular Carcinoma	Breast	False	False	TCGA-BRCA	Invasive Breast Carcinoma	released	NA	1	Primary Tumor	1	Female	0.6	Alive	2009
brca_tcga_gdc	TCGA-A8-A09V	TCGA-A8-A09V-01	51	6th	Breast	Invasive Breast Carcinoma	Invasive Breast Carcinoma	457	-18628	NA	21.04086531	0:DiseaseFree	Infiltrating Lobular Carcinoma	NA	0.0799	C50.9	NO	8520/3	21	BRCA	15.013140604467806	0:LIVING	cc348a26-ee11-47a4-8b51-de922967e175	c6d8d136-3bd3-49d2-8305-3377240a1ce7	M0	N0	Stage IIA	T2	Infiltrating Lobular Carcinoma	Breast	False	False	TCGA-BRCA	Invasive Breast Carcinoma	released	NA	1	Primary Tumor	1	Female	0.7	Alive	2009
brca_tcga_gdc	TCGA-A8-A09W	TCGA-A8-A09W-01	70	5th	Breast	Invasive Breast Carcinoma	Invasive Breast Carcinoma	30	-25659	NA	0.986290561	0:DiseaseFree	Infiltrating Lobular Carcinoma	NA	0.3877	C50.9	NO	8520/3	67	BRCA	0.9855453350854139	0:LIVING	452672e8-b6d9-45b5-bb02-e88e03e2dd66	af859133-ccf5-4157-a260-738c9583c17b	M0	N3	Stage IIIB	T2	Infiltrating Lobular Carcinoma	Breast	False	False	TCGA-BRCA	Invasive Breast Carcinoma	released	NA	1	Primary Tumor	1	Female	2.2333333333333334	Alive	2007
brca_tcga_gdc	TCGA-A8-A09X	TCGA-A8-A09X-01	62	6th	Breast	Invasive Breast Carcinoma	Invasive Breast Carcinoma	NA	-22858	426	27.02436138	0:DiseaseFree	Infiltrating Lobular Carcinoma	NA	0.1891	C50.9	NO	8520/3	42	BRCA	13.994743758212877	1:DECEASED	27b05b15-a44b-45ed-a6e3-e7d1ca488ea9	5a9087b1-d001-4fcc-b061-f59e7026e711	M0	N3a	Stage IIIC	T2	Infiltrating Lobular Carcinoma	Breast	False	False	TCGA-BRCA	Invasive Breast Carcinoma	released	NA	1	Primary Tumor	1	Female	1.4	Dead	2009
brca_tcga_gdc	TCGA-A8-A09Z	TCGA-A8-A09Z-01	83	6th	Breast	Invasive Breast Carcinoma	Invasive Breast Carcinoma	0	-30590	NA	17.02995036	0:DiseaseFree	Infiltrating Lobular Carcinoma	NA	0.1243	C50.9	NO	8520/3	1029	BRCA	0.0	0:LIVING	81e7a3d3-be70-4834-8018-4d2cc077a4e6	600a6f89-e714-4258-b4e7-33240123bfc6	M0	N0	Stage IIB	T3	Infiltrating Lobular Carcinoma	Breast	False	False	TCGA-BRCA	Invasive Breast Carcinoma	released	NA	1	Primary Tumor	1	Female	34.266666666666666	Alive	2008
brca_tcga_gdc	TCGA-A8-A0A1	TCGA-A8-A0A1-01	84	6th	Breast	Invasive Breast Carcinoma	Invasive Breast Carcinoma	365	-30742	NA	38.03793931	0:DiseaseFree	Infiltrating Lobular Carcinoma	NA	0.1198	C50.9	NO	8520/3	36	BRCA	11.990801576872535	0:LIVING	3efa245d-177d-4ef9-94f7-f554c54e345e	7d53f59e-5ae6-4325-9054-c9b1eac7983d	M0	N0	Stage IIA	T2	Infiltrating Lobular Carcinoma	Breast	False	False	TCGA-BRCA	Invasive Breast Carcinoma	released	NA	1	Primary Tumor	1	Female	1.2	Alive	2009
brca_tcga_gdc	TCGA-A8-A0A2	TCGA-A8-A0A2-01	66	6th	Breast	Invasive Breast Carcinoma	Invasive Breast Carcinoma	579	-24380	NA	19.23266594	0:DiseaseFree	Infiltrating Lobular Carcinoma	NA	0.2823	C50.9	NO	8520/3	25	BRCA	19.021024967148488	0:LIVING	34d5a193-85e5-4399-8a9b-e92858eafdfe	9ae522c2-0fbf-493c-b3c7-a6ccd685c787	M0	N0	Stage IIA	T2	Infiltrating Lobular Carcinoma	Breast	False	False	TCGA-BRCA	Invasive Breast Carcinoma	released	NA	1	Primary Tumor	1	Female	0.8333333333333334	Alive	2009
brca_tcga_gdc	TCGA-A8-A0A4	TCGA-A8-A0A4-01	73	6th	Breast	Invasive Breast Carcinoma	Invasive Breast Carcinoma	396	-26693	NA	22.94769372	0:DiseaseFree	Infiltrating Lobular Carcinoma	NA	0.2603	C50.9	NO	8520/3	15	BRCA	13.009198423127463	0:LIVING	2cb8c866-9296-4c70-a3ea-f9a9b707895c	e315f3f0-664e-47fb-9f3a-c55b3eda826a	M0	N0	Stage IIA	T2	Infiltrating Lobular Carcinoma	Breast	False	False	TCGA-BRCA	Invasive Breast Carcinoma	released	NA	1	Primary Tumor	1	Female	0.5	Alive	2009
brca_tcga_gdc	TCGA-A8-A0A6	TCGA-A8-A0A6-01	64	6th	Breast	Invasive Breast Carcinoma	Invasive Breast Carcinoma	640	-23404	NA	73.90603939	0:DiseaseFree	Infiltrating Lobular Carcinoma	NA	0.1469	C50.9	NO	8520/3	21	BRCA	21.02496714848883	0:LIVING	4b0d295c-e185-4b52-9752-178e5bc1d47d	05415f21-4c6d-4cf4-924c-9c1eb769e696	M0	N3a	Stage IIIC	T2	Infiltrating Lobular Carcinoma	Breast	False	False	TCGA-BRCA	Invasive Breast Carcinoma	released	NA	1	Primary Tumor	1	Female	0.7	Alive	2009
brca_tcga_gdc	TCGA-A8-A0A7	TCGA-A8-A0A7-01	57	6th	Breast	Invasive Breast Carcinoma	Invasive Breast Carcinoma	30	-20940	NA	NA	NA	Infiltrating Lobular Carcinoma	NA	0.0710	C50.9	NO	8520/3	161	BRCA	0.9855453350854139	0:LIVING	995fdab7-7284-4d33-befa-ec22aa7c6479	ea748969-579b-43dd-b2cd-1b0ac46b64ea	M0	N1a	Stage IIB	T2	Infiltrating Lobular Carcinoma	Breast	False	False	TCGA-BRCA	Invasive Breast Carcinoma	released	NA	1	Primary Tumor	1	Female	5.366666666666666	Alive	2009
brca_tcga_gdc	TCGA-A8-A0A9	TCGA-A8-A0A9-01	80	6th	Breast	Invasive Breast Carcinoma	Invasive Breast Carcinoma	396	-29370	NA	22.25729033	0:DiseaseFree	Infiltrating Ductal Carcinoma	NA	0.4916	C50.9	NO	8500/3	48	BRCA	27.003942181340342	0:LIVING	7b605fb6-d077-401e-b870-b87ddf505f82	35f3fabc-9939-43a2-8491-c3813a970d13	M0	N0	Stage IIA	T2	Infiltrating Ductal Carcinoma	Breast	False	False	TCGA-BRCA	Invasive Breast Carcinoma	released	NA	1	Primary Tumor	1	Female	1.6	Alive	2009
brca_tcga_gdc	TCGA-A8-A0AB	TCGA-A8-A0AB-01	54	6th	Breast	Invasive Breast Carcinoma	Invasive Breast Carcinoma	518	-19814	NA	73.05125423	0:DiseaseFree	Infiltrating Lobular Carcinoma	NA	0.2899	C50.9	NO	8520/3	20	BRCA	17.017082785808146	0:LIVING	22eaba28-be67-4730-9846-860bc1fca29a	860baf5b-abcf-4014-8b4b-d0a4b0d15c51	M0	N0	Stage IIA	T2	Infiltrating Lobular Carcinoma	Breast	False	False	TCGA-BRCA	Invasive Breast Carcinoma	released	NA	1	Primary Tumor	1	Female	0.6666666666666666	Alive	2009
brca_tcga_gdc	TCGA-A8-A0AD	TCGA-A8-A0AD-01	83	6th	Breast	Invasive Breast Carcinoma	Invasive Breast Carcinoma	1157	-30407	NA	99.35233587	0:DiseaseFree	Mixed Histology (please specify)	NA	0.1722	C50.9	NO	8522/3	25	BRCA	38.009198423127465	0:LIVING	af5453a9-cf1f-40de-aec4-0e0710908fb7	392933ed-ca0e-458d-b0b1-6ccfe71df1c3	M0	N0	Stage I	T1c	Mixed Histology (please specify)	Breast	False	False	TCGA-BRCA	Invasive Breast Carcinoma	released	NA	1	Primary Tumor	1	Female	0.8333333333333334	Alive	2007
brca_tcga_gdc	TCGA-AC-A23C	TCGA-AC-A23C-01	62	7th	Breast	Invasive Breast Carcinoma	Invasive Breast Carcinoma	29	-22751	NA	40.56941842	0:DiseaseFree	Infiltrating Ductal Carcinoma	NA	0.1680	C50.9	NO	8500/3	92	BRCA	19.21813403416557	0:LIVING	dfd0b7ba-c7d3-498e-b455-346301865452	9cbd4bd6-244b-4274-a230-a7bd02e79571	MX	N1	Stage IIB	T2	Infiltrating Ductal Carcinoma	Breast	False	False	TCGA-BRCA	Invasive Breast Carcinoma	released	WHITE	1	Primary Tumor	1	Female	3.066666666666667	Alive	2010
brca_tcga_gdc	TCGA-AC-A23E	TCGA-AC-A23E-01	50	7th	Breast	Invasive Breast Carcinoma	Invasive Breast Carcinoma	72	-18500	NA	25.18328566	1:Recurred/Progressed	Infiltrating Ductal Carcinoma	NA	0.1323	C50.9	NO	8500/3	16	BRCA	22.93035479632063	0:LIVING	e7bae6e7-f779-449d-92b9-66996041e00d	d490330a-de38-478f-9504-a69260ab3967	MX	N1	Stage IIB	T2	Infiltrating Ductal Carcinoma	Breast	False	False	TCGA-BRCA	Invasive Breast Carcinoma	released	WHITE	1	Primary Tumor	1	Female	0.5333333333333333	Alive	2010
brca_tcga_gdc	TCGA-AC-A23G	TCGA-AC-A23G-01	76	6th	Breast	Invasive Breast Carcinoma	Invasive Breast Carcinoma	330	-27934	NA	90.70585528	0:DiseaseFree	Infiltrating Lobular Carcinoma	NA	0.1203	C50.9	NO	8520/3	25	BRCA	73.85019710906701	0:LIVING	a721dac6-0126-476c-b2d4-2dbf7406454b	05bf18cd-2346-4ef9-b6df-58aa8a67e8a5	MX	N1	Stage IIA	T1c	Infiltrating Lobular Carcinoma	Breast	False	False	TCGA-BRCA	Invasive Breast Carcinoma	released	WHITE	1	Primary Tumor	1	Female	0.8333333333333334	Alive	2006
brca_tcga_gdc	TCGA-AC-A23H	TCGA-AC-A23H-01	89	7th	Breast	Invasive Breast Carcinoma	Invasive Breast Carcinoma	0	-32873	0	60.91988033	0:DiseaseFree	Infiltrating Ductal Carcinoma	NOT HISPANIC OR LATINO	0.4074	C50.9	NO	8500/3	3785	BRCA	0.0	1:DECEASED	7dcf550c-90ce-4f63-aecd-0e46897e2a3e	d7e3b628-d5fd-4e79-9c4a-6409330fb8a7	M0	NX	Stage IIA	T2	Infiltrating Ductal Carcinoma	Breast	False	False	TCGA-BRCA	Invasive Breast Carcinoma	released	WHITE	1	Primary Tumor	1	Female	125.86666666666666	Dead	2009
brca_tcga_gdc	TCGA-AC-A2B8	TCGA-AC-A2B8-01	84	7th	Breast	Invasive Breast Carcinoma	Invasive Breast Carcinoma	45	-31003	NA	87.12233291	0:DiseaseFree	Infiltrating Lobular Carcinoma	NOT HISPANIC OR LATINO	0.1088	C50.9	NO	8520/3	74	BRCA	22.24047306176084	0:LIVING	6e126b73-d3e8-4641-a128-306f3b313e40	fabfec99-220b-4a94-a8fe-01dfd71487f6	M0	N0 (i-)	Stage IIB	T3	Infiltrating Lobular Carcinoma	Breast	False	False	TCGA-BRCA	Invasive Breast Carcinoma	released	WHITE	1	Primary Tumor	1	Female	2.466666666666667	Alive	2011
brca_tcga_gdc	TCGA-AC-A2BK	TCGA-AC-A2BK-01	78	6th	Breast	Invasive Breast Carcinoma	Invasive Breast Carcinoma	1172	-28625	NA	25.64355459	1:Recurred/Progressed	Infiltrating Ductal Carcinoma	NA	0.5327	C50.9	NO	8500/3	62	BRCA	72.99605781865965	0:LIVING	6fa2a667-9c36-4526-8a58-1975e863a806	b85be663-edba-4e1e-a10c-d0297744a0e9	MX	N2a	Stage IIIA	T2	Infiltrating Ductal Carcinoma	Breast	False	False	TCGA-BRCA	Invasive Breast Carcinoma	released	BLACK OR AFRICAN AMERICAN	1	Primary Tumor	1	Female	2.066666666666667	Alive	2006
brca_tcga_gdc	TCGA-AC-A2BM	TCGA-AC-A2BM-01	41	6th	Breast	Invasive Breast Carcinoma	Invasive Breast Carcinoma	1162	-15212	NA	74.13617385	0:DiseaseFree	Infiltrating Ductal Carcinoma	NA	0.4030	C50.9	NO	8500/3	12	BRCA	99.2772667542707	0:LIVING	8159ff7b-89f4-411a-9b9c-491f1cb3eb34	8d65b4ee-183b-4767-9091-dec23a17af93	MX	N1a	Stage IIB	T2	Infiltrating Ductal Carcinoma	Breast	False	False	TCGA-BRCA	Invasive Breast Carcinoma	released	BLACK OR AFRICAN AMERICAN	1	Primary Tumor	1	Female	0.4	Alive	2005
brca_tcga_gdc	TCGA-AC-A2FB	TCGA-AC-A2FB-01	65	6th	Breast	Invasive Breast Carcinoma	Invasive Breast Carcinoma	44	-23851	NA	33.0407338	0:DiseaseFree	Infiltrating Lobular Carcinoma	NOT HISPANIC OR LATINO	0.0027	C50.9	NO	8520/3	9	BRCA	40.53876478318003	0:LIVING	02bbb632-0f7f-439d-b8f0-c86a06237424	7e2ed541-38ee-473f-ac5d-3cae6f5d9a56	MX	N0	Stage IIA	T2	Infiltrating Lobular Carcinoma	Breast	False	False	TCGA-BRCA	Invasive Breast Carcinoma	released	WHITE	1	Primary Tumor	1	Female	0.3	Alive	2009
brca_tcga_gdc	TCGA-AC-A2FE	TCGA-AC-A2FE-01	62	6th	Breast	Invasive Breast Carcinoma	Invasive Breast Carcinoma	791	-22746	2636	19.331295	0:DiseaseFree	Infiltrating Lobular Carcinoma	NOT HISPANIC OR LATINO	0.1858	C50.9	NO	8520/3	NA	BRCA	86.59658344283837	1:DECEASED	f6eebd4b-b63a-4a9c-92d3-0d954a8a6655	9439bb31-588c-433b-a7a5-787d8b496f57	MX	N3a	Stage IIIC	T3	Infiltrating Lobular Carcinoma	Breast	False	False	TCGA-BRCA	Invasive Breast Carcinoma	released	WHITE	1	Primary Tumor	1	Female	NA	Dead	2005
brca_tcga_gdc	TCGA-AC-A2FF	TCGA-AC-A2FF-01	NA	6th	Breast	Invasive Breast Carcinoma	Invasive Breast Carcinoma	1686	NA	NA	7.791695434	1:Recurred/Progressed	Infiltrating Lobular Carcinoma	NOT HISPANIC OR LATINO	0.0033	C50.9	NO	8520/3	9	BRCA	90.63731931668856	0:LIVING	3ca67cd0-81da-4f68-a9fa-f1a8c013c28d	62d4d442-98a0-4540-b22a-4acf1fbfc40b	MX	N1	Stage IIB	T2	Infiltrating Lobular Carcinoma	Breast	False	False	TCGA-BRCA	Invasive Breast Carcinoma	released	ASIAN	1	Primary Tumor	1	Female	0.3	Alive	2006
brca_tcga_gdc	TCGA-AC-A2FG	TCGA-AC-A2FG-01	79	6th	Breast	Invasive Breast Carcinoma	Invasive Breast Carcinoma	1125	-29211	NA	32.44895946	0:DiseaseFree	Infiltrating Lobular Carcinoma	NA	0.0798	C50.9	NO	8520/3	26	BRCA	60.873850197109064	0:LIVING	39cda4c9-e1c8-44c2-bab7-f5849c12f879	891365b0-3bb1-4f7c-b351-6191b18ee9d7	MX	N1a	Stage IIB	T2	Infiltrating Lobular Carcinoma	Breast	False	False	TCGA-BRCA	Invasive Breast Carcinoma	released	WHITE	1	Primary Tumor	1	Female	0.8666666666666667	Alive	2007
brca_tcga_gdc	TCGA-AC-A2FK	TCGA-AC-A2FK-01	45	6th	Breast	Invasive Breast Carcinoma	Invasive Breast Carcinoma	1180	-16627	NA	6.476641352	0:DiseaseFree	Infiltrating Lobular Carcinoma	HISPANIC OR LATINO	0.0000	C50.9	NO	8520/3	NA	BRCA	87.05650459921156	0:LIVING	79126e88-9cf8-45ff-bf91-a98da3b304d7	5d7a6563-6e74-48cb-a6a9-6d860759ddac	M0	N3a	Stage IIIC	T2	Infiltrating Lobular Carcinoma	Breast	False	False	TCGA-BRCA	Invasive Breast Carcinoma	released	WHITE	1	Primary Tumor	1	Female	NA	Alive	2006
brca_tcga_gdc	TCGA-AC-A2FM	TCGA-AC-A2FM-01	87	6th	Breast	Invasive Breast Carcinoma	Invasive Breast Carcinoma	NA	-31805	792	16.30667061	0:DiseaseFree	Infiltrating Lobular Carcinoma	NOT HISPANIC OR LATINO	0.4785	C50.9	NO	8520/3	NA	BRCA	26.018396846254927	1:DECEASED	b6b1dc9a-91f4-4b0a-afd5-62c9a90c0d5e	8e391bec-541c-49dc-a0a8-5ece5f268f1f	M0	N1mi	Stage IIB	T2	Infiltrating Lobular Carcinoma	Breast	False	False	TCGA-BRCA	Invasive Breast Carcinoma	released	WHITE	1	Primary Tumor	1	Female	NA	Dead	2004
brca_tcga_gdc	TCGA-AC-A2FO	TCGA-AC-A2FO-01	65	6th	Breast	Invasive Breast Carcinoma	Invasive Breast Carcinoma	1542	-23928	NA	14.82723477	0:DiseaseFree	Infiltrating Lobular Carcinoma	NOT HISPANIC OR LATINO	0.1175	C50.9	NO	8520/3	20	BRCA	74.08015768725362	0:LIVING	f5d4c2d3-cc69-4b38-8551-0917e3622a68	6ab6c7d7-a0b5-4830-94a3-f16bc11ef953	MX	N1	Stage IIB	T2	Infiltrating Lobular Carcinoma	Breast	False	False	TCGA-BRCA	Invasive Breast Carcinoma	released	WHITE	1	Primary Tumor	1	Female	0.6666666666666666	Alive	2005
brca_tcga_gdc	TCGA-AC-A2QH	TCGA-AC-A2QH-01	58	7th	Breast	Invasive Breast Carcinoma	Invasive Breast Carcinoma	31	-21488	NA	22.19153763	0:DiseaseFree	Metaplastic Carcinoma	NOT HISPANIC OR LATINO	0.4025	C50.9	NO	8575/3	23	BRCA	33.01576872536137	0:LIVING	67c5f371-3fa9-47c5-8b15-c2dd9acc8519	fd735dc5-2ec3-43bd-b1b1-8fa811be0633	MX	N0	Stage IIB	T3	Metaplastic Carcinoma	Breast	False	False	TCGA-BRCA	Invasive Breast Carcinoma	released	WHITE	1	Primary Tumor	1	Female	0.7666666666666667	Alive	2011
brca_tcga_gdc	TCGA-AC-A2QI	TCGA-AC-A2QI-01	76	7th	Breast	Invasive Breast Carcinoma	Invasive Breast Carcinoma	28	-27865	NA	NA	NA	Infiltrating Lobular Carcinoma	NOT HISPANIC OR LATINO	0.1035	C50.9	NO	8520/3	NA	BRCA	19.316688567674113	0:LIVING	c57835be-77ab-4cf5-9b23-62c11a7b2eaf	08f10bb1-6dd4-4f36-86a3-1801f9762187	MX	N1a	Stage IIIA	T3	Infiltrating Lobular Carcinoma	Breast	False	False	TCGA-BRCA	Invasive Breast Carcinoma	released	WHITE	1	Primary Tumor	1	Female	NA	Alive	2011
brca_tcga_gdc	TCGA-AC-A2QJ	TCGA-AC-A2QJ-01	48	7th	Breast	Invasive Breast Carcinoma	Invasive Breast Carcinoma	69	-17569	446	25.05178025	0:DiseaseFree	Metaplastic Carcinoma	HISPANIC OR LATINO	0.1764	C50.9	NO	8575/3	NA	BRCA	14.651773981603153	1:DECEASED	d9fd2724-7db0-4af3-ac14-217bdfa5203f	a3afbb9f-f611-4bf7-a7f7-8db59022f66f	M0	N0	Stage IIIB	T4b	Metaplastic Carcinoma	Breast	False	False	TCGA-BRCA	Invasive Breast Carcinoma	released	WHITE	1	Primary Tumor	1	Female	NA	Dead	2011
brca_tcga_gdc	TCGA-AC-A3BB	TCGA-AC-A3BB-01	46	7th	Breast	Invasive Breast Carcinoma	Invasive Breast Carcinoma	30	-16983	NA	14.99161653	0:DiseaseFree	Infiltrating Lobular Carcinoma	NOT HISPANIC OR LATINO	0.1094	C50.9	NO	8520/3	NA	BRCA	32.42444152431012	0:LIVING	048549cf-d0a5-4743-a0a1-2004f7cc2b08	2fa19af2-6fa0-4164-a0bb-8524d6085d80	MX	N2a	Stage IIIA	T3	Infiltrating Lobular Carcinoma	Breast	False	False	TCGA-BRCA	Invasive Breast Carcinoma	released	BLACK OR AFRICAN AMERICAN	1	Primary Tumor	1	Female	NA	Alive	2011
brca_tcga_gdc	TCGA-AC-A3EH	TCGA-AC-A3EH-01	79	7th	Breast	Invasive Breast Carcinoma	Invasive Breast Carcinoma	17	-29014	197	NA	NA	Infiltrating Lobular Carcinoma	NOT HISPANIC OR LATINO	0.3637	C50.9	NO	8022/3	NA	BRCA	6.471747700394218	1:DECEASED	fac173a8-1613-4bd4-87ba-83a2cfe8a37d	075393f6-0404-410e-9fd5-7c2c63d3fa84	M0	N3	Stage IIIC	T3	Infiltrating Lobular Carcinoma	Breast	False	False	TCGA-BRCA	Invasive Breast Carcinoma	released	WHITE	1	Primary Tumor	1	Female	NA	Dead	2011
brca_tcga_gdc	TCGA-AC-A3HN	TCGA-AC-A3HN-01	87	7th	Breast	Invasive Breast Carcinoma	Invasive Breast Carcinoma	21	-32061	NA	19.79156393	0:DiseaseFree	Infiltrating Lobular Carcinoma	NOT HISPANIC OR LATINO	0.1512	C50.9	NO	8520/3	NA	BRCA	16.294349540078844	0:LIVING	e37ae674-a107-4eb3-94d8-b86b0035a9f7	96e71b7b-d32b-48bc-858d-20f7c8b7812d	MX	N1a	Stage IIB	T2	Infiltrating Lobular Carcinoma	Breast	False	False	TCGA-BRCA	Invasive Breast Carcinoma	released	WHITE	1	Primary Tumor	1	Female	NA	Alive	2011
brca_tcga_gdc	TCGA-AC-A3OD	TCGA-AC-A3OD-01	68	7th	Breast	Invasive Breast Carcinoma	Invasive Breast Carcinoma	35	-25186	NA	15.48476181	0:DiseaseFree	Infiltrating Lobular Carcinoma	NOT HISPANIC OR LATINO	0.2659	C50.9	NO	8520/3	24	BRCA	14.816031537450723	0:LIVING	f2622cdb-ac92-42b3-a1ca-67e133c3dd4a	42c7e92b-6820-4562-9e32-a424a99a6cba	MX	N1mi	Stage IIB	T2	Infiltrating Lobular Carcinoma	Breast	False	False	TCGA-BRCA	Invasive Breast Carcinoma	released	WHITE	1	Primary Tumor	1	Female	0.8	Alive	2011
brca_tcga_gdc	TCGA-AC-A3QP	TCGA-AC-A3QP-01	79	7th	Breast	Invasive Breast Carcinoma	Invasive Breast Carcinoma	286	-29113	NA	23.24358089	0:DiseaseFree	Infiltrating Lobular Carcinoma	NOT HISPANIC OR LATINO	0.0728	C50.9	NO	8520/3	NA	BRCA	22.174770039421812	0:LIVING	6f4c8d30-47fb-47df-9eb7-4e5881e3711e	a14e7e3d-0593-4d69-b17b-e79dfb065a0f	MX	N1mi	Stage IIB	T2	Infiltrating Lobular Carcinoma	Breast	False	False	TCGA-BRCA	Invasive Breast Carcinoma	released	WHITE	1	Primary Tumor	1	Female	NA	Alive	2011
brca_tcga_gdc	TCGA-AC-A3QQ	TCGA-AC-A3QQ-01	53	7th	Breast	Invasive Breast Carcinoma	Invasive Breast Carcinoma	34	-19723	NA	24.78876944	0:DiseaseFree	Infiltrating Lobular Carcinoma	NOT HISPANIC OR LATINO	0.1289	C50.9	NO	8520/3	24	BRCA	24.113009198423125	0:LIVING	95cef916-5545-455b-920c-773a54fc7676	1f617c60-d09c-4de3-9973-cf655bea3046	MX	N0 (i-)	Stage IA	T1c	Infiltrating Lobular Carcinoma	Breast	False	False	TCGA-BRCA	Invasive Breast Carcinoma	released	WHITE	1	Primary Tumor	1	Female	0.8	Alive	2011
brca_tcga_gdc	TCGA-AC-A3TM	TCGA-AC-A3TM-01	50	7th	Breast	Invasive Breast Carcinoma	Invasive Breast Carcinoma	93	-18535	NA	29.25995332	0:DiseaseFree	Infiltrating Lobular Carcinoma	NOT HISPANIC OR LATINO	0.1223	C50.9	NO	8520/3	NA	BRCA	25.03285151116951	0:LIVING	67c73260-a242-4bba-87c5-d2302556dff7	4ee0389f-33ec-4a69-bc02-1c458d812cb2	M0	N1mi	Stage IIIA	T3	Infiltrating Lobular Carcinoma	Breast	False	False	TCGA-BRCA	Invasive Breast Carcinoma	released	WHITE	1	Primary Tumor	1	Female	NA	Alive	2011
brca_tcga_gdc	TCGA-AC-A3TN	TCGA-AC-A3TN-01	75	7th	Breast	Invasive Breast Carcinoma	Invasive Breast Carcinoma	34	-27421	NA	16.79981589	0:DiseaseFree	Infiltrating Lobular Carcinoma	NOT HISPANIC OR LATINO	0.0722	C50.9	NO	8520/3	NA	BRCA	14.98028909329829	0:LIVING	81b70c58-4a12-448c-a594-2ade44f6a0ae	70e344f1-a29c-42c7-9fe8-da9219d45158	MX	N0	Stage IIB	T3	Infiltrating Lobular Carcinoma	Breast	False	False	TCGA-BRCA	Invasive Breast Carcinoma	released	WHITE	1	Primary Tumor	1	Female	NA	Alive	2012
brca_tcga_gdc	TCGA-AC-A3W5	TCGA-AC-A3W5-01	65	7th	Breast	Invasive Breast Carcinoma	Invasive Breast Carcinoma	55	-24029	NA	14.5313476	0:DiseaseFree	Infiltrating Lobular Carcinoma	NOT HISPANIC OR LATINO	0.3894	C50.9	NO	8520/3	NA	BRCA	16.557161629434955	0:LIVING	4c313e5b-4dc3-408e-8e92-22427f74743e	083f4985-57c0-4931-ba8a-00f565430da9	MX	N0	Stage IIA	T2	Infiltrating Lobular Carcinoma	Breast	True	False	TCGA-BRCA	Invasive Breast Carcinoma	released	BLACK OR AFRICAN AMERICAN	1	Primary Tumor	1	Female	NA	Alive	2011
brca_tcga_gdc	TCGA-AC-A3W6	TCGA-AC-A3W6-01	89	7th	Breast	Invasive Breast Carcinoma	Invasive Breast Carcinoma	0	-32872	NA	19.331295	0:DiseaseFree	Infiltrating Lobular Carcinoma	NOT HISPANIC OR LATINO	0.1500	C50.9	NO	8520/3	NA	BRCA	0.0	0:LIVING	1b4cfad1-e353-4411-97b6-2b7b9309e95e	314e66df-0adc-4b7f-98e0-a32929192c71	MX	N1	Stage IIIA	T3	Infiltrating Lobular Carcinoma	Breast	True	False	TCGA-BRCA	Invasive Breast Carcinoma	released	WHITE	1	Primary Tumor	1	Female	NA	Alive	2012
brca_tcga_gdc	TCGA-AC-A3W7	TCGA-AC-A3W7-01	66	7th	Breast	Invasive Breast Carcinoma	Invasive Breast Carcinoma	192	-24327	NA	14.95874018	0:DiseaseFree	Infiltrating Lobular Carcinoma	NOT HISPANIC OR LATINO	0.1478	C50.9	NO	8520/3	48	BRCA	15.473061760840999	0:LIVING	2481a671-760b-428c-968d-42e25fd42ac5	ece8ab6e-9a67-440a-8f3e-c80f3820474f	MX	N1a	Stage IIB	T2	Infiltrating Lobular Carcinoma	Breast	False	False	TCGA-BRCA	Invasive Breast Carcinoma	released	WHITE	1	Primary Tumor	1	Female	1.6	Alive	2012
brca_tcga_gdc	TCGA-AC-A3YI	TCGA-AC-A3YI-01	74	7th	Breast	Invasive Breast Carcinoma	Invasive Breast Carcinoma	47	-27143	NA	NA	NA	Infiltrating Lobular Carcinoma	NOT HISPANIC OR LATINO	0.0257	C50.9	NO	8520/3	13	BRCA	23.226018396846253	0:LIVING	a45d296e-efc0-479e-b2f6-bad834668cdf	ea7490bf-06ac-43e0-bb61-a2756d027836	MX	N3a	Stage IIIC	T1c	Infiltrating Lobular Carcinoma	Breast	False	False	TCGA-BRCA	Invasive Breast Carcinoma	released	WHITE	1	Primary Tumor	1	Female	0.43333333333333335	Alive	2012
brca_tcga_gdc	TCGA-AC-A3YJ	TCGA-AC-A3YJ-01	66	7th	Breast	Invasive Breast Carcinoma	Invasive Breast Carcinoma	40	-24439	NA	13.7094388	0:DiseaseFree	Other, specify	NOT HISPANIC OR LATINO	0.0444	C50.9	NO	8050/3	NA	BRCA	24.7700394218134	0:LIVING	86cf879e-3b40-44dd-aaa7-6f49f54a15d9	3447bdbf-5177-451e-bb93-736153ea76a9	MX	N0 (i-)	Stage IIA	T2	Other, specify	Breast	False	False	TCGA-BRCA	Invasive Breast Carcinoma	released	WHITE	1	Primary Tumor	1	Female	NA	Alive	2012
brca_tcga_gdc	TCGA-AC-A4ZE	TCGA-AC-A4ZE-01	63	7th	Breast	Invasive Breast Carcinoma	Invasive Breast Carcinoma	152	-23284	NA	NA	NA	Infiltrating Lobular Carcinoma	NOT HISPANIC OR LATINO	0.1820	C50.9	NO	8520/3	41	BRCA	29.23784494086728	0:LIVING	0cf0d67c-2f7f-42a6-94f3-407d0ec46c88	2bd0e061-f49d-4f0c-a76d-1a647860e0d0	M0	N0	Stage IIB	T3	Infiltrating Lobular Carcinoma	Breast	False	False	TCGA-BRCA	Invasive Breast Carcinoma	released	WHITE	1	Primary Tumor	1	Female	1.3666666666666667	Alive	2012
brca_tcga_gdc	TCGA-AC-A5EH	TCGA-AC-A5EH-01	76	7th	Breast	Invasive Breast Carcinoma	Invasive Breast Carcinoma	63	-27964	NA	18.67376796	0:DiseaseFree	Infiltrating Ductal Carcinoma	NOT HISPANIC OR LATINO	0.2086	C50.9	NO	8500/3	113	BRCA	16.78712220762155	0:LIVING	d13fb44b-291b-4ea4-920c-142daa8d1989	049340e0-5ac8-4e7f-9c92-971b1200abae	MX	N1mi	Stage IIB	T2	Infiltrating Ductal Carcinoma	Breast	False	False	TCGA-BRCA	Invasive Breast Carcinoma	released	BLACK OR AFRICAN AMERICAN	1	Primary Tumor	1	Female	3.7666666666666666	Alive	2012
brca_tcga_gdc	TCGA-AC-A5EI	TCGA-AC-A5EI-01	88	7th	Breast	Invasive Breast Carcinoma	Invasive Breast Carcinoma	0	-32375	NA	13.57793339	0:DiseaseFree	Other, specify	NOT HISPANIC OR LATINO	0.1925	C50.9	NO	9020/3	25	BRCA	14.520367936925098	0:LIVING	01b9f68b-4de4-4374-b4f2-8a0685e18153	e2ef5d26-f3ee-4f1f-9553-9239548b57d2	MX	N1mi	Stage IB	T1c	Other, specify	Breast	True	False	TCGA-BRCA	Invasive Breast Carcinoma	released	WHITE	1	Primary Tumor	1	Female	0.8333333333333334	Alive	2012
brca_tcga_gdc	TCGA-AC-A5XS	TCGA-AC-A5XS-01	74	7th	Breast	Invasive Breast Carcinoma	Invasive Breast Carcinoma	47	-27160	NA	12.26287931	0:DiseaseFree	Infiltrating Lobular Carcinoma	NOT HISPANIC OR LATINO	0.2443	C50.9	NO	8520/3	360	BRCA	19.316688567674113	0:LIVING	d9627184-b972-4e00-8c11-b0b946ac357a	3d137341-f9a3-4cf0-8f26-acad49fa113e	MX	N0	Stage IIA	T2	Infiltrating Lobular Carcinoma	Breast	True	False	TCGA-BRCA	Invasive Breast Carcinoma	released	WHITE	1	Primary Tumor	1	Female	12.0	Alive	2012
brca_tcga_gdc	TCGA-AC-A5XU	TCGA-AC-A5XU-01	74	7th	Breast	Invasive Breast Carcinoma	Invasive Breast Carcinoma	9	-27191	NA	1.676693954	0:DiseaseFree	Infiltrating Ductal Carcinoma	NOT HISPANIC OR LATINO	0.5624	C50.9	NO	8500/3	44	BRCA	14.947437582128778	0:LIVING	97677fd7-8523-48c5-a8ce-614fd4010551	29d94e70-4462-4ff5-aa91-75d7a412083f	MX	N0 (i-)	Stage IIB	T3	Infiltrating Ductal Carcinoma	Breast	False	False	TCGA-BRCA	Invasive Breast Carcinoma	released	BLACK OR AFRICAN AMERICAN	1	Primary Tumor	1	Female	1.4666666666666666	Alive	2013
brca_tcga_gdc	TCGA-AC-A62V	TCGA-AC-A62V-01	58	7th	Breast	Invasive Breast Carcinoma	Invasive Breast Carcinoma	2	-21389	348	8.21908801	0:DiseaseFree	Infiltrating Ductal Carcinoma	NOT HISPANIC OR LATINO	0.4890	C50.9	NO	8500/3	58	BRCA	11.432325886990801	1:DECEASED	d5f2b85a-94a9-4168-bbe8-149ec71342b0	61db743a-627f-4666-b958-2542dbf3f320	M1	N1a	Stage IV	T2	Infiltrating Ductal Carcinoma	Breast	False	False	TCGA-BRCA	Invasive Breast Carcinoma	released	BLACK OR AFRICAN AMERICAN	1	Primary Tumor	1	Male	1.9333333333333333	Dead	2013
brca_tcga_gdc	TCGA-AC-A62X	TCGA-AC-A62X-01	72	7th	Breast	Invasive Breast Carcinoma	Invasive Breast Carcinoma	34	-26627	NA	0.032876352	0:DiseaseFree	Infiltrating Ductal Carcinoma	NOT HISPANIC OR LATINO	0.5448	C50.9	NO	8500/3	41	BRCA	13.699080157687254	0:LIVING	5b2a4f11-ca46-4974-9420-59b4820920bf	5aeef496-2885-42d7-802e-319b76bbe215	MX	N0	Stage IIA	T2	Infiltrating Ductal Carcinoma	Breast	True	False	TCGA-BRCA	Invasive Breast Carcinoma	released	BLACK OR AFRICAN AMERICAN	1	Primary Tumor	1	Female	1.3666666666666667	Alive	2013
brca_tcga_gdc	TCGA-AC-A62Y	TCGA-AC-A62Y-01	79	7th	Breast	Invasive Breast Carcinoma	Invasive Breast Carcinoma	55	-28876	NA	20.18608015	0:DiseaseFree	Infiltrating Lobular Carcinoma	NOT HISPANIC OR LATINO	0.5114	C50.9	NO	8520/3	48	BRCA	17.41130091984231	0:LIVING	05af737d-89aa-49b6-97b2-28b8ac8bd2cf	a76bc38a-9eef-4e6c-b021-f940ff5137b8	MX	N1	Stage IIB	T2	Infiltrating Lobular Carcinoma	Breast	False	False	TCGA-BRCA	Invasive Breast Carcinoma	released	WHITE	1	Primary Tumor	1	Female	1.6	Alive	2012
brca_tcga_gdc	TCGA-AC-A6IV	TCGA-AC-A6IV-01	47	7th	Breast	Invasive Breast Carcinoma	Invasive Breast Carcinoma	36	-17521	NA	1.117795969	0:DiseaseFree	Infiltrating Lobular Carcinoma	NOT HISPANIC OR LATINO	0.0278	C50.9	NO	8524/3	14	BRCA	18.659658344283837	0:LIVING	8e11c5ec-c15a-48d4-85ac-b7b08a9ed827	25b06e67-6d9e-4051-87ca-76e1f110b418	MX	N1	Stage IIB	T2	Infiltrating Lobular Carcinoma	Breast	False	False	TCGA-BRCA	Invasive Breast Carcinoma	released	WHITE	1	Primary Tumor	1	Female	0.4666666666666667	Alive	2012
brca_tcga_gdc	TCGA-AC-A6IW	TCGA-AC-A6IW-01	73	7th	Breast	Invasive Breast Carcinoma	Invasive Breast Carcinoma	21	-26896	NA	1.315054082	0:DiseaseFree	Infiltrating Ductal Carcinoma	NOT HISPANIC OR LATINO	0.1707	C50.9	NO	8500/3	102	BRCA	13.567674113009199	0:LIVING	8183f0fb-2303-4d7b-bccd-55e5031fc7df	d763edf9-b6f2-4814-b263-180aced12da2	MX	N0 (i-)	Stage IIA	T2	Infiltrating Ductal Carcinoma	Breast	False	False	TCGA-BRCA	Invasive Breast Carcinoma	released	BLACK OR AFRICAN AMERICAN	1	Primary Tumor	1	Female	3.4	Alive	2013
brca_tcga_gdc	TCGA-AC-A6IX	TCGA-AC-A6IX-01	49	7th	Breast	Invasive Breast Carcinoma	Invasive Breast Carcinoma	13	-17969	NA	2.301344643	0:DiseaseFree	Infiltrating Lobular Carcinoma	NOT HISPANIC OR LATINO	0.1979	C50.9	NO	8520/3	38	BRCA	12.253613666228645	0:LIVING	7486a2b3-b09f-4e9c-9864-8b51b58d9fb3	31e5bc10-074b-4bb2-92f9-d9217c0efc3b	MX	N3a	Stage IIIC	T2	Infiltrating Lobular Carcinoma	Breast	False	False	TCGA-BRCA	Invasive Breast Carcinoma	released	WHITE	2	Primary Tumor	1	Female	1.2666666666666666	Alive	2013
brca_tcga_gdc	TCGA-AC-A6IX	TCGA-AC-A6IX-06	49	7th	Breast	Invasive Breast Carcinoma	Invasive Breast Carcinoma	13	-17969	NA	2.301344643	0:DiseaseFree	Infiltrating Lobular Carcinoma	NOT HISPANIC OR LATINO	0.1603	C50.9	NO	8520/3	29	BRCA	12.253613666228645	0:LIVING	7486a2b3-b09f-4e9c-9864-8b51b58d9fb3	5431dd0b-64ae-48ed-8da3-0a21dbed9e9e	MX	N3a	Stage IIIC	T2	Infiltrating Lobular Carcinoma	Breast	False	False	TCGA-BRCA	Invasive Breast Carcinoma	released	WHITE	2	Metastatic	6	Female	0.9666666666666667	Alive	2013
brca_tcga_gdc	TCGA-AC-A6NO	TCGA-AC-A6NO-01	43	7th	Breast	Invasive Breast Carcinoma	Invasive Breast Carcinoma	51	-15996	NA	0.32876352	0:DiseaseFree	Infiltrating Ductal Carcinoma	NOT HISPANIC OR LATINO	0.1497	C50.9	NO	8500/3	20	BRCA	1.6754270696452036	0:LIVING	8d9b50d1-139b-4447-ae9c-e54764d9e2a7	7091b5bc-e61d-464d-8931-58d9dbec8cd5	MX	N1a	Stage IIB	T2	Infiltrating Ductal Carcinoma	Breast	False	False	TCGA-BRCA	Invasive Breast Carcinoma	released	BLACK OR AFRICAN AMERICAN	1	Primary Tumor	1	Female	0.6666666666666666	Alive	2011
brca_tcga_gdc	TCGA-AC-A7VB	TCGA-AC-A7VB-01	51	7th	Breast	Invasive Breast Carcinoma	Invasive Breast Carcinoma	74	-18806	NA	0.32876352	0:DiseaseFree	Infiltrating Ductal Carcinoma	NOT HISPANIC OR LATINO	0.2511	C50.9	NO	8500/3	18	BRCA	8.21287779237845	0:LIVING	56230e4a-29ca-4f37-a0f9-730dbdfb6fa2	7231d76b-0aa1-4614-bdaa-84411618c8c0	MX	N1a	Stage IIA	T1c	Infiltrating Ductal Carcinoma	Breast	False	False	TCGA-BRCA	Invasive Breast Carcinoma	released	BLACK OR AFRICAN AMERICAN	1	Primary Tumor	1	Female	0.6	Alive	2013
brca_tcga_gdc	TCGA-AC-A7VC	TCGA-AC-A7VC-01	56	7th	Breast	Invasive Breast Carcinoma	Invasive Breast Carcinoma	1	-20479	NA	0.230134464	0:DiseaseFree	Metaplastic Carcinoma	NOT HISPANIC OR LATINO	0.3126	C50.9	NO	8575/3	14	BRCA	0.0328515111695138	0:LIVING	2b36853f-34d3-47c5-ba6a-e5a93233d2b1	f472b29c-f85a-422e-8446-453468ab9cc9	MX	N0	Stage IIB	T3	Metaplastic Carcinoma	Breast	False	False	TCGA-BRCA	Invasive Breast Carcinoma	released	WHITE	1	Primary Tumor	1	Female	0.4666666666666667	Alive	2013
brca_tcga_gdc	TCGA-AC-A8OP	TCGA-AC-A8OP-01	72	7th	Breast	Invasive Breast Carcinoma	Invasive Breast Carcinoma	53	-26550	NA	0.32876352	0:DiseaseFree	Infiltrating Ductal Carcinoma	NOT HISPANIC OR LATINO	0.2716	C50.9	NO	8500/3	108	BRCA	20.17082785808147	0:LIVING	b9c6c069-2a2b-4cc7-a398-dc45c132d979	c32e8a89-bc6b-4e8a-8719-4509412b5729	MX	N0 (i-)	Stage IA	T1c	Infiltrating Ductal Carcinoma	Breast	False	False	TCGA-BRCA	Invasive Breast Carcinoma	released	BLACK OR AFRICAN AMERICAN	1	Primary Tumor	1	Female	3.566666666666667	Alive	2011
brca_tcga_gdc	TCGA-AC-A8OQ	TCGA-AC-A8OQ-01	72	7th	Breast	Invasive Breast Carcinoma	Invasive Breast Carcinoma	34	-26535	NA	NA	NA	Infiltrating Ductal Carcinoma	NOT HISPANIC OR LATINO	0.2945	C50.9	NO	8500/3	70	BRCA	1.1169513797634691	0:LIVING	dfaabd03-2d40-4422-b210-caf112ff4229	097b9dd5-5617-48ba-8600-ec5a99c75a42	MX	N1a	Stage IIB	T2	Infiltrating Ductal Carcinoma	Breast	False	False	TCGA-BRCA	Invasive Breast Carcinoma	released	BLACK OR AFRICAN AMERICAN	1	Primary Tumor	1	Female	2.3333333333333335	Alive	2011
brca_tcga_gdc	TCGA-AC-A8OR	TCGA-AC-A8OR-01	75	7th	Breast	Invasive Breast Carcinoma	Invasive Breast Carcinoma	40	-27605	NA	NA	NA	Mucinous Carcinoma	NOT HISPANIC OR LATINO	0.0328	C50.9	NO	8480/3	23	BRCA	1.314060446780552	0:LIVING	8cd1ba0b-ead9-4661-a796-6c9dbf1c42cd	4b35717e-b682-4b39-a5ef-5c9c037e6304	MX	N0 (i-)	Stage IA	T1c	Mucinous Carcinoma	Breast	False	False	TCGA-BRCA	Invasive Breast Carcinoma	released	WHITE	1	Primary Tumor	1	Female	0.7666666666666667	Alive	2013
brca_tcga_gdc	TCGA-AC-A8OS	TCGA-AC-A8OS-01	71	7th	Breast	Invasive Breast Carcinoma	Invasive Breast Carcinoma	70	-26248	NA	NA	NA	Infiltrating Lobular Carcinoma	NOT HISPANIC OR LATINO	0.1361	C50.9	NO	8520/3	33	BRCA	2.299605781865966	0:LIVING	d5e655fe-3fbc-47b0-ba23-1d1dd01d591c	b13ab974-e4a4-4926-bd17-17a1e9ca7ce6	MX	N0 (i-)	Stage IIA	T2	Infiltrating Lobular Carcinoma	Breast	False	False	TCGA-BRCA	Invasive Breast Carcinoma	released	WHITE	1	Primary Tumor	1	Female	1.1	Alive	2013
brca_tcga_gdc	TCGA-AN-A03X	TCGA-AN-A03X-01	74	NA	Breast	Invasive Breast Carcinoma	Invasive Breast Carcinoma	10	-27163	NA	NA	NA	Infiltrating Ductal Carcinoma	NOT HISPANIC OR LATINO	0.3065	C50.9	NO	8500/3	27	BRCA	0.328515111695138	0:LIVING	88cd6ccc-70f7-436e-a99c-039b9d31e335	d9e29db0-558c-4bd5-aa94-15d5d57110b1	M0	N0	Stage IIA	T2	Infiltrating Ductal Carcinoma	Breast	False	False	TCGA-BRCA	Invasive Breast Carcinoma	released	WHITE	1	Primary Tumor	1	Female	0.9	Alive	2010
brca_tcga_gdc	TCGA-AN-A03Y	TCGA-AN-A03Y-01	66	NA	Breast	Invasive Breast Carcinoma	Invasive Breast Carcinoma	10	-24232	NA	9.961534668	0:DiseaseFree	Infiltrating Ductal Carcinoma	NOT HISPANIC OR LATINO	0.4109	C50.9	NO	8500/3	25	BRCA	0.328515111695138	0:LIVING	a991644b-3ee6-4cda-acf0-e37de48a49fc	95c533d3-798c-4aca-8f38-dc4825f254b5	M0	N0	Stage IIA	T2	Infiltrating Ductal Carcinoma	Breast	False	False	TCGA-BRCA	Invasive Breast Carcinoma	released	WHITE	1	Primary Tumor	1	Female	0.8333333333333334	Alive	2010
brca_tcga_gdc	TCGA-AN-A041	TCGA-AN-A041-01	29	7th	Breast	Invasive Breast Carcinoma	Invasive Breast Carcinoma	7	-10812	NA	7.364302857	0:DiseaseFree	Infiltrating Ductal Carcinoma	NOT HISPANIC OR LATINO	0.3187	C50.9	NO	8500/3	25	BRCA	0.22996057818659657	0:LIVING	316e021c-5175-4ab3-bdb6-2bf9683f657a	b6fe1d5a-f1c0-470d-bf49-b5a13157d2c6	M0	N1a	Stage IIB	T2	Infiltrating Ductal Carcinoma	Breast	False	False	TCGA-BRCA	Invasive Breast Carcinoma	released	WHITE	1	Primary Tumor	1	Female	0.8333333333333334	Alive	2010
brca_tcga_gdc	TCGA-AN-A046	TCGA-AN-A046-01	68	NA	Breast	Invasive Breast Carcinoma	Invasive Breast Carcinoma	10	-25158	NA	7.462931913	0:DiseaseFree	Infiltrating Ductal Carcinoma	NOT HISPANIC OR LATINO	0.0266	C50.9	NO	8500/3	4784	BRCA	0.328515111695138	0:LIVING	dcd5860c-7e3a-44f3-a732-fe92fe3fe300	57aff09f-0e97-4e65-a227-3dc7a8516367	M0	N0	Stage IIA	T2	Infiltrating Ductal Carcinoma	Breast	False	False	TCGA-BRCA	Invasive Breast Carcinoma	released	WHITE	1	Primary Tumor	1	Female	159.46666666666667	Alive	2010
brca_tcga_gdc	TCGA-AN-A049	TCGA-AN-A049-01	62	NA	Breast	Invasive Breast Carcinoma	Invasive Breast Carcinoma	19	-22710	NA	0.16438176	0:DiseaseFree	Infiltrating Ductal Carcinoma	NOT HISPANIC OR LATINO	0.3802	C50.9	NO	8500/3	28	BRCA	0.6241787122207622	0:LIVING	2e1e3bf0-1708-4b65-936c-48b89eb8966a	b09dcf83-93a7-466b-9414-12896ac7749c	M0	N0	Stage IIA	T2	Infiltrating Ductal Carcinoma	Breast	False	False	TCGA-BRCA	Invasive Breast Carcinoma	released	WHITE	1	Primary Tumor	1	Female	0.9333333333333333	Alive	2008
brca_tcga_gdc	TCGA-AN-A04A	TCGA-AN-A04A-01	36	7th	Breast	Invasive Breast Carcinoma	Invasive Breast Carcinoma	90	-13445	NA	0.32876352	0:DiseaseFree	Infiltrating Ductal Carcinoma	NOT HISPANIC OR LATINO	0.5457	C50.9	NO	8500/3	26	BRCA	2.9566360052562417	0:LIVING	e5aae05a-478e-4a55-a27c-12b2b4be302a	1d8f72b7-8596-40e8-afdf-244dd897758c	M0	N2	Stage IIIA	T2	Infiltrating Ductal Carcinoma	Breast	False	False	TCGA-BRCA	Invasive Breast Carcinoma	released	WHITE	1	Primary Tumor	1	Female	0.8666666666666667	Alive	2008
brca_tcga_gdc	TCGA-AN-A04C	TCGA-AN-A04C-01	51	NA	Breast	Invasive Breast Carcinoma	Invasive Breast Carcinoma	54	-18851	NA	0.32876352	0:DiseaseFree	Infiltrating Ductal Carcinoma	NOT HISPANIC OR LATINO	0.3522	C50.9	NO	8500/3	63	BRCA	1.773981603153745	0:LIVING	66072c06-f251-4f0b-b6ae-12b407c52cc6	4a7e95e4-58b5-4e96-a029-98f294b3cd54	M0	N1	Stage IIB	T2	Infiltrating Ductal Carcinoma	Breast	False	False	TCGA-BRCA	Invasive Breast Carcinoma	released	WHITE	1	Primary Tumor	1	Female	2.1	Alive	2008
brca_tcga_gdc	TCGA-AN-A04D	TCGA-AN-A04D-01	58	NA	Breast	Invasive Breast Carcinoma	Invasive Breast Carcinoma	52	-21426	NA	0.32876352	0:DiseaseFree	Infiltrating Ductal Carcinoma	NOT HISPANIC OR LATINO	0.3627	C50.9	NO	8500/3	75	BRCA	1.7082785808147174	0:LIVING	49717f75-0f2d-4e1c-9a12-f1cd7877b80a	cbf66244-42c8-4df6-aca7-932e77bb5e0e	M0	N1	Stage IIB	T2	Infiltrating Ductal Carcinoma	Breast	False	False	TCGA-BRCA	Invasive Breast Carcinoma	released	WHITE	1	Primary Tumor	1	Female	2.5	Alive	2008
brca_tcga_gdc	TCGA-AN-A0AJ	TCGA-AN-A0AJ-01	79	NA	Breast	Invasive Breast Carcinoma	Invasive Breast Carcinoma	244	-29131	NA	6.443765	0:DiseaseFree	Infiltrating Ductal Carcinoma	NOT HISPANIC OR LATINO	0.6811	C50.9	NO	8522/3	65	BRCA	9.95400788436268	0:LIVING	9646160a-f1f9-437b-8c7d-efb0b57bfb97	1c0714ec-70a9-4902-bd98-8b0fb002c084	M0	N0	Stage IIB	T3	Infiltrating Ductal Carcinoma	Breast	False	False	TCGA-BRCA	Invasive Breast Carcinoma	released	WHITE	1	Primary Tumor	1	Female	2.1666666666666665	Alive	2010
brca_tcga_gdc	TCGA-AN-A0AK	TCGA-AN-A0AK-01	76	NA	Breast	Invasive Breast Carcinoma	Invasive Breast Carcinoma	224	-27977	NA	5.654732551	0:DiseaseFree	Infiltrating Ductal Carcinoma	NOT HISPANIC OR LATINO	0.2505	C50.9	NO	8500/3	1095	BRCA	7.35873850197109	0:LIVING	9e894662-b718-40f8-8899-b5e036cfbd76	fe23a254-a0a4-452c-a2ba-685f66738a86	M0	N0	Stage IIA	T2	Infiltrating Ductal Carcinoma	Breast	False	False	TCGA-BRCA	Invasive Breast Carcinoma	released	WHITE	1	Primary Tumor	1	Female	36.5	Alive	2010
brca_tcga_gdc	TCGA-AN-A0AL	TCGA-AN-A0AL-01	41	7th	Breast	Invasive Breast Carcinoma	Invasive Breast Carcinoma	198	-15286	NA	NA	NA	Infiltrating Ductal Carcinoma	NOT HISPANIC OR LATINO	0.4427	C50.9	NO	8500/3	74	BRCA	7.457293035479632	0:LIVING	3e9f93c0-aa79-4b4c-bd6c-b3325912362a	5b9560c4-0632-479a-835f-67d373e59206	M0	N0	Stage IIIB	T4	Infiltrating Ductal Carcinoma	Breast	False	False	TCGA-BRCA	Invasive Breast Carcinoma	released	WHITE	1	Primary Tumor	1	Female	2.466666666666667	Alive	2010
brca_tcga_gdc	TCGA-AN-A0AM	TCGA-AN-A0AM-01	56	NA	Breast	Invasive Breast Carcinoma	Invasive Breast Carcinoma	5	-20713	NA	7.002662985	0:DiseaseFree	Infiltrating Ductal Carcinoma	NOT HISPANIC OR LATINO	0.2987	C50.9	NO	8500/3	62	BRCA	0.164257555847569	0:LIVING	00a2d166-78c9-4687-a195-3d6315c27574	2e4b5ba3-ccc8-40f6-80ac-edaea1685204	M0	N0	Stage IIA	T2	Infiltrating Ductal Carcinoma	Breast	False	False	TCGA-BRCA	Invasive Breast Carcinoma	released	WHITE	1	Primary Tumor	1	Female	2.066666666666667	Alive	2010
brca_tcga_gdc	TCGA-AN-A0AR	TCGA-AN-A0AR-01	55	NA	Breast	Invasive Breast Carcinoma	Invasive Breast Carcinoma	10	-20152	NA	7.594437321	0:DiseaseFree	Infiltrating Ductal Carcinoma	NOT HISPANIC OR LATINO	0.5616	C50.9	NO	8500/3	96	BRCA	0.328515111695138	0:LIVING	ebc460c2-df88-4dc0-a2c0-aca8072b75ad	108f6aeb-833e-45a1-81fc-4b0b8e3c7163	M0	N0	Stage IIA	T2	Infiltrating Ductal Carcinoma	Breast	False	False	TCGA-BRCA	Invasive Breast Carcinoma	released	WHITE	1	Primary Tumor	1	Female	3.1666666666666665	Alive	2010
brca_tcga_gdc	TCGA-AN-A0AS	TCGA-AN-A0AS-01	70	NA	Breast	Invasive Breast Carcinoma	Invasive Breast Carcinoma	10	-25658	NA	7.167044745	0:DiseaseFree	Infiltrating Ductal Carcinoma	NOT HISPANIC OR LATINO	0.3081	C50.9	NO	8500/3	33	BRCA	0.328515111695138	0:LIVING	7c2a8440-0206-4039-8474-8d62f6c7de0c	9d772786-6ac9-4e52-9899-023ffa7247d2	M0	N2	Stage IIIA	T2	Infiltrating Ductal Carcinoma	Breast	False	False	TCGA-BRCA	Invasive Breast Carcinoma	released	WHITE	1	Primary Tumor	1	Female	1.1	Alive	2010
brca_tcga_gdc	TCGA-AN-A0AT	TCGA-AN-A0AT-01	62	NA	Breast	Invasive Breast Carcinoma	Invasive Breast Carcinoma	10	-22798	NA	6.904033928	0:DiseaseFree	Infiltrating Ductal Carcinoma	NOT HISPANIC OR LATINO	0.4956	C50.9	NO	8500/3	101	BRCA	0.328515111695138	0:LIVING	05506f4c-e701-4a9d-ae06-97f066aade43	b2905a3f-810b-4e74-af5c-42d513d91746	M0	N0	Stage IIA	T2	Infiltrating Ductal Carcinoma	Breast	False	False	TCGA-BRCA	Invasive Breast Carcinoma	released	WHITE	1	Primary Tumor	1	Female	3.3666666666666667	Alive	2010
brca_tcga_gdc	TCGA-AN-A0FD	TCGA-AN-A0FD-01	71	NA	Breast	Invasive Breast Carcinoma	Invasive Breast Carcinoma	196	-26007	NA	7.035539337	0:DiseaseFree	Infiltrating Ductal Carcinoma	NOT HISPANIC OR LATINO	0.1651	C50.9	NO	8500/3	26	BRCA	6.438896189224704	0:LIVING	c6086936-7544-4da0-8c0c-114166848483	439d2ec5-1059-4556-b886-60b42b6db1d7	M0	N0	Stage IIA	T2	Infiltrating Ductal Carcinoma	Breast	False	False	TCGA-BRCA	Invasive Breast Carcinoma	released	WHITE	1	Primary Tumor	1	Female	0.8666666666666667	Alive	2010
brca_tcga_gdc	TCGA-AN-A0FF	TCGA-AN-A0FF-01	32	NA	Breast	Invasive Breast Carcinoma	Invasive Breast Carcinoma	172	-11929	NA	0.32876352	0:DiseaseFree	Infiltrating Ductal Carcinoma	NOT HISPANIC OR LATINO	0.1597	C50.9	NO	8500/3	18	BRCA	5.650459921156373	0:LIVING	d5cab7f5-e4f1-40ee-a0c8-4c8004c1c9a0	d78ecfd3-1a99-47e6-bb5f-a13c57148a76	M0	N0	Stage IA	T1b	Infiltrating Ductal Carcinoma	Breast	False	False	TCGA-BRCA	Invasive Breast Carcinoma	released	WHITE	1	Primary Tumor	1	Female	0.6	Alive	2010
brca_tcga_gdc	TCGA-AN-A0FJ	TCGA-AN-A0FJ-01	59	NA	Breast	Invasive Breast Carcinoma	Invasive Breast Carcinoma	242	-21910	NA	0.361639872	0:DiseaseFree	Infiltrating Ductal Carcinoma	NOT HISPANIC OR LATINO	0.6196	C50.9	NO	8500/3	77	BRCA	7.9500657030223385	0:LIVING	546248b0-22a0-4b70-a437-76fb0a238a0d	d09d5a48-2dc0-4d0f-8b20-d1f11a08143b	M1	N2	Stage IV	T2	Infiltrating Ductal Carcinoma	Breast	False	False	TCGA-BRCA	Invasive Breast Carcinoma	released	WHITE	1	Primary Tumor	1	Female	2.566666666666667	Alive	2010
brca_tcga_gdc	TCGA-AN-A0FK	TCGA-AN-A0FK-01	88	NA	Breast	Invasive Breast Carcinoma	Invasive Breast Carcinoma	213	-32462	NA	0.32876352	0:DiseaseFree	Infiltrating Ductal Carcinoma	NOT HISPANIC OR LATINO	0.5611	C50.9	NO	8500/3	28	BRCA	6.9973718791064385	0:LIVING	2f4cbedf-ed7e-45a2-bf34-f1d1e696bdde	27b748ba-fef9-4eaa-96b6-a8ad31b5c478	M0	N0	Stage IIIB	T4	Infiltrating Ductal Carcinoma	Breast	False	False	TCGA-BRCA	Invasive Breast Carcinoma	released	WHITE	1	Primary Tumor	1	Female	0.9333333333333333	Alive	2010
brca_tcga_gdc	TCGA-AN-A0FL	TCGA-AN-A0FL-01	62	NA	Breast	Invasive Breast Carcinoma	Invasive Breast Carcinoma	231	-22805	NA	0.32876352	0:DiseaseFree	Infiltrating Ductal Carcinoma	NOT HISPANIC OR LATINO	0.5371	C50.9	NO	8500/3	139	BRCA	7.588699080157687	0:LIVING	baf1207d-7d1a-4cad-ba58-62c26be2415e	2f2d2e05-c6ea-4f29-8bed-040bd9c46911	M0	N0	Stage IIA	T2	Infiltrating Ductal Carcinoma	Breast	False	False	TCGA-BRCA	Invasive Breast Carcinoma	released	WHITE	1	Primary Tumor	1	Female	4.633333333333334	Alive	2010
brca_tcga_gdc	TCGA-AN-A0FN	TCGA-AN-A0FN-01	61	7th	Breast	Invasive Breast Carcinoma	Invasive Breast Carcinoma	218	-22629	NA	0.32876352	0:DiseaseFree	Infiltrating Lobular Carcinoma	NOT HISPANIC OR LATINO	0.0004	C50.9	NO	8500/3	29	BRCA	7.1616294349540075	0:LIVING	c2a742fe-3e8b-4210-85a6-7191a1123609	c7da9758-e55a-4ed7-984f-cd86e2f6ea20	M0	N0	Stage IA	T1c	Infiltrating Lobular Carcinoma	Breast	False	False	TCGA-BRCA	Invasive Breast Carcinoma	released	WHITE	1	Primary Tumor	1	Female	0.9666666666666667	Alive	2010
brca_tcga_gdc	TCGA-AN-A0FS	TCGA-AN-A0FS-01	55	7th	Breast	Invasive Breast Carcinoma	Invasive Breast Carcinoma	191	-20352	NA	0.526021633	0:DiseaseFree	Infiltrating Lobular Carcinoma	NOT HISPANIC OR LATINO	0.1034	C50.9	NO	8500/3	47	BRCA	6.898817345597897	0:LIVING	10c9be1e-2cc0-45e4-8d2c-c013ea63ef05	181ff04b-8315-4069-a4cc-e102796ecde4	M0	N0	Stage IA	T1c	Infiltrating Lobular Carcinoma	Breast	False	False	TCGA-BRCA	Invasive Breast Carcinoma	released	WHITE	1	Primary Tumor	1	Female	1.5666666666666667	Alive	2010
brca_tcga_gdc	TCGA-AN-A0FT	TCGA-AN-A0FT-01	63	NA	Breast	Invasive Breast Carcinoma	Invasive Breast Carcinoma	183	-23300	NA	5.358845383	0:DiseaseFree	Infiltrating Ductal Carcinoma	NOT HISPANIC OR LATINO	0.5630	C50.9	NO	8500/3	78	BRCA	7.030223390275952	0:LIVING	baf5e81f-2322-41ec-9053-b9559a7993bc	071f43e9-e416-453b-a519-c197c5aaf1d1	M0	N1	Stage IIB	T2	Infiltrating Ductal Carcinoma	Breast	False	False	TCGA-BRCA	Invasive Breast Carcinoma	released	WHITE	1	Primary Tumor	1	Female	2.6	Alive	2010
brca_tcga_gdc	TCGA-AN-A0FV	TCGA-AN-A0FV-01	58	7th	Breast	Invasive Breast Carcinoma	Invasive Breast Carcinoma	10	-21479	NA	0.32876352	0:DiseaseFree	Infiltrating Ductal Carcinoma	NOT HISPANIC OR LATINO	0.5418	C50.9	NO	8500/3	68	BRCA	0.328515111695138	0:LIVING	2e8e70f2-c781-44c2-8f12-1f8c2f536aa3	8046edc0-e5f9-42ec-85f2-6cc66596633f	M0	N0	Stage IIA	T2	Infiltrating Ductal Carcinoma	Breast	False	False	TCGA-BRCA	Invasive Breast Carcinoma	released	WHITE	1	Primary Tumor	1	Female	2.2333333333333334	Alive	2010
brca_tcga_gdc	TCGA-AN-A0FW	TCGA-AN-A0FW-01	67	NA	Breast	Invasive Breast Carcinoma	Invasive Breast Carcinoma	11	-24692	NA	12.32863202	0:DiseaseFree	Infiltrating Ductal Carcinoma	NOT HISPANIC OR LATINO	0.2068	C50.9	NO	8500/3	90	BRCA	0.36136662286465177	0:LIVING	e112b452-8850-4353-bfed-0dbdc243290b	a4910543-8bfd-4cd9-9eab-cf16aead9537	M0	N2	Stage IIIA	T2	Infiltrating Ductal Carcinoma	Breast	False	False	TCGA-BRCA	Invasive Breast Carcinoma	released	WHITE	1	Primary Tumor	1	Female	3.0	Alive	2010
brca_tcga_gdc	TCGA-AN-A0FX	TCGA-AN-A0FX-01	52	NA	Breast	Invasive Breast Carcinoma	Invasive Breast Carcinoma	10	-19309	NA	0.295887168	0:DiseaseFree	Infiltrating Ductal Carcinoma	NOT HISPANIC OR LATINO	0.5272	C50.9	NO	8500/3	79	BRCA	0.328515111695138	0:LIVING	13b860c3-8048-4dc9-9eb0-7480bc660837	78feb5be-f9d1-4cc6-baba-274136b9487c	M0	N0	Stage IIA	T2	Infiltrating Ductal Carcinoma	Breast	False	False	TCGA-BRCA	Invasive Breast Carcinoma	released	WHITE	1	Primary Tumor	1	Female	2.6333333333333333	Alive	2010
brca_tcga_gdc	TCGA-AN-A0FY	TCGA-AN-A0FY-01	55	7th	Breast	Invasive Breast Carcinoma	Invasive Breast Carcinoma	10	-20347	NA	0.32876352	0:DiseaseFree	Infiltrating Ductal Carcinoma	NOT HISPANIC OR LATINO	0.3482	C50.9	NO	8500/3	48	BRCA	0.328515111695138	0:LIVING	de75d0b9-0f47-4732-8df5-05c350cfcd32	76c09917-15f9-4908-ab22-ea1401abcb3b	M0	N0	Stage IA	T1c	Infiltrating Ductal Carcinoma	Breast	False	False	TCGA-BRCA	Invasive Breast Carcinoma	released	WHITE	1	Primary Tumor	1	Female	1.6	Alive	2010
brca_tcga_gdc	TCGA-AN-A0FZ	TCGA-AN-A0FZ-01	45	NA	Breast	Invasive Breast Carcinoma	Invasive Breast Carcinoma	10	-16533	NA	0.32876352	0:DiseaseFree	Infiltrating Ductal Carcinoma	NOT HISPANIC OR LATINO	0.4587	C50.9	NO	8500/3	58	BRCA	0.328515111695138	0:LIVING	8240c4ae-f878-4882-aa07-7857c7ac52cf	199c6271-b0af-489c-99b8-fc76e7e66cf2	M0	N2	Stage IIIA	T2	Infiltrating Ductal Carcinoma	Breast	False	False	TCGA-BRCA	Invasive Breast Carcinoma	released	WHITE	1	Primary Tumor	1	Female	1.9333333333333333	Alive	2010
brca_tcga_gdc	TCGA-AN-A0G0	TCGA-AN-A0G0-01	56	NA	Breast	Invasive Breast Carcinoma	Invasive Breast Carcinoma	16	-20504	NA	0.32876352	0:DiseaseFree	Infiltrating Ductal Carcinoma	NOT HISPANIC OR LATINO	0.3658	C50.9	NO	8500/3	27	BRCA	0.5256241787122208	0:LIVING	96312510-c126-485d-8109-ed81844a1dc3	46fecdc9-9d0d-41cd-811a-28731f0b7f92	M0	N0	Stage IIA	T2	Infiltrating Ductal Carcinoma	Breast	False	False	TCGA-BRCA	Invasive Breast Carcinoma	released	WHITE	1	Primary Tumor	1	Female	0.9	Alive	2010
brca_tcga_gdc	TCGA-AN-A0XL	TCGA-AN-A0XL-01	61	7th	Breast	Invasive Breast Carcinoma	Invasive Breast Carcinoma	10	-22341	NA	0.32876352	0:DiseaseFree	Infiltrating Ductal Carcinoma	NOT HISPANIC OR LATINO	0.3442	C50.9	NO	8500/3	NA	BRCA	5.354796320630749	0:LIVING	4649dee3-b668-44cd-ab97-3834de3ef8f8	4ad4076c-16c8-425e-9400-57fbf30bffee	M0	N0	Stage IIA	T2	Infiltrating Ductal Carcinoma	Breast	False	False	TCGA-BRCA	Invasive Breast Carcinoma	released	WHITE	1	Primary Tumor	1	Female	NA	Alive	2010
brca_tcga_gdc	TCGA-AN-A0XN	TCGA-AN-A0XN-01	68	7th	Breast	Invasive Breast Carcinoma	Invasive Breast Carcinoma	10	-25029	NA	5.325969031	0:DiseaseFree	Infiltrating Ductal Carcinoma	NOT HISPANIC OR LATINO	0.5044	C50.9	NO	8500/3	125	BRCA	0.328515111695138	0:LIVING	4e3699da-4367-4a43-9d66-a117d3ad460d	41dc8345-7968-42b2-af20-8501b9d2223d	M0	N2	Stage IIIA	T2	Infiltrating Ductal Carcinoma	Breast	False	False	TCGA-BRCA	Invasive Breast Carcinoma	released	WHITE	1	Primary Tumor	1	Female	4.166666666666667	Alive	2010
brca_tcga_gdc	TCGA-AN-A0XO	TCGA-AN-A0XO-01	59	7th	Breast	Invasive Breast Carcinoma	Invasive Breast Carcinoma	375	-21640	NA	5.588979847	0:DiseaseFree	Infiltrating Ductal Carcinoma	NOT HISPANIC OR LATINO	0.2109	C50.9	NO	8500/3	27	BRCA	12.319316688567673	0:LIVING	195b6731-6ae6-416e-a345-0eb8874a0ca2	82371bb4-13dd-4868-9872-bd3e3e1da67d	M0	N2	Stage IIIA	T2	Infiltrating Ductal Carcinoma	Breast	False	False	TCGA-BRCA	Invasive Breast Carcinoma	released	WHITE	1	Primary Tumor	1	Female	0.8666666666666667	Alive	2010
brca_tcga_gdc	TCGA-AN-A0XP	TCGA-AN-A0XP-01	69	7th	Breast	Invasive Breast Carcinoma	Invasive Breast Carcinoma	9	-25305	NA	80.28405168	0:DiseaseFree	Infiltrating Ductal Carcinoma	NOT HISPANIC OR LATINO	0.1575	C50.9	NO	8500/3	23	BRCA	0.2956636005256242	0:LIVING	cf0e7e4e-b857-4db5-9ae2-551a899f77be	1359c419-d678-4a51-a50a-1cdf258bb58b	M0	N2	Stage IIIA	T2	Infiltrating Ductal Carcinoma	Breast	False	False	TCGA-BRCA	Invasive Breast Carcinoma	released	WHITE	1	Primary Tumor	1	Female	0.7666666666666667	Alive	2010
brca_tcga_gdc	TCGA-AN-A0XR	TCGA-AN-A0XR-01	55	7th	Breast	Invasive Breast Carcinoma	Invasive Breast Carcinoma	10	-20381	NA	61.34727291	0:DiseaseFree	Infiltrating Ductal Carcinoma	NOT HISPANIC OR LATINO	0.1293	C50.9	NO	8500/3	25	BRCA	0.328515111695138	0:LIVING	f51af6db-2655-47fb-9ffc-83a503a728ea	6edcdb8a-80e8-42a8-86ff-3950c1f3cb89	M0	N2	Stage IIIA	T2	Infiltrating Ductal Carcinoma	Breast	False	False	TCGA-BRCA	Invasive Breast Carcinoma	released	WHITE	1	Primary Tumor	1	Female	0.8333333333333334	Alive	2010
brca_tcga_gdc	TCGA-AN-A0XS	TCGA-AN-A0XS-01	63	7th	Breast	Invasive Breast Carcinoma	Invasive Breast Carcinoma	10	-23358	NA	54.08159911	1:Recurred/Progressed	Infiltrating Ductal Carcinoma	NOT HISPANIC OR LATINO	0.0801	C50.9	NO	8500/3	26	BRCA	0.328515111695138	0:LIVING	95e949d3-b1f3-46c6-9451-8fe92c99e4cf	464c704d-fa2e-4ec1-b77c-4441422082eb	M0	N2	Stage IIIA	T2	Infiltrating Ductal Carcinoma	Breast	False	False	TCGA-BRCA	Invasive Breast Carcinoma	released	WHITE	1	Primary Tumor	1	Female	0.8666666666666667	Alive	2010
brca_tcga_gdc	TCGA-AN-A0XT	TCGA-AN-A0XT-01	54	7th	Breast	Invasive Breast Carcinoma	Invasive Breast Carcinoma	10	-19794	NA	81.63198212	0:DiseaseFree	Infiltrating Ductal Carcinoma	NOT HISPANIC OR LATINO	0.3196	C50.9	NO	8500/3	8	BRCA	0.328515111695138	0:LIVING	3e25056d-d137-49f5-abaa-f68509426600	73ea6778-4dbe-4300-a80b-bf41f6ac5fd9	M0	N2	Stage IIIA	T2	Infiltrating Ductal Carcinoma	Breast	False	False	TCGA-BRCA	Invasive Breast Carcinoma	released	WHITE	1	Primary Tumor	1	Female	0.26666666666666666	Alive	2010
brca_tcga_gdc	TCGA-AN-A0XU	TCGA-AN-A0XU-01	54	7th	Breast	Invasive Breast Carcinoma	Invasive Breast Carcinoma	10	-20052	NA	NA	NA	Infiltrating Ductal Carcinoma	NOT HISPANIC OR LATINO	0.4766	C50.9	NO	8500/3	108	BRCA	0.328515111695138	0:LIVING	a1da9db1-db11-4f4d-a249-c738db81b87e	ee368eb1-55e1-471e-b88b-bab896e37b5c	M0	N0	Stage IIA	T2	Infiltrating Ductal Carcinoma	Breast	False	False	TCGA-BRCA	Invasive Breast Carcinoma	released	WHITE	1	Primary Tumor	1	Female	3.6	Alive	2010
brca_tcga_gdc	TCGA-AN-A0XV	TCGA-AN-A0XV-01	67	7th	Breast	Invasive Breast Carcinoma	Invasive Breast Carcinoma	162	-24779	NA	68.74445212	0:DiseaseFree	Infiltrating Ductal Carcinoma	NOT HISPANIC OR LATINO	0.0867	C50.9	NO	8500/3	28	BRCA	5.321944809461235	0:LIVING	ac18b3a3-8d52-4e35-8625-673171a7fd92	f45e5bb1-c07d-4869-8acd-03036629e83d	M0	N2	Stage IIIA	T2	Infiltrating Ductal Carcinoma	Breast	False	False	TCGA-BRCA	Invasive Breast Carcinoma	released	WHITE	1	Primary Tumor	1	Female	0.9333333333333333	Alive	2010
brca_tcga_gdc	TCGA-AN-A0XW	TCGA-AN-A0XW-01	36	7th	Breast	Invasive Breast Carcinoma	Invasive Breast Carcinoma	170	-13208	NA	69.82937173	0:DiseaseFree	Infiltrating Ductal Carcinoma	NOT HISPANIC OR LATINO	0.2580	C50.9	NO	8500/3	245	BRCA	5.5847568988173455	0:LIVING	39de7761-e762-4811-b95c-8216b79ae06b	38bf35cd-b2f7-4532-9bff-d95cfe2cafd5	M0	N2	Stage IIIA	T2	Infiltrating Ductal Carcinoma	Breast	False	False	TCGA-BRCA	Invasive Breast Carcinoma	released	WHITE	1	Primary Tumor	1	Female	8.166666666666666	Alive	2010
brca_tcga_gdc	TCGA-AO-A03L	TCGA-AO-A03L-01	34	6th	Breast	Invasive Breast Carcinoma	Invasive Breast Carcinoma	2442	-12443	NA	58.94729921	0:DiseaseFree	Infiltrating Ductal Carcinoma	NOT HISPANIC OR LATINO	0.6218	C50.9	NO	8500/3	23	BRCA	80.2233902759527	0:LIVING	1174f6e4-ffbe-4e59-a000-8d861c968369	00f81e98-e5c3-43b2-9757-f769ec17f3f8	M0	N2	Stage IIIA	T3	Infiltrating Ductal Carcinoma	Breast	False	False	TCGA-BRCA	Invasive Breast Carcinoma	released	ASIAN	1	Primary Tumor	1	Female	0.7666666666666667	Alive	2003
brca_tcga_gdc	TCGA-AO-A03M	TCGA-AO-A03M-01	29	6th	Breast	Invasive Breast Carcinoma	Invasive Breast Carcinoma	1455	-10616	NA	44.41595161	0:DiseaseFree	Infiltrating Ductal Carcinoma	NOT HISPANIC OR LATINO	0.1636	C50.9	NO	8500/3	NA	BRCA	61.300919842312744	0:LIVING	095c7985-3842-494f-b591-706ad1cd2133	79af2c1a-1da2-4207-8ce8-b5d3d418066d	M0	N0 (i-)	Stage I	T1c	Infiltrating Ductal Carcinoma	Breast	False	False	TCGA-BRCA	Invasive Breast Carcinoma	released	WHITE	1	Primary Tumor	1	Female	NA	Alive	2006
brca_tcga_gdc	TCGA-AO-A03N	TCGA-AO-A03N-01	59	6th	Breast	Invasive Breast Carcinoma	Invasive Breast Carcinoma	1645	-21816	NA	32.77772298	0:DiseaseFree	Infiltrating Ductal Carcinoma	NOT HISPANIC OR LATINO	0.4951	C50.9	NO	8500/3	NA	BRCA	66.72141918528251	0:LIVING	9435447e-d65f-408b-863b-6576b1d652dd	06b3e3ca-24b9-4e19-9e59-b51cc6d6735b	M0	N1a	Stage IIB	T2	Infiltrating Ductal Carcinoma	Breast	False	False	TCGA-BRCA	Invasive Breast Carcinoma	released	WHITE	1	Primary Tumor	1	Female	NA	Alive	2006
brca_tcga_gdc	TCGA-AO-A03O	TCGA-AO-A03O-01	69	NA	Breast	Invasive Breast Carcinoma	Invasive Breast Carcinoma	NA	-25362	2483	21.40250518	0:DiseaseFree	Infiltrating Ductal Carcinoma	NOT HISPANIC OR LATINO	0.4293	C50.9	NO	8500/3	65	BRCA	81.57030223390275	1:DECEASED	1111fb30-46ce-4722-98da-ec9ba2323d90	a19fbcc1-a781-4496-97ed-487aa83aae29	M0	N0 (i-)	Stage IIA	T2	Infiltrating Ductal Carcinoma	Breast	False	False	TCGA-BRCA	Invasive Breast Carcinoma	released	BLACK OR AFRICAN AMERICAN	1	Primary Tumor	1	Female	2.1666666666666665	Dead	2002
brca_tcga_gdc	TCGA-AO-A03P	TCGA-AO-A03P-01	54	6th	Breast	Invasive Breast Carcinoma	Invasive Breast Carcinoma	2576	-19724	2911	52.17477069	0:DiseaseFree	Infiltrating Ductal Carcinoma	NOT HISPANIC OR LATINO	0.4103	C50.9	NO	8500/3	32	BRCA	95.63074901445466	1:DECEASED	2d4c778c-7f77-4f0a-8261-2086accf15fd	05507d2c-3dea-4554-8f06-039fd555309a	M0	N1	Stage IIB	T2	Infiltrating Ductal Carcinoma	Breast	False	False	TCGA-BRCA	Invasive Breast Carcinoma	released	BLACK OR AFRICAN AMERICAN	1	Primary Tumor	1	Female	1.0666666666666667	Dead	2003
brca_tcga_gdc	TCGA-AO-A03R	TCGA-AO-A03R-01	57	NA	Breast	Invasive Breast Carcinoma	Invasive Breast Carcinoma	1707	-20930	NA	NA	NA	Infiltrating Ductal Carcinoma	NOT HISPANIC OR LATINO	0.2451	C50.9	NO	8500/3	33	BRCA	68.69250985545335	0:LIVING	2e82e576-3095-4aee-9853-65f676647c34	1be0c409-dd2c-4d82-80c4-2a71ec4d17d4	M0	N1a	Stage IIB	T2	Infiltrating Ductal Carcinoma	Breast	False	False	TCGA-BRCA	Invasive Breast Carcinoma	released	WHITE	1	Primary Tumor	1	Female	1.1	Alive	2005
brca_tcga_gdc	TCGA-AO-A03T	TCGA-AO-A03T-01	42	6th	Breast	Invasive Breast Carcinoma	Invasive Breast Carcinoma	1187	-15540	NA	37.47904133	0:DiseaseFree	Infiltrating Ductal Carcinoma	NOT HISPANIC OR LATINO	0.2684	C50.9	NO	8500/3	78	BRCA	69.7766097240473	0:LIVING	dd6b64a8-d546-4fd1-bbbd-ac9703791cae	a919faa8-0df6-4a94-b12d-46d99df6f26d	M0	N1a	Stage IIB	T2	Infiltrating Ductal Carcinoma	Breast	False	False	TCGA-BRCA	Invasive Breast Carcinoma	released	WHITE	1	Primary Tumor	1	Female	2.6	Alive	2007
brca_tcga_gdc	TCGA-AO-A03U	TCGA-AO-A03U-01	31	6th	Breast	Invasive Breast Carcinoma	Invasive Breast Carcinoma	NA	-11354	1793	20.31758556	0:DiseaseFree	Other, specify	NOT HISPANIC OR LATINO	0.0010	C50.9	NO	8502/3	NA	BRCA	58.90275952693823	1:DECEASED	0685edd2-ce1c-4e0e-8dda-393139af4223	dfb7fb86-5f46-4666-a008-395aa0881267	M0	N0 (i-)	Stage I	T1c	Other, specify	Breast	False	False	TCGA-BRCA	Invasive Breast Carcinoma	released	WHITE	1	Primary Tumor	1	Female	NA	Dead	2001
brca_tcga_gdc	TCGA-AO-A03V	TCGA-AO-A03V-01	41	6th	Breast	Invasive Breast Carcinoma	Invasive Breast Carcinoma	886	-15284	NA	22.35591939	0:DiseaseFree	Infiltrating Ductal Carcinoma	NOT HISPANIC OR LATINO	0.3266	C50.9	NO	8500/3	45	BRCA	44.382391590013135	0:LIVING	a6cb373a-1604-4e25-bd81-da6c3e4f06ee	a8484534-e92a-49a7-8818-d21606d19701	M0	N0 (i-)	Stage I	T1c	Infiltrating Ductal Carcinoma	Breast	False	False	TCGA-BRCA	Invasive Breast Carcinoma	released	WHITE	1	Primary Tumor	1	Female	1.5	Alive	2008
brca_tcga_gdc	TCGA-AO-A0J2	TCGA-AO-A0J2-01	41	NA	Breast	Invasive Breast Carcinoma	Invasive Breast Carcinoma	585	-15324	NA	35.04619128	1:Recurred/Progressed	Infiltrating Ductal Carcinoma	NOT HISPANIC OR LATINO	0.7109	C50.9	NO	8500/3	52	BRCA	32.75295663600526	0:LIVING	d2f2560c-ec80-4fea-9474-c47a2e85ea95	4f5e142f-d936-469d-abaa-37baf6f045af	M0	N0 (i-)	Stage IA	T1c	Infiltrating Ductal Carcinoma	Breast	False	False	TCGA-BRCA	Invasive Breast Carcinoma	released	WHITE	1	Primary Tumor	1	Female	1.7333333333333334	Alive	2008
brca_tcga_gdc	TCGA-AO-A0J3	TCGA-AO-A0J3-01	67	NA	Breast	Invasive Breast Carcinoma	Invasive Breast Carcinoma	302	-24519	NA	4.701318342	1:Recurred/Progressed	Other, specify	NOT HISPANIC OR LATINO	0.5278	C50.9	NO	8523/3	63	BRCA	21.38633377135348	0:LIVING	39cde586-df95-435f-b9a6-73b0c0ee5e92	f93c9b46-b07e-4a5f-9b3e-d7cebe34ebed	M0	N1b	Stage IIB	T2	Other, specify	Breast	False	False	TCGA-BRCA	Invasive Breast Carcinoma	released	WHITE	1	Primary Tumor	1	Female	2.1	Alive	2009
brca_tcga_gdc	TCGA-AO-A0J4	TCGA-AO-A0J4-01	41	NA	Breast	Invasive Breast Carcinoma	Invasive Breast Carcinoma	294	-15052	NA	50.69533485	0:DiseaseFree	Infiltrating Ductal Carcinoma	NOT HISPANIC OR LATINO	0.4367	C50.9	NO	8500/3	88	BRCA	52.135348226018394	0:LIVING	a9b7d7fe-be31-4f71-afee-c1bfdf511888	cf11642a-eb96-4b37-b914-371c71f8e0ca	M0	N0 (i-)	Stage IA	T1c	Infiltrating Ductal Carcinoma	Breast	False	False	TCGA-BRCA	Invasive Breast Carcinoma	released	BLACK OR AFRICAN AMERICAN	1	Primary Tumor	1	Female	2.933333333333333	Alive	2009
brca_tcga_gdc	TCGA-AO-A0J5	TCGA-AO-A0J5-01	48	NA	Breast	Invasive Breast Carcinoma	Invasive Breast Carcinoma	735	-17815	792	50.85971661	0:DiseaseFree	Other, specify	NOT HISPANIC OR LATINO	0.1310	C50.9	NO	8523/3	39	BRCA	26.018396846254927	1:DECEASED	c1442467-d618-435f-8792-b1a18f696f1a	0bbcc10c-ff75-433b-a58b-7915d27eb7d6	M1	N1a	Stage IV	T4	Other, specify	Breast	False	True	TCGA-BRCA	Invasive Breast Carcinoma	released	WHITE	1	Primary Tumor	1	Female	1.3	Dead	2008
brca_tcga_gdc	TCGA-AO-A0J6	TCGA-AO-A0J6-01	61	NA	Breast	Invasive Breast Carcinoma	Invasive Breast Carcinoma	775	-22462	NA	71.99921097	0:DiseaseFree	Infiltrating Ductal Carcinoma	NOT HISPANIC OR LATINO	0.4710	C50.9	NO	8500/3	90	BRCA	37.450722733245726	0:LIVING	e9f4f373-37a5-48ad-a1a0-b0d47820111a	0c12ea89-eeb4-4865-91eb-10cf75884c21	M0	N0 (i-)	Stage IIA	T2	Infiltrating Ductal Carcinoma	Breast	False	False	TCGA-BRCA	Invasive Breast Carcinoma	released	WHITE	1	Primary Tumor	1	Female	2.966666666666667	Alive	2008
brca_tcga_gdc	TCGA-AO-A0J7	TCGA-AO-A0J7-01	71	NA	Breast	Invasive Breast Carcinoma	Invasive Breast Carcinoma	261	-26281	NA	NA	NA	Other, specify	NOT HISPANIC OR LATINO	0.7695	C50.9	NO	8523/3	14	BRCA	20.302233902759525	0:LIVING	9536bec0-dae0-4d63-a1b3-956741835243	efbff161-d65a-4009-8e95-50d7f6cae435	M0	N1	Stage IIB	T2	Other, specify	Breast	False	False	TCGA-BRCA	Invasive Breast Carcinoma	released	WHITE	1	Primary Tumor	1	Female	0.4666666666666667	Alive	2009
brca_tcga_gdc	TCGA-AO-A0J8	TCGA-AO-A0J8-01	61	NA	Breast	Invasive Breast Carcinoma	Invasive Breast Carcinoma	277	-22284	NA	65.09517704	0:DiseaseFree	Infiltrating Lobular Carcinoma	NOT HISPANIC OR LATINO	0.1361	C50.9	NO	8520/3	21	BRCA	22.339027595269382	0:LIVING	02bf5203-f9cd-4c5a-97b4-e5584dc22325	c6e14fab-a2a2-4102-8b70-2865757d2f48	M0	N0 (i+)	Stage IIA	T2	Infiltrating Lobular Carcinoma	Breast	False	False	TCGA-BRCA	Invasive Breast Carcinoma	released	WHITE	1	Primary Tumor	1	Female	0.7	Alive	2009
brca_tcga_gdc	TCGA-AO-A0J9	TCGA-AO-A0J9-01	61	NA	Breast	Invasive Breast Carcinoma	Invasive Breast Carcinoma	1256	-22642	NA	NA	NA	Infiltrating Lobular Carcinoma	NOT HISPANIC OR LATINO	0.3625	C50.9	NO	8520/3	93	BRCA	52.989487516425754	0:LIVING	a4903de8-6cf5-4541-8ec7-065beace8b44	0c8df249-80de-4675-93e5-d06ad8ea3001	M0	N3	Stage IIIC	T2	Infiltrating Lobular Carcinoma	Breast	False	False	TCGA-BRCA	Invasive Breast Carcinoma	released	WHITE	1	Primary Tumor	1	Female	3.1	Alive	2007
brca_tcga_gdc	TCGA-AO-A0JA	TCGA-AO-A0JA-01	36	NA	Breast	Invasive Breast Carcinoma	Invasive Breast Carcinoma	346	-13307	NA	50.23506592	0:DiseaseFree	Infiltrating Ductal Carcinoma	NOT HISPANIC OR LATINO	0.3122	C50.9	NO	8500/3	20	BRCA	21.517739816031536	0:LIVING	86b7b206-8e69-432d-acc9-bccce710955e	8e666196-bf9d-4b71-9c66-ee9272b671a5	M0	N3	Stage IIIC	T2	Infiltrating Ductal Carcinoma	Breast	False	False	TCGA-BRCA	Invasive Breast Carcinoma	released	BLACK OR AFRICAN AMERICAN	1	Primary Tumor	1	Female	0.6666666666666666	Alive	2009
brca_tcga_gdc	TCGA-AO-A0JB	TCGA-AO-A0JB-01	50	NA	Breast	Invasive Breast Carcinoma	Invasive Breast Carcinoma	1150	-18561	NA	62.0376763	0:DiseaseFree	Infiltrating Ductal Carcinoma	NOT HISPANIC OR LATINO	0.4330	C50.9	NO	8500/3	76	BRCA	50.65703022339027	0:LIVING	3ea9412b-429e-4dcf-90cd-c53be06885a1	118021a5-6601-40a5-aef3-53c7fa4ed007	M0	N1a	Stage IIIA	T3	Infiltrating Ductal Carcinoma	Breast	False	False	TCGA-BRCA	Invasive Breast Carcinoma	released	WHITE	1	Primary Tumor	1	Female	2.533333333333333	Alive	2007
brca_tcga_gdc	TCGA-AO-A0JC	TCGA-AO-A0JC-01	64	NA	Breast	Invasive Breast Carcinoma	Invasive Breast Carcinoma	1547	-23404	NA	55.33090048	0:DiseaseFree	Infiltrating Ductal Carcinoma	NOT HISPANIC OR LATINO	0.0001	C50.9	NO	8500/3	115	BRCA	50.82128777923784	0:LIVING	03565036-b6d3-432f-8d9a-7099818e0788	63aa7e64-3d7c-43e8-87fa-f52855faed80	M0	N0 (i-)	Stage IIA	T2	Infiltrating Ductal Carcinoma	Breast	False	False	TCGA-BRCA	Invasive Breast Carcinoma	released	WHITE	1	Primary Tumor	1	Female	3.8333333333333335	Alive	2006
brca_tcga_gdc	TCGA-AO-A0JD	TCGA-AO-A0JD-01	59	NA	Breast	Invasive Breast Carcinoma	Invasive Breast Carcinoma	1813	-21831	NA	71.80195286	0:DiseaseFree	Infiltrating Ductal Carcinoma	NOT HISPANIC OR LATINO	0.3994	C50.9	NO	8500/3	92	BRCA	71.94480946123521	0:LIVING	0a229f95-0ea1-4d63-953e-74f5ec2f3028	6292ad22-cf2f-4e72-a95d-2441d667a147	M0	N1a	Stage IIIA	T3	Infiltrating Ductal Carcinoma	Breast	False	False	TCGA-BRCA	Invasive Breast Carcinoma	released	WHITE	1	Primary Tumor	1	Female	3.066666666666667	Alive	2005
brca_tcga_gdc	TCGA-AO-A0JE	TCGA-AO-A0JE-01	53	NA	Breast	Invasive Breast Carcinoma	Invasive Breast Carcinoma	1966	-19516	NA	115.2644903	0:DiseaseFree	Infiltrating Ductal Carcinoma	NOT HISPANIC OR LATINO	0.3702	C50.9	NO	8500/3	37	BRCA	76.70827858081472	0:LIVING	36fe6152-f61e-4948-9ccc-23ac01a9d77d	0a43ad98-2671-4701-9e5d-35ad63e8ad50	M0	N2a	Stage IIIA	T2	Infiltrating Ductal Carcinoma	Breast	False	False	TCGA-BRCA	Invasive Breast Carcinoma	released	BLACK OR AFRICAN AMERICAN	1	Primary Tumor	1	Female	1.2333333333333334	Alive	2005
brca_tcga_gdc	TCGA-AO-A0JF	TCGA-AO-A0JF-01	68	NA	Breast	Invasive Breast Carcinoma	Invasive Breast Carcinoma	354	-24923	NA	113.6206727	0:DiseaseFree	Infiltrating Ductal Carcinoma	NOT HISPANIC OR LATINO	0.0579	C50.9	NO	8500/3	19	BRCA	65.04599211563732	0:LIVING	f357fe19-5359-4662-8ce9-aa996132283b	ddee0b07-2771-40c7-bdda-c1100958f0d8	M0	N1a	Stage IIA	T1c	Infiltrating Ductal Carcinoma	Breast	False	False	TCGA-BRCA	Invasive Breast Carcinoma	released	WHITE	1	Primary Tumor	1	Female	0.6333333333333333	Alive	2009
brca_tcga_gdc	TCGA-AO-A0JG	TCGA-AO-A0JG-01	49	NA	Breast	Invasive Breast Carcinoma	Invasive Breast Carcinoma	449	-18021	NA	8.777985995	1:Recurred/Progressed	Other, specify	NOT HISPANIC OR LATINO	0.2289	C50.9	NO	8523/3	14	BRCA	26.21550591327201	0:LIVING	58959e88-54e2-4558-9664-2effda7403dc	e8eda441-d2d9-4708-bb9c-21f7da4e3094	M0	N2a	Stage IIIA	T2	Other, specify	Breast	False	False	TCGA-BRCA	Invasive Breast Carcinoma	released	WHITE	1	Primary Tumor	1	Female	0.4666666666666667	Alive	2009
brca_tcga_gdc	TCGA-AO-A0JI	TCGA-AO-A0JI-01	56	NA	Breast	Invasive Breast Carcinoma	Invasive Breast Carcinoma	1172	-20694	NA	106.7823914	0:DiseaseFree	Infiltrating Ductal Carcinoma	NOT HISPANIC OR LATINO	0.2482	C50.9	NO	8500/3	14	BRCA	50.19710906701708	0:LIVING	e17c565c-9857-4df3-a352-903b53093c85	630613d2-682f-4a1a-b1fa-95320fb9a9b7	M0	N1	Stage IIA	T1c	Infiltrating Ductal Carcinoma	Breast	False	False	TCGA-BRCA	Invasive Breast Carcinoma	released	WHITE	1	Primary Tumor	1	Female	0.4666666666666667	Alive	2007
brca_tcga_gdc	TCGA-AO-A0JJ	TCGA-AO-A0JJ-01	54	NA	Breast	Invasive Breast Carcinoma	Invasive Breast Carcinoma	1512	-19758	NA	108.0316928	0:DiseaseFree	Infiltrating Lobular Carcinoma	NOT HISPANIC OR LATINO	0.1460	C50.9	NO	8520/3	12	BRCA	61.990801576872535	0:LIVING	bef7b135-a727-45e8-850a-cc4cd56c49aa	008dafdd-a3d1-4801-8c0a-8714e2b58e48	M0	N1a	Stage IIB	T2	Infiltrating Lobular Carcinoma	Breast	False	False	TCGA-BRCA	Invasive Breast Carcinoma	released	WHITE	1	Primary Tumor	1	Female	0.4	Alive	2006
brca_tcga_gdc	TCGA-AO-A0JL	TCGA-AO-A0JL-01	59	NA	Breast	Invasive Breast Carcinoma	Invasive Breast Carcinoma	1319	-21895	NA	NA	NA	Infiltrating Ductal Carcinoma	NOT HISPANIC OR LATINO	0.6320	C50.9	NO	8500/3	NA	BRCA	55.28909329829172	0:LIVING	d5d8e76e-2f2a-49bc-ba0a-d51283611b16	834d2e25-da72-413b-bb0e-3beb24d46472	M0	N2a	Stage IIIA	T2	Infiltrating Ductal Carcinoma	Breast	False	False	TCGA-BRCA	Invasive Breast Carcinoma	released	WHITE	1	Primary Tumor	1	Female	NA	Alive	2006
brca_tcga_gdc	TCGA-AO-A0JM	TCGA-AO-A0JM-01	40	NA	Breast	Invasive Breast Carcinoma	Invasive Breast Carcinoma	1826	-14653	NA	98.26741625	0:DiseaseFree	Infiltrating Ductal Carcinoma	HISPANIC OR LATINO	0.3529	C50.9	NO	8500/3	34	BRCA	71.74770039421813	0:LIVING	44bec761-b603-49c0-8634-f6bfe0319bb1	7ec2c455-d90f-4cd5-9bbb-aedbf21eca00	M0	N1	Stage IIB	T2	Infiltrating Ductal Carcinoma	Breast	False	False	TCGA-BRCA	Invasive Breast Carcinoma	released	NA	1	Primary Tumor	1	Female	1.1333333333333333	Alive	2005
brca_tcga_gdc	TCGA-AO-A124	TCGA-AO-A124-01	38	5th	Breast	Invasive Breast Carcinoma	Invasive Breast Carcinoma	3120	-14174	NA	82.68402538	0:DiseaseFree	Other, specify	NOT HISPANIC OR LATINO	0.7212	C50.9	NO	8523/3	117	BRCA	115.17739816031536	0:LIVING	b094e8b2-8ece-4b36-8025-18073a8b873c	2f4d3cea-30c8-4cf0-a610-33b3e20241e8	M0	N0 (i-)	Stage IIA	T2	Other, specify	Breast	False	False	TCGA-BRCA	Invasive Breast Carcinoma	released	WHITE	1	Primary Tumor	1	Female	3.9	Alive	2002
brca_tcga_gdc	TCGA-AO-A125	TCGA-AO-A125-01	72	5th	Breast	Invasive Breast Carcinoma	Invasive Breast Carcinoma	3019	-26466	NA	70.42114607	0:DiseaseFree	Other, specify	NOT HISPANIC OR LATINO	0.1165	C50.9	NO	8050/3	NA	BRCA	113.53482260183968	0:LIVING	8577ffcb-242e-40e2-98d4-2831d952be34	2fb2f7f4-2435-4ac0-a405-a342e15ef7cd	M0	N0 (i-)	Stage IIA	T2	Other, specify	Breast	False	False	TCGA-BRCA	Invasive Breast Carcinoma	released	BLACK OR AFRICAN AMERICAN	1	Primary Tumor	1	Female	NA	Alive	2002
brca_tcga_gdc	TCGA-AO-A126	TCGA-AO-A126-01	39	NA	Breast	Invasive Breast Carcinoma	Invasive Breast Carcinoma	2850	-14264	NA	60.55824046	0:DiseaseFree	Infiltrating Ductal Carcinoma	NOT HISPANIC OR LATINO	0.1533	C50.9	NO	8500/3	NA	BRCA	108.63994743758212	0:LIVING	cc0902fd-a2fc-4327-929e-d4219e32e1d7	7a1381f5-7106-4618-884b-7e269f003e19	M0	N0 (i-)	Stage IIA	T2	Infiltrating Ductal Carcinoma	Breast	False	False	TCGA-BRCA	Invasive Breast Carcinoma	released	ASIAN	1	Primary Tumor	1	Female	NA	Alive	2002
brca_tcga_gdc	TCGA-AO-A128	TCGA-AO-A128-01	61	NA	Breast	Invasive Breast Carcinoma	Invasive Breast Carcinoma	2877	-22340	NA	53.88434099	0:DiseaseFree	Infiltrating Ductal Carcinoma	NOT HISPANIC OR LATINO	0.1596	C50.9	NO	8500/3	739	BRCA	106.70170827858081	0:LIVING	016caf42-4e19-4444-ab5d-6cf1e76c4afa	163000c7-0633-4d89-a84f-f487517248db	M0	N0 (i-)	Stage IIA	T2	Infiltrating Ductal Carcinoma	Breast	False	False	TCGA-BRCA	Invasive Breast Carcinoma	released	WHITE	1	Primary Tumor	1	Female	24.6	Alive	2002
brca_tcga_gdc	TCGA-AO-A129	TCGA-AO-A129-01	29	5th	Breast	Invasive Breast Carcinoma	Invasive Breast Carcinoma	2923	-10898	NA	40.56941842	0:DiseaseFree	Infiltrating Ductal Carcinoma	NOT HISPANIC OR LATINO	0.4083	C50.9	NO	8500/3	NA	BRCA	107.95006570302233	0:LIVING	c70ee5e1-4703-4996-bb5c-f4cca0fb53ba	fe3921db-1691-432f-b7fa-703ae8d7bfd2	M0	N1a	Stage IIB	T2	Infiltrating Ductal Carcinoma	Breast	False	False	TCGA-BRCA	Invasive Breast Carcinoma	released	WHITE	1	Primary Tumor	1	Female	NA	Alive	2002
brca_tcga_gdc	TCGA-AO-A12A	TCGA-AO-A12A-01	47	6th	Breast	Invasive Breast Carcinoma	Invasive Breast Carcinoma	2755	-17420	NA	20.44909097	0:DiseaseFree	Infiltrating Ductal Carcinoma	NOT HISPANIC OR LATINO	0.1256	C50.9	NO	8500/3	14	BRCA	102.23390275952693	0:LIVING	99927651-34be-4795-893a-128d8a1fdb30	e35fcfbe-0550-4a39-9996-5d178e3f40ef	M0	N0 (i+)	Stage IIA	T2	Infiltrating Ductal Carcinoma	Breast	False	False	TCGA-BRCA	Invasive Breast Carcinoma	released	WHITE	1	Primary Tumor	1	Female	0.4666666666666667	Alive	2003
brca_tcga_gdc	TCGA-AO-A12B	TCGA-AO-A12B-01	63	6th	Breast	Invasive Breast Carcinoma	Invasive Breast Carcinoma	2359	-23150	NA	97.08386757	0:DiseaseFree	Infiltrating Ductal Carcinoma	HISPANIC OR LATINO	0.1128	C50.9	NO	8500/3	NA	BRCA	98.19316688567673	0:LIVING	f6ed684f-ee7a-496c-80d5-6eacd494d16a	cac72f1c-d337-4e20-8ba0-e48126517a66	M0	N0 (i-)	Stage IIA	T2	Infiltrating Ductal Carcinoma	Breast	False	False	TCGA-BRCA	Invasive Breast Carcinoma	released	WHITE	1	Primary Tumor	1	Female	NA	Alive	2004
brca_tcga_gdc	TCGA-AO-A12C	TCGA-AO-A12C-01	42	6th	Breast	Invasive Breast Carcinoma	Invasive Breast Carcinoma	1994	-15469	NA	77.92	0:DiseaseFree	Infiltrating Ductal Carcinoma	NOT HISPANIC OR LATINO	0.2021	C50.9	NO	8500/3	NA	BRCA	77.92378449408672	0:LIVING	71626753-cc34-4731-abc0-ae188b0964e7	f532eb4d-9e7d-47ef-9612-ceab05c79359	M0	N1a	Stage IIB	T2	Infiltrating Ductal Carcinoma	Breast	False	False	TCGA-BRCA	Invasive Breast Carcinoma	released	WHITE	1	Primary Tumor	1	Female	NA	Alive	2005
brca_tcga_gdc	TCGA-AO-A12D	TCGA-AO-A12D-01	43	6th	Breast	Invasive Breast Carcinoma	Invasive Breast Carcinoma	1948	-15774	NA	82.61827268	0:DiseaseFree	Infiltrating Ductal Carcinoma	NOT HISPANIC OR LATINO	0.3524	C50.9	NO	8500/3	41	BRCA	82.62155059132719	0:LIVING	2fe854b4-bac9-4801-9a1c-ee99388e8082	b6359ede-df10-44b9-a2e2-bbf900eeb241	M0	N1a	Stage IIA	T1c	Infiltrating Ductal Carcinoma	Breast	False	False	TCGA-BRCA	Invasive Breast Carcinoma	released	WHITE	1	Primary Tumor	1	Female	1.3666666666666667	Alive	2005
brca_tcga_gdc	TCGA-AO-A12E	TCGA-AO-A12E-01	51	6th	Breast	Invasive Breast Carcinoma	Invasive Breast Carcinoma	1743	-18721	NA	11.50672321	0:DiseaseFree	Infiltrating Lobular Carcinoma	NOT HISPANIC OR LATINO	0.4034	C50.9	NO	8520/3	NA	BRCA	70.36793692509855	0:LIVING	2cbeadff-a8a3-4787-9d4e-f6b74c3ab5d9	a869827a-f639-4cbf-8efb-1a5f00ed2d0a	M0	N0 (i+)	Stage IIB	T3	Infiltrating Lobular Carcinoma	Breast	False	False	TCGA-BRCA	Invasive Breast Carcinoma	released	WHITE	1	Primary Tumor	1	Female	NA	Alive	2005
brca_tcga_gdc	TCGA-AO-A12F	TCGA-AO-A12F-01	36	6th	Breast	Invasive Breast Carcinoma	Invasive Breast Carcinoma	1471	-13409	NA	17.78610645	0:DiseaseFree	Infiltrating Ductal Carcinoma	NOT HISPANIC OR LATINO	0.6601	C50.9	NO	8500/3	31	BRCA	60.51248357424441	0:LIVING	495f9eda-b9be-4eef-bae1-766a4bfbd68e	8fc813ab-c217-4fae-9189-be0a2b7e0360	M0	N0 (i-)	Stage IIA	T2	Infiltrating Ductal Carcinoma	Breast	False	False	TCGA-BRCA	Invasive Breast Carcinoma	released	WHITE	1	Primary Tumor	1	Female	1.0333333333333334	Alive	2006
brca_tcga_gdc	TCGA-AO-A12G	TCGA-AO-A12G-01	75	6th	Breast	Invasive Breast Carcinoma	Invasive Breast Carcinoma	1266	-27705	NA	24.78876944	0:DiseaseFree	Other, specify	NOT HISPANIC OR LATINO	0.2728	C50.9	NO	8022/3	NA	BRCA	53.843626806833115	0:LIVING	58c56d4b-3f85-4aad-a779-5f9e1791677d	9f48e197-0bfb-430e-a874-d14178485367	M0	N0 (i+)	Stage IIA	T2	Other, specify	Breast	False	False	TCGA-BRCA	Invasive Breast Carcinoma	released	WHITE	1	Primary Tumor	1	Female	NA	Alive	2006
brca_tcga_gdc	TCGA-AO-A12H	TCGA-AO-A12H-01	69	6th	Breast	Invasive Breast Carcinoma	Invasive Breast Carcinoma	863	-25515	NA	26.92573232	0:DiseaseFree	Other, specify	NOT HISPANIC OR LATINO	0.0001	C50.9	NO	8523/3	19	BRCA	40.53876478318003	0:LIVING	b5b99291-507e-4b68-a039-9a0f571f55df	d8afcb32-81d0-43b3-ad5c-e8c735710624	M0	N0 (i-)	Stage IIA	T2	Other, specify	Breast	False	False	TCGA-BRCA	Invasive Breast Carcinoma	released	BLACK OR AFRICAN AMERICAN	1	Primary Tumor	1	Female	0.6333333333333333	Alive	2008
brca_tcga_gdc	TCGA-AO-A1KO	TCGA-AO-A1KO-01	46	6th	Breast	Invasive Breast Carcinoma	Invasive Breast Carcinoma	448	-16817	NA	130.091725	0:DiseaseFree	Infiltrating Lobular Carcinoma	NOT HISPANIC OR LATINO	0.0000	C50.9	NO	8520/3	NA	BRCA	20.43363994743758	0:LIVING	c25898b4-eb33-42f4-bf3f-bf532a929e7d	f4544809-7b92-40bc-b121-0db70c8af314	M0	N0 (i+)	Stage IIB	T3	Infiltrating Lobular Carcinoma	Breast	False	False	TCGA-BRCA	Invasive Breast Carcinoma	released	WHITE	1	Primary Tumor	1	Female	0.0	Alive	2008
brca_tcga_gdc	TCGA-AO-A1KP	TCGA-AO-A1KP-01	77	6th	Breast	Invasive Breast Carcinoma	Invasive Breast Carcinoma	2513	-28247	NA	5.654732551	0:DiseaseFree	Infiltrating Ductal Carcinoma	NOT HISPANIC OR LATINO	0.1826	C50.9	NO	8500/3	13	BRCA	97.01051248357425	0:LIVING	3aaabc62-f5a4-4025-9b29-5adf82c86c84	b8718131-47af-4eec-b601-12fa3969ca44	M0	N1	Stage IIA	T1	Infiltrating Ductal Carcinoma	Breast	False	False	TCGA-BRCA	Invasive Breast Carcinoma	released	WHITE	1	Primary Tumor	1	Female	0.43333333333333335	Alive	2003
brca_tcga_gdc	TCGA-AO-A1KQ	TCGA-AO-A1KQ-01	84	6th	Breast	Invasive Breast Carcinoma	Invasive Breast Carcinoma	1519	-30859	NA	15.61626722	0:DiseaseFree	Infiltrating Ductal Carcinoma	NOT HISPANIC OR LATINO	0.5189	C50.9	NO	8500/3	NA	BRCA	61.826544021024965	0:LIVING	d2219a3f-4c55-4dee-9b08-c6f330dd1acf	82df814f-5c83-413f-99f5-153aed79161c	M0	N1	Stage IIIB	T4	Infiltrating Ductal Carcinoma	Breast	False	False	TCGA-BRCA	Invasive Breast Carcinoma	released	WHITE	1	Primary Tumor	1	Male	NA	Alive	2006
brca_tcga_gdc	TCGA-AO-A1KR	TCGA-AO-A1KR-01	51	6th	Breast	Invasive Breast Carcinoma	Invasive Breast Carcinoma	2141	-18900	NA	32.51471217	0:DiseaseFree	Infiltrating Ductal Carcinoma	NOT HISPANIC OR LATINO	0.4678	C50.9	NO	8500/3	54	BRCA	82.55584756898817	0:LIVING	b7f74ae1-6f58-447c-be50-a7666eb19d9a	00a59c97-91b4-413e-8d9e-674753997221	M0	N0	Stage IIA	T2	Infiltrating Ductal Carcinoma	Breast	False	False	TCGA-BRCA	Invasive Breast Carcinoma	released	WHITE	1	Primary Tumor	1	Female	1.8	Alive	2005
brca_tcga_gdc	TCGA-AO-A1KS	TCGA-AO-A1KS-01	69	7th	Breast	Invasive Breast Carcinoma	Invasive Breast Carcinoma	16	-25230	NA	2.564355459	0:DiseaseFree	Infiltrating Lobular Carcinoma	NOT HISPANIC OR LATINO	0.4860	C50.9	NO	8520/3	30	BRCA	11.498028909329829	0:LIVING	bb8d42d3-ad65-4d88-ae1d-f9aadfc7962d	76f4bdbc-58c8-4424-865b-c6531d908dc3	M0	N0 (i-)	Stage IIA	T2	Infiltrating Lobular Carcinoma	Breast	False	False	TCGA-BRCA	Invasive Breast Carcinoma	released	WHITE	1	Primary Tumor	1	Female	1.0	Alive	2010
brca_tcga_gdc	TCGA-AO-A1KT	TCGA-AO-A1KT-01	78	6th	Breast	Invasive Breast Carcinoma	Invasive Breast Carcinoma	541	-28660	NA	32.90922839	0:DiseaseFree	Infiltrating Ductal Carcinoma	NOT HISPANIC OR LATINO	0.3473	C50.9	NO	8500/3	34	BRCA	17.772667542706962	0:LIVING	1f8f87cb-8a0b-474c-97fb-c71b4fd88d97	15c2deaa-1162-4ee8-b698-179bfd67a78d	M0	N1	Stage IIA	T1	Infiltrating Ductal Carcinoma	Breast	NA	False	TCGA-BRCA	Invasive Breast Carcinoma	released	WHITE	1	Primary Tumor	1	Female	1.1333333333333333	Alive	2009
brca_tcga_gdc	TCGA-AQ-A04H	TCGA-AQ-A04H-01	61	6th	Breast	Invasive Breast Carcinoma	Invasive Breast Carcinoma	439	-22539	NA	19.19978959	0:DiseaseFree	Infiltrating Ductal Carcinoma	NOT HISPANIC OR LATINO	0.4208	C50.9	NO	8500/3	50	BRCA	24.7700394218134	0:LIVING	83f943c7-3975-4b4f-985d-9c057741793b	21438c0b-398e-4fe6-bd2f-cfae83292341	MX	N2a	Stage IIIA	T2	Infiltrating Ductal Carcinoma	Breast	False	False	TCGA-BRCA	Invasive Breast Carcinoma	released	WHITE	1	Primary Tumor	1	Female	1.6666666666666667	Alive	2009
brca_tcga_gdc	TCGA-AQ-A04J	TCGA-AQ-A04J-01	45	NA	Breast	Invasive Breast Carcinoma	Invasive Breast Carcinoma	160	-16615	NA	140.546405	0:DiseaseFree	Infiltrating Ductal Carcinoma	NOT HISPANIC OR LATINO	0.3361	C50.9	NO	8500/3	46	BRCA	26.905387647831798	0:LIVING	9938ce5c-e74e-446e-a932-f096f85cc3b1	09d6f42c-5e9f-4adc-bd8c-e5dca597fc01	M0	N0 (i+)	Stage IIA	T2	Infiltrating Ductal Carcinoma	Breast	False	False	TCGA-BRCA	Invasive Breast Carcinoma	released	WHITE	1	Primary Tumor	1	Female	1.5666666666666667	Alive	2009
brca_tcga_gdc	TCGA-AQ-A0Y5	TCGA-AQ-A0Y5-01	70	7th	Breast	Invasive Breast Carcinoma	Invasive Breast Carcinoma	NA	-25793	172	5.260216326	0:DiseaseFree	Infiltrating Ductal Carcinoma	NOT HISPANIC OR LATINO	0.4760	C50.9	NO	8500/3	42	BRCA	5.650459921156373	1:DECEASED	d0b78f3f-a198-437a-ab8c-204345d3b75d	f5675b71-ed1b-4fdb-be07-d627dc98ed88	MX	N2a	Stage IIIA	T2	Infiltrating Ductal Carcinoma	Breast	True	True	TCGA-BRCA	Invasive Breast Carcinoma	released	WHITE	1	Primary Tumor	1	Female	1.4	Dead	2010
brca_tcga_gdc	TCGA-AQ-A1H2	TCGA-AQ-A1H2-01	84	7th	Breast	Invasive Breast Carcinoma	Invasive Breast Carcinoma	230	-30958	NA	84.09770852	0:DiseaseFree	Infiltrating Ductal Carcinoma	NOT HISPANIC OR LATINO	0.4715	C50.9	NO	8500/3	23	BRCA	15.604467805519054	0:LIVING	4d120899-9a80-4736-b097-285e9e261bcb	26b0cf7a-584f-46e5-8f83-b6b5f7d542ba	MX	N2a	Stage IIIA	T2	Infiltrating Ductal Carcinoma	Breast	False	False	TCGA-BRCA	Invasive Breast Carcinoma	released	WHITE	1	Primary Tumor	1	Female	0.7666666666666667	Alive	2010
brca_tcga_gdc	TCGA-AQ-A1H3	TCGA-AQ-A1H3-01	49	7th	Breast	Invasive Breast Carcinoma	Invasive Breast Carcinoma	162	-18177	NA	109.0179834	0:DiseaseFree	Infiltrating Ductal Carcinoma	NOT HISPANIC OR LATINO	0.2066	C50.9	NO	8500/3	17	BRCA	32.49014454664914	0:LIVING	82ec33dd-e783-4c74-9a87-797a699e11df	09191482-34de-4130-afbe-dd47d481d539	MX	N3a	Stage IIIC	T2	Infiltrating Ductal Carcinoma	Breast	False	False	TCGA-BRCA	Invasive Breast Carcinoma	released	WHITE	1	Primary Tumor	1	Female	0.5666666666666667	Alive	2010
brca_tcga_gdc	TCGA-AQ-A54N	TCGA-AQ-A54N-01	51	7th	Breast	Invasive Breast Carcinoma	Invasive Breast Carcinoma	78	-18741	NA	23.3093336	0:DiseaseFree	Infiltrating Ductal Carcinoma	HISPANIC OR LATINO	0.6865	C50.9	NO	8500/3	54	BRCA	2.562417871222076	0:LIVING	58090433-d8d1-4499-a235-810c3e9d5b74	79a531b5-1bf5-442b-bef7-72b9fc628f5f	M0	N0	Stage IIA	T2	Infiltrating Ductal Carcinoma	Breast	True	False	TCGA-BRCA	Invasive Breast Carcinoma	released	BLACK OR AFRICAN AMERICAN	1	Primary Tumor	1	Female	1.8	Alive	2011
brca_tcga_gdc	TCGA-AQ-A54O	TCGA-AQ-A54O-01	51	7th	Breast	Invasive Breast Carcinoma	Invasive Breast Carcinoma	665	-18694	NA	75.22109347	0:DiseaseFree	Infiltrating Ductal Carcinoma	NOT HISPANIC OR LATINO	0.4233	C50.9	NO	8500/3	18	BRCA	32.88436268068331	0:LIVING	35ca5e2a-861a-4dd2-a4ce-d294cf080da3	e7bb0755-d706-480d-989d-108b3e817973	M0	N0	Stage IIA	T2	Infiltrating Ductal Carcinoma	Breast	True	False	TCGA-BRCA	Invasive Breast Carcinoma	released	BLACK OR AFRICAN AMERICAN	1	Primary Tumor	1	Male	0.6	Alive	2011
brca_tcga_gdc	TCGA-AQ-A7U7	TCGA-AQ-A7U7-01	55	7th	Breast	Invasive Breast Carcinoma	Invasive Breast Carcinoma	304	-20239	584	24.29562416	1:Recurred/Progressed	Infiltrating Lobular Carcinoma	NOT HISPANIC OR LATINO	0.2272	C50.9	NO	8520/3	48	BRCA	19.185282522996058	1:DECEASED	19015644-9c17-4ae7-a656-0fe8623c04ae	98193dab-86d9-456c-b67f-e3350327a609	M0	N2a	Stage IIIA	T2	Infiltrating Lobular Carcinoma	Breast	True	False	TCGA-BRCA	Invasive Breast Carcinoma	released	WHITE	1	Primary Tumor	1	Female	1.5666666666666667	Dead	2013
brca_tcga_gdc	TCGA-AR-A0TP	TCGA-AR-A0TP-01	43	6th	Breast	Invasive Breast Carcinoma	Invasive Breast Carcinoma	2521	-15812	NA	64.83216622	0:DiseaseFree	Infiltrating Ductal Carcinoma	NOT HISPANIC OR LATINO	0.5219	C50.9	NO	8500/3	49	BRCA	140.44021024967148	0:LIVING	ab89bb2e-da84-4116-a8cd-49aad7bbfd4d	2399b5a8-f089-4a62-b75a-e6c0bd909846	M0	N0	Stage IIA	T2	Infiltrating Ductal Carcinoma	Breast	False	False	TCGA-BRCA	Invasive Breast Carcinoma	released	WHITE	1	Primary Tumor	1	Female	1.6333333333333333	Alive	2003
brca_tcga_gdc	TCGA-AR-A0TQ	TCGA-AR-A0TQ-01	27	6th	Breast	Invasive Breast Carcinoma	Invasive Breast Carcinoma	1500	-9873	NA	17.88473551	1:Recurred/Progressed	Infiltrating Ductal Carcinoma	NOT HISPANIC OR LATINO	0.1162	C50.9	NO	8500/3	24	BRCA	98.25886990801577	0:LIVING	5dc1bee9-c44d-4fdc-9ae5-83426c4d6880	e8ff6081-cb82-4316-8c22-1c1cb1b6552b	M0	N1	Stage IIIA	T3	Infiltrating Ductal Carcinoma	Breast	False	False	TCGA-BRCA	Invasive Breast Carcinoma	released	WHITE	1	Primary Tumor	1	Female	0.8	Alive	2006
brca_tcga_gdc	TCGA-AR-A0TR	TCGA-AR-A0TR-01	68	NA	Breast	Invasive Breast Carcinoma	Invasive Breast Carcinoma	NA	-25190	160	43.16665023	1:Recurred/Progressed	Infiltrating Ductal Carcinoma	NOT HISPANIC OR LATINO	0.5998	C50.9	NO	8500/3	27	BRCA	5.256241787122208	1:DECEASED	d1703dbd-5c93-4cf2-a4d1-0d90640882bd	ef0d266d-d3a7-4f80-91ae-7e275dd2f0df	M0	N1	Stage IIB	T2	Infiltrating Ductal Carcinoma	Breast	False	False	TCGA-BRCA	Invasive Breast Carcinoma	released	WHITE	1	Primary Tumor	1	Female	0.9	Dead	2006
brca_tcga_gdc	TCGA-AR-A0TS	TCGA-AR-A0TS-01	46	6th	Breast	Invasive Breast Carcinoma	Invasive Breast Carcinoma	1138	-17141	NA	65.35818786	0:DiseaseFree	Infiltrating Ductal Carcinoma	NOT HISPANIC OR LATINO	0.1462	C50.9	NO	8500/3	65	BRCA	84.03416557161628	0:LIVING	972447aa-4332-47e7-bddd-2eb699dbb664	2ca5fbc4-80ab-42ff-b277-36f4217ee38a	M0	N1	Stage IIB	T2	Infiltrating Ductal Carcinoma	Breast	False	False	TCGA-BRCA	Invasive Breast Carcinoma	released	WHITE	1	Primary Tumor	1	Female	2.1666666666666665	Alive	2006
brca_tcga_gdc	TCGA-AR-A0TT	TCGA-AR-A0TT-01	53	6th	Breast	Invasive Breast Carcinoma	Invasive Breast Carcinoma	1730	-19679	NA	133.2149785	0:DiseaseFree	Infiltrating Ductal Carcinoma	NA	0.3773	C50.9	NO	8500/3	46	BRCA	108.93561103810775	0:LIVING	13ca97a1-75bb-4a49-b8c3-181e5b2c9e86	8b5c92b7-52d5-4859-926f-f1264e9c1650	M0	N2	Stage IIIA	T2	Infiltrating Ductal Carcinoma	Breast	False	False	TCGA-BRCA	Invasive Breast Carcinoma	released	BLACK OR AFRICAN AMERICAN	1	Primary Tumor	1	Female	1.5333333333333334	Alive	2006
brca_tcga_gdc	TCGA-AR-A0TU	TCGA-AR-A0TU-01	35	6th	Breast	Invasive Breast Carcinoma	Invasive Breast Carcinoma	360	-13039	NA	52.89805043	1:Recurred/Progressed	Infiltrating Ductal Carcinoma	NA	0.9478	C50.9	NO	8500/3	60	BRCA	23.291721419185283	0:LIVING	dfe6db17-cf45-488e-bd3c-b8433d7343ca	1e629a73-68cd-449d-a1c0-b856be4143e6	M0	N0	Stage IIA	T2	Infiltrating Ductal Carcinoma	Breast	False	False	TCGA-BRCA	Invasive Breast Carcinoma	released	NA	1	Primary Tumor	1	Female	2.0	Alive	2006
brca_tcga_gdc	TCGA-AR-A0TV	TCGA-AR-A0TV-01	66	6th	Breast	Invasive Breast Carcinoma	Invasive Breast Carcinoma	905	-24279	NA	134.1355163	0:DiseaseFree	Infiltrating Ductal Carcinoma	NA	0.3863	C50.9	NO	8500/3	55	BRCA	75.16425755584757	0:LIVING	6439621e-da61-4723-91cc-c5d87d0a4abc	a6cd09dc-ac7c-4bdc-9bb4-14f8cce6642d	M0	N0	Stage IIA	T2	Infiltrating Ductal Carcinoma	Breast	False	False	TCGA-BRCA	Invasive Breast Carcinoma	released	NA	1	Primary Tumor	1	Female	1.8333333333333333	Alive	2005
brca_tcga_gdc	TCGA-AR-A0TW	TCGA-AR-A0TW-01	50	NA	Breast	Invasive Breast Carcinoma	Invasive Breast Carcinoma	739	-18263	NA	107.209784	0:DiseaseFree	Infiltrating Ductal Carcinoma	NOT HISPANIC OR LATINO	0.5401	C50.9	NO	8500/3	40	BRCA	98.85019710906701	0:LIVING	8da3d6cf-381b-4d1b-93fa-41fd9d2b2e66	45319218-5bae-486a-a4aa-580ff5f0e931	M0	N1	Stage IIIA	T3	Infiltrating Ductal Carcinoma	Breast	False	False	TCGA-BRCA	Invasive Breast Carcinoma	released	WHITE	1	Primary Tumor	1	Female	1.3333333333333333	Alive	2005
brca_tcga_gdc	TCGA-AR-A0TX	TCGA-AR-A0TX-01	64	NA	Breast	Invasive Breast Carcinoma	Invasive Breast Carcinoma	15	-23653	NA	125.1602722	0:DiseaseFree	Infiltrating Ductal Carcinoma	NA	0.2278	C50.9	NO	8500/3	247	BRCA	64.7831800262812	0:LIVING	c364e81c-eb1e-4870-ab37-9c661f5f2e3d	d5adaf35-04b1-4198-b308-f4720b3d6417	M0	N1	Stage IIA	T1	Infiltrating Ductal Carcinoma	Breast	False	False	TCGA-BRCA	Invasive Breast Carcinoma	released	NA	1	Primary Tumor	1	Female	8.233333333333333	Alive	2005
brca_tcga_gdc	TCGA-AR-A0TY	TCGA-AR-A0TY-01	54	NA	Breast	Invasive Breast Carcinoma	Invasive Breast Carcinoma	NA	-19836	1699	19.331295	1:Recurred/Progressed	Infiltrating Ductal Carcinoma	NOT HISPANIC OR LATINO	0.3653	C50.9	NO	8500/3	55	BRCA	55.81471747700394	1:DECEASED	da1c58a7-c6bd-47d9-95c2-8d2ac70e20e4	2147c985-f4f4-441a-9142-9b76e6131435	M0	N0	Stage IIA	T2	Infiltrating Ductal Carcinoma	Breast	False	False	TCGA-BRCA	Invasive Breast Carcinoma	released	WHITE	1	Primary Tumor	1	Female	1.8333333333333333	Dead	2004
brca_tcga_gdc	TCGA-AR-A0TZ	TCGA-AR-A0TZ-01	43	NA	Breast	Invasive Breast Carcinoma	Invasive Breast Carcinoma	2316	-15720	3262	100.9961535	0:DiseaseFree	Infiltrating Ductal Carcinoma	NOT HISPANIC OR LATINO	0.9021	C50.9	NO	8500/3	47	BRCA	107.16162943495401	1:DECEASED	c7c34fd9-3021-45b7-b6ff-30b4196585a8	83b570a5-08c5-4f5e-9fb3-47d1d33e8f7b	M1	N2	NA	T2	Infiltrating Ductal Carcinoma	Breast	False	False	TCGA-BRCA	Invasive Breast Carcinoma	released	WHITE	1	Primary Tumor	1	Female	1.5666666666666667	Dead	2004
brca_tcga_gdc	TCGA-AR-A0U0	TCGA-AR-A0U0-01	73	NA	Breast	Invasive Breast Carcinoma	Invasive Breast Carcinoma	8	-26993	NA	103.8563961	0:DiseaseFree	Infiltrating Ductal Carcinoma	NA	0.4723	C50.9	NO	8500/3	29	BRCA	65.30880420499342	0:LIVING	e3c336f5-c32f-4c5d-81fb-e2408ae145b2	193a40b4-4410-408c-92d6-486472c1e6fb	M0	N1	Stage IIB	T2	Infiltrating Ductal Carcinoma	Breast	False	False	TCGA-BRCA	Invasive Breast Carcinoma	released	WHITE	1	Primary Tumor	1	Female	0.9666666666666667	Alive	2004
brca_tcga_gdc	TCGA-AR-A0U1	TCGA-AR-A0U1-01	36	6th	Breast	Invasive Breast Carcinoma	Invasive Breast Carcinoma	2134	-13467	NA	97.67564191	0:DiseaseFree	Infiltrating Ductal Carcinoma	NOT HISPANIC OR LATINO	0.4807	C50.9	NO	8500/3	73	BRCA	133.11432325886992	0:LIVING	17d9e646-6ab3-40b3-a0bc-2c834d3c3213	8b0590bd-533b-4af9-8ba3-1793ef959826	M0	N1	Stage IIB	T2	Infiltrating Ductal Carcinoma	Breast	False	False	TCGA-BRCA	Invasive Breast Carcinoma	released	WHITE	1	Primary Tumor	1	Female	2.433333333333333	Alive	2004
brca_tcga_gdc	TCGA-AR-A0U2	TCGA-AR-A0U2-01	47	NA	Breast	Invasive Breast Carcinoma	Invasive Breast Carcinoma	NA	-17390	2551	98.33316895	0:DiseaseFree	Infiltrating Ductal Carcinoma	NOT HISPANIC OR LATINO	0.6947	C50.9	NO	8500/3	42	BRCA	83.80420499342969	1:DECEASED	9ad603dc-3fd0-44f5-ae4e-64eeb1ae8d6d	7c8b0e74-bd47-4c5c-99de-8484eca2b1ad	M0	N2	Stage IIIA	T2	Infiltrating Ductal Carcinoma	Breast	False	False	TCGA-BRCA	Invasive Breast Carcinoma	released	WHITE	1	Primary Tumor	1	Female	1.4	Dead	2004
brca_tcga_gdc	TCGA-AR-A0U3	TCGA-AR-A0U3-01	59	6th	Breast	Invasive Breast Carcinoma	Invasive Breast Carcinoma	2317	-21755	NA	95.99894796	0:DiseaseFree	Infiltrating Ductal Carcinoma	HISPANIC OR LATINO	0.5695	C50.9	NO	8500/3	28	BRCA	134.03416557161628	0:LIVING	c5f00132-1c6b-4337-af6f-596c652665cc	a439dcc3-4377-449d-983e-f34f8e5741e3	M0	N1	Stage IIB	T2	Infiltrating Ductal Carcinoma	Breast	False	False	TCGA-BRCA	Invasive Breast Carcinoma	released	WHITE	1	Primary Tumor	1	Female	0.9333333333333333	Alive	2004
brca_tcga_gdc	TCGA-AR-A0U4	TCGA-AR-A0U4-01	54	6th	Breast	Invasive Breast Carcinoma	Invasive Breast Carcinoma	1684	-19729	NA	86.07028964	0:DiseaseFree	Infiltrating Ductal Carcinoma	NOT HISPANIC OR LATINO	0.4226	C50.9	NO	8500/3	NA	BRCA	107.12877792378448	0:LIVING	71f97b63-c970-44ee-98c2-e02e663d5a40	02f948c1-bcce-4a51-a6c1-4120a67fa544	M0	N0	Stage IIA	T2	Infiltrating Ductal Carcinoma	Breast	False	False	TCGA-BRCA	Invasive Breast Carcinoma	released	WHITE	1	Primary Tumor	1	Female	NA	Alive	2006
brca_tcga_gdc	TCGA-AR-A1AH	TCGA-AR-A1AH-01	51	6th	Breast	Invasive Breast Carcinoma	Invasive Breast Carcinoma	2298	-18991	NA	93.89486143	0:DiseaseFree	Infiltrating Ductal Carcinoma	NOT HISPANIC OR LATINO	0.9166	C50.9	NO	8500/3	72	BRCA	125.06570302233902	0:LIVING	a6e11b30-3ae8-4dd1-b04c-a730c6a79746	65ce036f-a8ed-4e83-818c-b54c95529a2e	M0	N1	Stage IIB	T2	Infiltrating Ductal Carcinoma	Breast	False	False	TCGA-BRCA	Invasive Breast Carcinoma	released	WHITE	1	Primary Tumor	1	Female	2.4	Alive	2004
brca_tcga_gdc	TCGA-AR-A1AI	TCGA-AR-A1AI-01	47	6th	Breast	Invasive Breast Carcinoma	Invasive Breast Carcinoma	1881	-17229	NA	99.31945951	0:DiseaseFree	Medullary Carcinoma	NOT HISPANIC OR LATINO	0.4864	C50.9	NO	8510/3	59	BRCA	108.27858081471747	0:LIVING	9848307d-1bd5-40c1-b655-a33297aaf74f	2e78b083-64df-4f0e-95ae-783209aee124	M0	N0	Stage IIA	T2	Medullary Carcinoma	Breast	False	False	TCGA-BRCA	Invasive Breast Carcinoma	released	WHITE	1	Primary Tumor	1	Female	1.9666666666666666	Alive	2005
brca_tcga_gdc	TCGA-AR-A1AJ	TCGA-AR-A1AJ-01	83	6th	Breast	Invasive Breast Carcinoma	Invasive Breast Carcinoma	1605	-30489	NA	8.810862347	1:Recurred/Progressed	Infiltrating Ductal Carcinoma	NOT HISPANIC OR LATINO	0.0814	C50.9	NO	8500/3	31	BRCA	78.28515111695138	0:LIVING	23e7a78a-1d56-4ad1-9bb4-72ec0178aff2	17bb7144-07ec-49d0-8345-2a5b4ceeeaec	M0	N0	Stage I	T1	Infiltrating Ductal Carcinoma	Breast	False	False	TCGA-BRCA	Invasive Breast Carcinoma	released	WHITE	1	Primary Tumor	1	Female	1.0333333333333334	Alive	2005
brca_tcga_gdc	TCGA-AR-A1AK	TCGA-AR-A1AK-01	70	6th	Breast	Invasive Breast Carcinoma	Invasive Breast Carcinoma	1559	-25825	NA	37.80780485	0:DiseaseFree	Infiltrating Lobular Carcinoma	NOT HISPANIC OR LATINO	0.2953	C50.9	NO	8520/3	49	BRCA	103.77792378449408	0:LIVING	94b03e1d-50ec-4680-bffd-7086d1536ff2	fe0ddcfc-f6e9-460d-b8e6-5187ffe8eb4f	M0	N0	Stage I	T1	Infiltrating Lobular Carcinoma	Breast	False	False	TCGA-BRCA	Invasive Breast Carcinoma	released	WHITE	1	Primary Tumor	1	Female	1.6333333333333333	Alive	2006
brca_tcga_gdc	TCGA-AR-A1AL	TCGA-AR-A1AL-01	60	6th	Breast	Invasive Breast Carcinoma	Invasive Breast Carcinoma	1485	-22023	NA	41.8187198	0:DiseaseFree	Infiltrating Lobular Carcinoma	NOT HISPANIC OR LATINO	0.0856	C50.9	NO	8520/3	22	BRCA	97.60183968462549	0:LIVING	1f99e4d4-4e8b-4cc1-a129-227a2a82780e	a7945d1c-35ca-4c95-98c6-ccb6e6d2b39c	M0	N1	Stage IIIA	T3	Infiltrating Lobular Carcinoma	Breast	False	False	TCGA-BRCA	Invasive Breast Carcinoma	released	WHITE	1	Primary Tumor	1	Female	0.7333333333333333	Alive	2006
brca_tcga_gdc	TCGA-AR-A1AM	TCGA-AR-A1AM-01	52	6th	Breast	Invasive Breast Carcinoma	Invasive Breast Carcinoma	1903	-19123	NA	94.28937765	0:DiseaseFree	Infiltrating Lobular Carcinoma	NOT HISPANIC OR LATINO	0.1165	C50.9	NO	8520/3	NA	BRCA	98.25886990801577	0:LIVING	ebd1512a-4865-4193-97b3-f599d555759a	7153d60a-43d2-4a9a-bd8d-c15cd0bd9d75	M0	N1	Stage IIIA	T3	Infiltrating Lobular Carcinoma	Breast	False	False	TCGA-BRCA	Invasive Breast Carcinoma	released	WHITE	1	Primary Tumor	1	Female	NA	Alive	2006
brca_tcga_gdc	TCGA-AR-A1AN	TCGA-AR-A1AN-01	46	6th	Breast	Invasive Breast Carcinoma	Invasive Breast Carcinoma	1330	-16974	NA	61.2815202	0:DiseaseFree	Infiltrating Ductal Carcinoma	HISPANIC OR LATINO	0.3489	C50.9	NO	8500/3	22	BRCA	95.92641261498028	0:LIVING	43029932-feb0-4658-97fa-645c1e775009	2dd17e3a-3034-4bb9-8a79-d0c89fa9ae21	M0	N0	Stage IIA	T2	Infiltrating Ductal Carcinoma	Breast	False	False	TCGA-BRCA	Invasive Breast Carcinoma	released	WHITE	1	Primary Tumor	1	Female	0.7333333333333333	Alive	2006
brca_tcga_gdc	TCGA-AR-A1AO	TCGA-AR-A1AO-01	47	6th	Breast	Invasive Breast Carcinoma	Invasive Breast Carcinoma	1325	-17332	NA	86.53055857	0:DiseaseFree	Infiltrating Ductal Carcinoma	NOT HISPANIC OR LATINO	0.0006	C50.9	NO	8500/3	61	BRCA	86.00525624178712	0:LIVING	623befd6-0ca4-4a6c-9cf5-d9385c3b718f	5cedca81-7593-48c9-8bed-ebd294347ce7	M0	N1	Stage IIA	T1	Infiltrating Ductal Carcinoma	Breast	False	False	TCGA-BRCA	Invasive Breast Carcinoma	released	WHITE	1	Primary Tumor	1	Female	2.033333333333333	Alive	2006
brca_tcga_gdc	TCGA-AR-A1AP	TCGA-AR-A1AP-01	80	6th	Breast	Invasive Breast Carcinoma	Invasive Breast Carcinoma	1216	-29406	NA	86.43192951	0:DiseaseFree	Infiltrating Ductal Carcinoma	NOT HISPANIC OR LATINO	0.3003	C50.9	NO	8500/3	25	BRCA	93.8239159001314	0:LIVING	9495f029-9882-4c9b-a557-b3aec9e91698	550f24b0-a925-41d6-be27-96c827693611	M0	N0	Stage I	T1	Infiltrating Ductal Carcinoma	Breast	False	False	TCGA-BRCA	Invasive Breast Carcinoma	released	WHITE	1	Primary Tumor	1	Female	0.8333333333333334	Alive	2007
brca_tcga_gdc	TCGA-AR-A1AQ	TCGA-AR-A1AQ-01	49	6th	Breast	Invasive Breast Carcinoma	Invasive Breast Carcinoma	1310	-18109	NA	33.73113719	0:DiseaseFree	Infiltrating Ductal Carcinoma	NOT HISPANIC OR LATINO	0.3731	C50.9	NO	8500/3	34	BRCA	99.24441524310117	0:LIVING	98e0b4de-52fc-4945-9bf5-11e29368f939	3c111956-7bcf-46a7-b64f-708ce11b9ff8	M0	N0	Stage IIA	T2	Infiltrating Ductal Carcinoma	Breast	False	False	TCGA-BRCA	Invasive Breast Carcinoma	released	WHITE	1	Primary Tumor	1	Female	1.1	Alive	2007
brca_tcga_gdc	TCGA-AR-A1AR	TCGA-AR-A1AR-01	50	6th	Breast	Invasive Breast Carcinoma	Invasive Breast Carcinoma	NA	-18482	524	160.8968669	0:DiseaseFree	Infiltrating Ductal Carcinoma	NOT HISPANIC OR LATINO	0.4593	C50.9	NO	8500/3	38	BRCA	17.21419185282523	1:DECEASED	eda6d2d5-4199-4f76-a45b-1d0401b4e54c	5fa9998b-deff-493e-8a8e-dc2422192a48	M0	N2	Stage IIIA	T1	Infiltrating Ductal Carcinoma	Breast	True	False	TCGA-BRCA	Invasive Breast Carcinoma	released	WHITE	1	Primary Tumor	1	Female	1.2666666666666666	Dead	2007
brca_tcga_gdc	TCGA-AR-A1AS	TCGA-AR-A1AS-01	54	6th	Breast	Invasive Breast Carcinoma	Invasive Breast Carcinoma	1150	-20028	NA	50.89259296	0:DiseaseFree	Infiltrating Ductal Carcinoma	NA	0.1467	C50.9	NO	8500/3	30	BRCA	37.779237844940866	0:LIVING	7d681cc6-689d-41c8-9e84-e13733089ec9	f6cc81c4-e7b6-462c-a97a-27c1ef62b958	M0	N1	Stage IIB	T2	Infiltrating Ductal Carcinoma	Breast	False	False	TCGA-BRCA	Invasive Breast Carcinoma	released	ASIAN	1	Primary Tumor	1	Female	1.0	Alive	2007
brca_tcga_gdc	TCGA-AR-A1AT	TCGA-AR-A1AT-01	62	6th	Breast	Invasive Breast Carcinoma	Invasive Breast Carcinoma	NA	-22942	1272	46.48716179	1:Recurred/Progressed	Infiltrating Lobular Carcinoma	NOT HISPANIC OR LATINO	NA	C50.9	NO	8520/3	23	BRCA	41.78712220762155	1:DECEASED	4d26dada-5eb7-4d4e-8eb8-f5465c5c3428	cb876006-76a1-4d3d-b58e-c969acb4289d	M0	N0	Stage IIA	T2	Infiltrating Lobular Carcinoma	Breast	False	False	TCGA-BRCA	Invasive Breast Carcinoma	released	WHITE	1	Primary Tumor	1	Female	0.7666666666666667	Dead	2007
brca_tcga_gdc	TCGA-AR-A1AU	TCGA-AR-A1AU-01	39	6th	Breast	Invasive Breast Carcinoma	Invasive Breast Carcinoma	1409	-14564	NA	120.3274485	0:DiseaseFree	Infiltrating Ductal Carcinoma	NOT HISPANIC OR LATINO	0.2150	C50.9	NO	8500/3	17	BRCA	94.21813403416557	0:LIVING	36220587-1c1c-4f92-b177-3b2155e7e273	cd002b40-3caf-429b-934f-64f4ada1731d	M0	N2	Stage IIIA	T2	Infiltrating Ductal Carcinoma	Breast	False	False	TCGA-BRCA	Invasive Breast Carcinoma	released	WHITE	1	Primary Tumor	1	Female	0.5666666666666667	Alive	2007
brca_tcga_gdc	TCGA-AR-A1AV	TCGA-AR-A1AV-01	68	6th	Breast	Invasive Breast Carcinoma	Invasive Breast Carcinoma	1295	-24875	NA	99.77972844	0:DiseaseFree	Infiltrating Ductal Carcinoma	HISPANIC OR LATINO	0.1773	C50.9	NO	8500/3	35	BRCA	61.235216819973715	0:LIVING	daf62b56-6dd2-4ab7-adaa-f296bb86a0a5	bcb6b37b-62f7-40a9-bdb9-1b6479610dd6	M0	N1	Stage IIB	T2	Infiltrating Ductal Carcinoma	Breast	False	False	TCGA-BRCA	Invasive Breast Carcinoma	released	WHITE	1	Primary Tumor	1	Male	1.1666666666666667	Alive	2007
brca_tcga_gdc	TCGA-AR-A1AW	TCGA-AR-A1AW-01	65	6th	Breast	Invasive Breast Carcinoma	Invasive Breast Carcinoma	1072	-23855	NA	84.19633757	1:Recurred/Progressed	Infiltrating Ductal Carcinoma	NOT HISPANIC OR LATINO	0.1010	C50.9	NO	8500/3	28	BRCA	86.46517739816031	0:LIVING	a12fd22a-7f84-4b6e-b6d8-012e38eb73d7	7cfe5395-8477-405a-8260-b3b3aaf46a42	M0	N0	Stage IIA	T2	Infiltrating Ductal Carcinoma	Breast	False	False	TCGA-BRCA	Invasive Breast Carcinoma	released	WHITE	1	Primary Tumor	1	Female	0.9333333333333333	Alive	2007
brca_tcga_gdc	TCGA-AR-A1AX	TCGA-AR-A1AX-01	64	6th	Breast	Invasive Breast Carcinoma	Invasive Breast Carcinoma	1103	-23507	NA	2.761613571	0:DiseaseFree	Infiltrating Ductal Carcinoma	NOT HISPANIC OR LATINO	0.0376	C50.9	NO	8500/3	19	BRCA	86.36662286465177	0:LIVING	f72c1d69-da35-459f-8542-59bfd6c09c23	f3ac7557-714a-492c-a166-246ef7298952	M0	N0	Stage I	T1	Infiltrating Ductal Carcinoma	Breast	False	False	TCGA-BRCA	Invasive Breast Carcinoma	released	WHITE	1	Primary Tumor	1	Female	0.6333333333333333	Alive	2007
brca_tcga_gdc	TCGA-AR-A1AY	TCGA-AR-A1AY-01	65	6th	Breast	Invasive Breast Carcinoma	Invasive Breast Carcinoma	615	-23927	NA	104.2837887	0:DiseaseFree	Infiltrating Ductal Carcinoma	NOT HISPANIC OR LATINO	0.5493	C50.9	NO	8500/3	44	BRCA	33.70565045992115	0:LIVING	5fd9552a-c742-4388-940d-295d1107ae00	81fc993e-8f5a-4b3b-bea3-4c4c2f5e4ef2	M0	N0	Stage I	T1	Infiltrating Ductal Carcinoma	Breast	False	False	TCGA-BRCA	Invasive Breast Carcinoma	released	WHITE	1	Primary Tumor	1	Female	1.4666666666666666	Alive	2008
brca_tcga_gdc	TCGA-AR-A24H	TCGA-AR-A24H-01	65	5th	Breast	Invasive Breast Carcinoma	Invasive Breast Carcinoma	3333	-24046	NA	112.7658875	0:DiseaseFree	Infiltrating Lobular Carcinoma	NOT HISPANIC OR LATINO	0.4889	C50.9	NO	8520/3	119	BRCA	160.77529566360053	0:LIVING	6f89509c-f802-482e-b4da-94553aa76fe9	c7f97f19-47ae-48d3-a90a-0162d3975747	M0	N0	Stage IIA	T2	Infiltrating Lobular Carcinoma	Breast	False	False	TCGA-BRCA	Invasive Breast Carcinoma	released	WHITE	1	Primary Tumor	1	Female	3.966666666666667	Alive	2001
brca_tcga_gdc	TCGA-AR-A24K	TCGA-AR-A24K-01	46	6th	Breast	Invasive Breast Carcinoma	Invasive Breast Carcinoma	1548	-16961	NA	97.84002367	0:DiseaseFree	Infiltrating Ductal Carcinoma	NA	0.2009	C50.9	NO	8500/3	23	BRCA	50.85413929040735	0:LIVING	599c3701-df7a-4a75-a347-fa9b510dd242	c9ec05fa-5548-4fe3-8c09-a32c9e599d90	M0	N0	Stage IIA	T2	Infiltrating Ductal Carcinoma	Breast	False	False	TCGA-BRCA	Invasive Breast Carcinoma	released	WHITE	1	Primary Tumor	1	Female	0.7666666666666667	Alive	2004
brca_tcga_gdc	TCGA-AR-A24L	TCGA-AR-A24L-01	26	6th	Breast	Invasive Breast Carcinoma	Invasive Breast Carcinoma	2221	-9706	2866	105.2700792	0:DiseaseFree	Infiltrating Ductal Carcinoma	NOT HISPANIC OR LATINO	0.3226	C50.9	NO	8500/3	34	BRCA	94.15243101182654	1:DECEASED	de646f6a-6d50-4be2-b3cd-f17554b234df	f773ae1d-0ad9-42dd-9675-c8b7287fec85	M0	N1	Stage IIB	T2	Infiltrating Ductal Carcinoma	Breast	False	False	TCGA-BRCA	Invasive Breast Carcinoma	released	WHITE	1	Primary Tumor	1	Female	1.1333333333333333	Dead	2005
brca_tcga_gdc	TCGA-AR-A24M	TCGA-AR-A24M-01	38	6th	Breast	Invasive Breast Carcinoma	Invasive Breast Carcinoma	1991	-14119	NA	102.8372292	0:DiseaseFree	Mixed Histology (please specify)	NOT HISPANIC OR LATINO	0.1665	C50.9	NO	8522/3	11	BRCA	120.23653088042049	0:LIVING	aa30ac3d-4216-45dd-a314-1ae192fafcb2	5754d368-87b9-40e5-9a56-bd48ad9a80e3	M0	N2	Stage IIIA	T2	Mixed Histology (please specify)	Breast	False	False	TCGA-BRCA	Invasive Breast Carcinoma	released	WHITE	1	Primary Tumor	1	Female	0.36666666666666664	Alive	2005
brca_tcga_gdc	TCGA-AR-A24N	TCGA-AR-A24N-01	54	6th	Breast	Invasive Breast Carcinoma	Invasive Breast Carcinoma	2074	-19989	NA	105.3029556	0:DiseaseFree	Infiltrating Ductal Carcinoma	NOT HISPANIC OR LATINO	0.1184	C50.9	NO	8500/3	30	BRCA	99.70433639947437	0:LIVING	30047d32-0833-4aca-98d1-3b9ab7122863	dcc31bf1-9890-4fb1-9677-b5fb77e1fc37	M0	N0	Stage I	T1	Infiltrating Ductal Carcinoma	Breast	False	False	TCGA-BRCA	Invasive Breast Carcinoma	released	WHITE	1	Primary Tumor	1	Female	1.0	Alive	2005
brca_tcga_gdc	TCGA-AR-A24O	TCGA-AR-A24O-01	43	6th	Breast	Invasive Breast Carcinoma	Invasive Breast Carcinoma	1998	-15977	NA	50.95834566	0:DiseaseFree	Mixed Histology (please specify)	NOT HISPANIC OR LATINO	0.0333	C50.9	NO	8522/3	17	BRCA	118.49540078843626	0:LIVING	125b0a9a-6cbe-4207-9178-e7ff03487e87	146bd11a-e66a-4d8d-990a-9f1199cdf255	M0	N2	Stage IIIA	T3	Mixed Histology (please specify)	Breast	False	False	TCGA-BRCA	Invasive Breast Carcinoma	released	WHITE	1	Primary Tumor	1	Female	0.5666666666666667	Alive	2005
brca_tcga_gdc	TCGA-AR-A24P	TCGA-AR-A24P-01	47	6th	Breast	Invasive Breast Carcinoma	Invasive Breast Carcinoma	26	-17490	NA	98.76056153	0:DiseaseFree	Infiltrating Ductal Carcinoma	NOT HISPANIC OR LATINO	0.1680	C50.9	NO	8500/3	17	BRCA	2.759526938239159	0:LIVING	d1fd8ed2-be13-4272-b31e-df86911db3b1	d12bd5fd-838e-491b-8949-6a22f78194ad	M0	N0	Stage I	T1	Infiltrating Ductal Carcinoma	Breast	False	False	TCGA-BRCA	Invasive Breast Carcinoma	released	WHITE	1	Primary Tumor	1	Female	0.5666666666666667	Alive	2005
brca_tcga_gdc	TCGA-AR-A24Q	TCGA-AR-A24Q-01	49	6th	Breast	Invasive Breast Carcinoma	Invasive Breast Carcinoma	2009	-18084	NA	98.66193247	0:DiseaseFree	Infiltrating Ductal Carcinoma	NA	0.6927	C50.9	NO	8500/3	133	BRCA	104.20499342969777	0:LIVING	28e9048a-e540-42de-a1f4-4ef894fccc4c	9ff22b6b-ec23-41f5-a887-a59da1639858	M0	N0	Stage IIB	T3	Infiltrating Ductal Carcinoma	Breast	False	False	TCGA-BRCA	Invasive Breast Carcinoma	released	WHITE	1	Primary Tumor	1	Female	4.433333333333334	Alive	2006
brca_tcga_gdc	TCGA-AR-A24R	TCGA-AR-A24R-01	45	6th	Breast	Invasive Breast Carcinoma	Invasive Breast Carcinoma	1746	-16642	NA	88.99628497	0:DiseaseFree	Infiltrating Ductal Carcinoma	NOT HISPANIC OR LATINO	0.3586	C50.9	NO	8500/3	17	BRCA	112.68068331143232	0:LIVING	db62d9c7-8343-4771-84fc-146d2e307bb8	7f15f76b-305d-43f7-8d02-34cd0f76340e	M0	N2	Stage IIIA	T1	Infiltrating Ductal Carcinoma	Breast	False	False	TCGA-BRCA	Invasive Breast Carcinoma	released	WHITE	1	Primary Tumor	1	Female	0.5666666666666667	Alive	2006
brca_tcga_gdc	TCGA-AR-A24S	TCGA-AR-A24S-01	61	6th	Breast	Invasive Breast Carcinoma	Invasive Breast Carcinoma	1888	-22587	NA	99.61534668	0:DiseaseFree	Infiltrating Ductal Carcinoma	NOT HISPANIC OR LATINO	0.3345	C50.9	NO	8500/3	35	BRCA	97.76609724047306	0:LIVING	074e8b06-3929-4896-9263-3b80ad6a355b	d79df987-e362-43f5-acbd-b19522bace7d	M0	N0	Stage I	T1	Infiltrating Ductal Carcinoma	Breast	False	False	TCGA-BRCA	Invasive Breast Carcinoma	released	WHITE	1	Primary Tumor	1	Female	1.1666666666666667	Alive	2006
brca_tcga_gdc	TCGA-AR-A24T	TCGA-AR-A24T-01	46	6th	Breast	Invasive Breast Carcinoma	Invasive Breast Carcinoma	1620	-17135	NA	93.30308709	0:DiseaseFree	Infiltrating Lobular Carcinoma	NOT HISPANIC OR LATINO	0.2210	C50.9	NO	8520/3	21	BRCA	105.19053876478317	0:LIVING	9e3de467-fb0d-4021-89f8-b34968a7c7bc	3cf5c205-2a3b-4f17-8e56-2078e88f615c	M0	N3	Stage IIIC	T3	Infiltrating Lobular Carcinoma	Breast	False	False	TCGA-BRCA	Invasive Breast Carcinoma	released	WHITE	1	Primary Tumor	1	Female	0.7	Alive	2006
brca_tcga_gdc	TCGA-AR-A24U	TCGA-AR-A24U-01	47	6th	Breast	Invasive Breast Carcinoma	Invasive Breast Carcinoma	1623	-17523	NA	85.64289706	0:DiseaseFree	Infiltrating Ductal Carcinoma	NOT HISPANIC OR LATINO	0.1810	C50.9	NO	8500/3	33	BRCA	102.75952693823915	0:LIVING	241fffc8-4250-4cfa-b2e7-e68c33ae07dc	17cdb451-9b35-4aab-8bc2-b4a64ef3e3b4	M0	N1	Stage IIA	T1	Infiltrating Ductal Carcinoma	Breast	False	False	TCGA-BRCA	Invasive Breast Carcinoma	released	WHITE	1	Primary Tumor	1	Female	1.1	Alive	2006
brca_tcga_gdc	TCGA-AR-A24V	TCGA-AR-A24V-01	52	6th	Breast	Invasive Breast Carcinoma	Invasive Breast Carcinoma	1648	-19027	NA	71.04579676	0:DiseaseFree	Infiltrating Ductal Carcinoma	NOT HISPANIC OR LATINO	0.2682	C50.9	NO	8500/3	16	BRCA	105.2233902759527	0:LIVING	3cb06c7a-f2a8-448b-91a8-dd201bbf2ddd	49bfd2cc-fddd-4376-8e53-8008ca075779	M0	N1	Stage IIB	T2	Infiltrating Ductal Carcinoma	Breast	False	False	TCGA-BRCA	Invasive Breast Carcinoma	released	WHITE	1	Primary Tumor	1	Female	0.5333333333333333	Alive	2006
brca_tcga_gdc	TCGA-AR-A24W	TCGA-AR-A24W-01	55	6th	Breast	Invasive Breast Carcinoma	Invasive Breast Carcinoma	1550	-20123	NA	53.91721735	1:Recurred/Progressed	Infiltrating Ductal Carcinoma	NA	0.1098	C50.9	NO	8500/3	12	BRCA	50.91984231274638	0:LIVING	67526f5a-3a30-45b2-aeab-2b21a855063e	bc641d07-e041-403a-aa3a-e76279a8a1d1	M0	N1	Stage IIB	T2	Infiltrating Ductal Carcinoma	Breast	False	False	TCGA-BRCA	Invasive Breast Carcinoma	released	WHITE	1	Primary Tumor	1	Female	0.4	Alive	2006
brca_tcga_gdc	TCGA-AR-A24X	TCGA-AR-A24X-01	52	6th	Breast	Invasive Breast Carcinoma	Invasive Breast Carcinoma	1465	-19030	NA	166.420094	0:DiseaseFree	Mixed Histology (please specify)	NA	0.0724	C50.9	NO	8522/3	20	BRCA	98.68593955321944	0:LIVING	491d5ebb-e9ab-4b17-acb8-630ff9fef0f2	a00cc4fb-6852-4869-89a7-f9f2fc941ccc	M0	N0	Stage IIA	T2	Mixed Histology (please specify)	Breast	False	False	TCGA-BRCA	Invasive Breast Carcinoma	released	WHITE	1	Primary Tumor	1	Female	0.6666666666666666	Alive	2006
brca_tcga_gdc	TCGA-AR-A24Z	TCGA-AR-A24Z-01	57	6th	Breast	Invasive Breast Carcinoma	Invasive Breast Carcinoma	1574	-20900	NA	14.26833679	1:Recurred/Progressed	Infiltrating Ductal Carcinoma	NA	0.4880	C50.9	NO	8500/3	35	BRCA	98.58738501971091	0:LIVING	9fefbe7c-f66a-4940-843e-285cb7b392c1	5cdd3886-898b-4861-a748-d4164ce14a07	M0	N0	Stage IIA	T2	Infiltrating Ductal Carcinoma	Breast	False	False	TCGA-BRCA	Invasive Breast Carcinoma	released	WHITE	1	Primary Tumor	1	Female	1.1666666666666667	Alive	2006
brca_tcga_gdc	TCGA-AR-A250	TCGA-AR-A250-01	58	6th	Breast	Invasive Breast Carcinoma	Invasive Breast Carcinoma	1708	-21309	NA	86.53055857	0:DiseaseFree	Infiltrating Ductal Carcinoma	NOT HISPANIC OR LATINO	0.4442	C50.9	NO	8500/3	85	BRCA	88.92904073587384	0:LIVING	a0963e93-b63e-4de2-86c1-81302e271d3e	0d5c5f1c-d20e-480c-a89b-8feba01caf96	M0	N0	Stage IIA	T2	Infiltrating Ductal Carcinoma	Breast	False	False	TCGA-BRCA	Invasive Breast Carcinoma	released	WHITE	1	Primary Tumor	1	Female	2.8333333333333335	Alive	2006
brca_tcga_gdc	TCGA-AR-A251	TCGA-AR-A251-01	51	6th	Breast	Invasive Breast Carcinoma	Invasive Breast Carcinoma	1374	-18771	NA	42.87076306	1:Recurred/Progressed	Infiltrating Ductal Carcinoma	NOT HISPANIC OR LATINO	0.6392	C50.9	NO	8500/3	144	BRCA	99.5400788436268	0:LIVING	8c51bbcb-7c8d-47ad-9193-70ca157c6900	8cf391f9-d743-408f-8891-2c49db90907c	M0	N2	Stage IIIA	T2	Infiltrating Ductal Carcinoma	Breast	False	False	TCGA-BRCA	Invasive Breast Carcinoma	released	WHITE	1	Primary Tumor	1	Female	4.8	Alive	2006
brca_tcga_gdc	TCGA-AR-A252	TCGA-AR-A252-01	50	6th	Breast	Invasive Breast Carcinoma	Invasive Breast Carcinoma	1236	-18611	NA	63.6157412	0:DiseaseFree	Infiltrating Ductal Carcinoma	NOT HISPANIC OR LATINO	0.0194	C50.9	NO	8500/3	8	BRCA	93.23258869908015	0:LIVING	4d0fec97-e024-4608-a0cc-426a3decc7b1	30d31924-b87c-4065-a437-00d6033f2979	M0	N0	Stage I	T1	Infiltrating Ductal Carcinoma	Breast	False	False	TCGA-BRCA	Invasive Breast Carcinoma	released	WHITE	1	Primary Tumor	1	Female	0.26666666666666666	Alive	2007
brca_tcga_gdc	TCGA-AR-A254	TCGA-AR-A254-01	50	6th	Breast	Invasive Breast Carcinoma	Invasive Breast Carcinoma	1212	-18270	NA	38.16944472	0:DiseaseFree	Infiltrating Ductal Carcinoma	NOT HISPANIC OR LATINO	0.2363	C50.9	NO	8500/3	29	BRCA	85.57818659658344	0:LIVING	6014a582-d22e-46e1-9000-c8e2fbad7acf	a92b6d90-f7b4-4b17-b56b-b2fb7103b55f	M0	N2	Stage IIIA	T2	Infiltrating Ductal Carcinoma	Breast	False	False	TCGA-BRCA	Invasive Breast Carcinoma	released	WHITE	1	Primary Tumor	1	Female	0.9666666666666667	Alive	2007
brca_tcga_gdc	TCGA-AR-A255	TCGA-AR-A255-01	62	6th	Breast	Invasive Breast Carcinoma	Invasive Breast Carcinoma	1059	-22809	NA	39.38586974	0:DiseaseFree	Infiltrating Ductal Carcinoma	NOT HISPANIC OR LATINO	0.6545	C50.9	NO	8500/3	46	BRCA	70.99211563731932	0:LIVING	e8f3cc64-5e15-4f4d-b73e-5c9b250a664c	f9029956-e7fb-447a-9b6a-ea3dd2acadf4	M0	N0	Stage I	T1	Infiltrating Ductal Carcinoma	Breast	False	False	TCGA-BRCA	Invasive Breast Carcinoma	released	WHITE	1	Primary Tumor	1	Female	1.5333333333333334	Alive	2007
brca_tcga_gdc	TCGA-AR-A256	TCGA-AR-A256-01	45	5th	Breast	Invasive Breast Carcinoma	Invasive Breast Carcinoma	NA	-16642	2854	40.53654207	0:DiseaseFree	Infiltrating Ductal Carcinoma	NA	0.7175	C50.9	NO	8500/3	151	BRCA	93.75821287779237	1:DECEASED	d3d545b3-457f-4389-821f-704cb24aff7f	87676c70-e2ad-4103-8bc0-3d3c1e40a790	M0	N0	Stage IIA	T2	Infiltrating Ductal Carcinoma	Breast	False	False	TCGA-BRCA	Invasive Breast Carcinoma	released	WHITE	1	Primary Tumor	1	Female	5.033333333333333	Dead	2001
brca_tcga_gdc	TCGA-AR-A2LE	TCGA-AR-A2LE-01	69	5th	Breast	Invasive Breast Carcinoma	Invasive Breast Carcinoma	3913	-25499	NA	NA	NA	Infiltrating Lobular Carcinoma	NOT HISPANIC OR LATINO	0.0703	C50.9	NO	8520/3	227	BRCA	166.29434954007883	0:LIVING	e3fcbf94-d3ef-4a37-aa45-5297f96af9eb	e53d7a9a-3db0-4a24-8dc1-6dc80428cd24	M0	N0	Stage I	T1	Infiltrating Lobular Carcinoma	Breast	False	False	TCGA-BRCA	Invasive Breast Carcinoma	released	WHITE	1	Primary Tumor	1	Female	7.566666666666666	Alive	2001
brca_tcga_gdc	TCGA-AR-A2LH	TCGA-AR-A2LH-01	55	6th	Breast	Invasive Breast Carcinoma	Invasive Breast Carcinoma	NA	-20288	616	NA	NA	Infiltrating Lobular Carcinoma	NOT HISPANIC OR LATINO	0.0000	C50.9	NO	8520/3	49	BRCA	20.2365308804205	1:DECEASED	376ffe63-efd7-42af-90e1-261255b28bb7	22ff97e9-f168-48bb-9b61-6f50aba08d27	M0	N3	Stage III	T3	Infiltrating Lobular Carcinoma	Breast	False	False	TCGA-BRCA	Invasive Breast Carcinoma	released	WHITE	1	Primary Tumor	1	Female	1.6666666666666667	Dead	2007
brca_tcga_gdc	TCGA-AR-A2LJ	TCGA-AR-A2LJ-01	40	6th	Breast	Invasive Breast Carcinoma	Invasive Breast Carcinoma	1359	-14723	NA	NA	NA	Infiltrating Lobular Carcinoma	NOT HISPANIC OR LATINO	0.1031	C50.9	NO	8520/3	NA	BRCA	86.46517739816031	0:LIVING	738e1acc-1f0c-4a96-9c8a-222727ef5af8	fca8da49-849b-4790-a956-db7ee97c39e9	MX	N1	Stage IIIA	T3	Infiltrating Lobular Carcinoma	Breast	False	False	TCGA-BRCA	Invasive Breast Carcinoma	released	WHITE	1	Primary Tumor	1	Female	NA	Alive	2007
brca_tcga_gdc	TCGA-AR-A2LK	TCGA-AR-A2LK-01	62	6th	Breast	Invasive Breast Carcinoma	Invasive Breast Carcinoma	1304	-22800	1649	NA	NA	Infiltrating Lobular Carcinoma	NOT HISPANIC OR LATINO	0.6502	C50.9	NO	8520/3	30	BRCA	54.17214191852825	1:DECEASED	1b703058-e596-45bc-80fe-8b98d545c2e2	d6f5c34a-0f5c-4aed-977a-74a1e5d50915	M0	N2	Stage III	T3	Infiltrating Lobular Carcinoma	Breast	False	False	TCGA-BRCA	Invasive Breast Carcinoma	released	WHITE	1	Primary Tumor	1	Female	1.0	Dead	2007
brca_tcga_gdc	TCGA-AR-A2LL	TCGA-AR-A2LL-01	70	6th	Breast	Invasive Breast Carcinoma	Invasive Breast Carcinoma	224	-25747	NA	66.1	0:DiseaseFree	Infiltrating Lobular Carcinoma	NOT HISPANIC OR LATINO	0.3257	C50.9	NO	8520/3	27	BRCA	66.09724047306176	0:LIVING	70fc011c-0f22-4026-9d72-87351126203a	2b62733a-fcbd-46b9-b2be-9397c563e3bd	M0	N0	Stage IIB	T3	Infiltrating Lobular Carcinoma	Breast	True	False	TCGA-BRCA	Invasive Breast Carcinoma	released	WHITE	1	Primary Tumor	1	Female	0.9	Alive	2007
brca_tcga_gdc	TCGA-AR-A2LM	TCGA-AR-A2LM-01	49	6th	Breast	Invasive Breast Carcinoma	Invasive Breast Carcinoma	1218	-18053	NA	NA	NA	Infiltrating Lobular Carcinoma	NOT HISPANIC OR LATINO	0.0964	C50.9	NO	8520/3	12	BRCA	63.5676741130092	0:LIVING	0bf6e772-1aa1-4f54-9a50-c1414e2f22f3	9ebe5223-7566-4026-83ae-812283a8aaeb	M0	N1	Stage II	T1	Infiltrating Lobular Carcinoma	Breast	False	False	TCGA-BRCA	Invasive Breast Carcinoma	released	WHITE	1	Primary Tumor	1	Female	0.4	Alive	2007
brca_tcga_gdc	TCGA-AR-A2LN	TCGA-AR-A2LN-01	65	7th	Breast	Invasive Breast Carcinoma	Invasive Breast Carcinoma	520	-23992	NA	281.2900681	0:DiseaseFree	Infiltrating Lobular Carcinoma	NOT HISPANIC OR LATINO	0.0962	C50.9	NO	8520/3	27	BRCA	38.14060446780552	0:LIVING	a076f135-be82-40fa-8516-285ed355c965	3f9d6a98-182c-4297-85c5-02ce3b1a3500	M0	N0	Stage IIA	T2	Infiltrating Lobular Carcinoma	Breast	False	False	TCGA-BRCA	Invasive Breast Carcinoma	released	WHITE	1	Primary Tumor	1	Female	0.9	Alive	2010
brca_tcga_gdc	TCGA-AR-A2LO	TCGA-AR-A2LO-01	46	7th	Breast	Invasive Breast Carcinoma	Invasive Breast Carcinoma	633	-17080	NA	28.2407864	1:Recurred/Progressed	Infiltrating Lobular Carcinoma	NOT HISPANIC OR LATINO	0.1771	C50.9	NO	8520/3	13	BRCA	39.35611038107753	0:LIVING	ad0fa961-c085-4f38-b3db-5fc0cbf6b64f	a189a276-126a-4357-8aea-9ac6a791a1c5	M0	N1	Stage IIB	T2	Infiltrating Lobular Carcinoma	Breast	False	False	TCGA-BRCA	Invasive Breast Carcinoma	released	WHITE	1	Primary Tumor	1	Female	0.43333333333333335	Alive	2010
brca_tcga_gdc	TCGA-AR-A2LQ	TCGA-AR-A2LQ-01	59	7th	Breast	Invasive Breast Carcinoma	Invasive Breast Carcinoma	516	-21865	NA	NA	NA	Infiltrating Lobular Carcinoma	NOT HISPANIC OR LATINO	0.0000	C50.9	NO	8520/3	6	BRCA	40.50591327201051	0:LIVING	4229e432-6ac5-49d2-b58a-e8713ddb79bd	e4f422a0-1142-4bf2-b848-b681295b370e	M0	N0	Stage IIB	T3	Infiltrating Lobular Carcinoma	Breast	False	False	TCGA-BRCA	Invasive Breast Carcinoma	released	WHITE	1	Primary Tumor	1	Female	0.2	Alive	2010
brca_tcga_gdc	TCGA-AR-A2LR	TCGA-AR-A2LR-01	49	7th	Breast	Invasive Breast Carcinoma	Invasive Breast Carcinoma	620	-18214	NA	57.23	0:DiseaseFree	Metaplastic Carcinoma	NOT HISPANIC OR LATINO	0.5827	C50.9	NO	8575/3	47	BRCA	57.22733245729303	0:LIVING	d093173f-08ab-4138-bf3c-399c45a6e163	9f55d4c8-5e41-4ffe-b819-1d8bfd06927b	M0	N0	Stage I	T1	Metaplastic Carcinoma	Breast	True	False	TCGA-BRCA	Invasive Breast Carcinoma	released	WHITE	1	Primary Tumor	1	Female	1.5666666666666667	Alive	2010
brca_tcga_gdc	TCGA-AR-A5QM	TCGA-AR-A5QM-01	62	6th	Breast	Invasive Breast Carcinoma	Invasive Breast Carcinoma	1440	-22780	NA	275.86547	0:DiseaseFree	Infiltrating Lobular Carcinoma	NOT HISPANIC OR LATINO	0.2959	C50.9	NO	8520/3	22	BRCA	73.29172141918528	0:LIVING	9c895825-d6f6-4d14-a662-23212200f6e5	cec6ad5e-a8d3-43cd-8a74-2199899f2422	M0	N0	Stage IIA	T2	Infiltrating Lobular Carcinoma	Breast	True	False	TCGA-BRCA	Invasive Breast Carcinoma	released	WHITE	1	Primary Tumor	1	Female	0.7333333333333333	Alive	2008
brca_tcga_gdc	TCGA-AR-A5QN	TCGA-AR-A5QN-01	68	7th	Breast	Invasive Breast Carcinoma	Invasive Breast Carcinoma	396	-25089	NA	NA	NA	Infiltrating Lobular Carcinoma	NOT HISPANIC OR LATINO	0.2009	C50.9	NO	8520/3	27	BRCA	33.27858081471748	0:LIVING	077506ea-8f11-405d-bb8e-3c9924fe54d0	3e936c86-fbb5-415d-a657-f96fe5565e34	M0	N3	Stage IIIC	T2	Infiltrating Lobular Carcinoma	Breast	False	False	TCGA-BRCA	Invasive Breast Carcinoma	released	WHITE	1	Primary Tumor	1	Female	0.8666666666666667	Alive	2012
brca_tcga_gdc	TCGA-AR-A5QP	TCGA-AR-A5QP-01	54	7th	Breast	Invasive Breast Carcinoma	Invasive Breast Carcinoma	439	-19805	NA	50.69533485	0:DiseaseFree	Infiltrating Lobular Carcinoma	NOT HISPANIC OR LATINO	0.1136	C50.9	NO	8520/3	20	BRCA	38.92904073587385	0:LIVING	3c275152-d04b-440c-9621-2fc05ea977b6	151a1187-e07e-4b76-b2d2-2da133b9116b	M0	N1	Stage IIB	T2	Infiltrating Lobular Carcinoma	Breast	False	False	TCGA-BRCA	Invasive Breast Carcinoma	released	WHITE	1	Primary Tumor	1	Female	0.6666666666666666	Alive	2011
brca_tcga_gdc	TCGA-AR-A5QQ	TCGA-AR-A5QQ-01	68	7th	Breast	Invasive Breast Carcinoma	Invasive Breast Carcinoma	NA	-24841	322	27.4188776	1:Recurred/Progressed	Other, specify	NOT HISPANIC OR LATINO	0.0081	C50.9	NO	8575/3	56	BRCA	10.578186596583443	1:DECEASED	3af31fcf-ad0c-4fd9-a8e3-10f9176b5e9d	d7dc97c6-5819-48ee-99db-e34f117ab1a3	M0	N1	Stage IIIA	T3	Other, specify	Breast	False	False	TCGA-BRCA	Invasive Breast Carcinoma	released	WHITE	1	Primary Tumor	1	Female	1.8666666666666667	Dead	2011
brca_tcga_gdc	TCGA-B6-A0I1	TCGA-B6-A0I1-01	73	5th	Breast	Invasive Breast Carcinoma	Invasive Breast Carcinoma	NA	-26902	2361	NA	NA	Infiltrating Ductal Carcinoma	NOT HISPANIC OR LATINO	0.3711	C50.9	NO	8500/3	NA	BRCA	77.56241787122207	1:DECEASED	5dd423e8-feaa-4568-a750-500948c41d6c	2a5f4696-6e02-4fe9-b66d-8c2ae93b7c2f	M0	N0	Stage IIA	T2	Infiltrating Ductal Carcinoma	Breast	False	False	TCGA-BRCA	Invasive Breast Carcinoma	released	BLACK OR AFRICAN AMERICAN	1	Primary Tumor	1	Female	NA	Dead	1998
brca_tcga_gdc	TCGA-B6-A0I2	TCGA-B6-A0I2-01	45	4th	Breast	Invasive Breast Carcinoma	Invasive Breast Carcinoma	3827	-16702	NA	112.3713713	0:DiseaseFree	Infiltrating Ductal Carcinoma	NOT HISPANIC OR LATINO	0.8518	C50.9	NO	8500/3	44	BRCA	143.26544021024966	0:LIVING	328dfcb0-b5ae-43f2-bc87-dad0ab3df9e7	47436ce0-438f-475b-ac0d-1972d0c5285e	M0	N0 (i-)	Stage IA	T1c	Infiltrating Ductal Carcinoma	Breast	False	False	TCGA-BRCA	Invasive Breast Carcinoma	released	WHITE	1	Primary Tumor	1	Female	1.4666666666666666	Alive	1995
brca_tcga_gdc	TCGA-B6-A0I5	TCGA-B6-A0I5-01	49	3rd	Breast	Invasive Breast Carcinoma	Invasive Breast Carcinoma	4550	-18038	NA	233.6193576	0:DiseaseFree	Infiltrating Ductal Carcinoma	NOT HISPANIC OR LATINO	0.2501	C50.9	NO	8500/3	18	BRCA	281.07752956636006	0:LIVING	1a18974d-967c-4727-b42e-12ae7be66589	ca3c9a05-88b7-4d99-abd5-fc557e3929a0	M0	N1b	Stage IIB	T2	Infiltrating Ductal Carcinoma	Breast	False	False	TCGA-BRCA	Invasive Breast Carcinoma	released	WHITE	1	Primary Tumor	1	Female	0.6	Alive	1988
brca_tcga_gdc	TCGA-B6-A0I6	TCGA-B6-A0I6-01	49	3rd	Breast	Invasive Breast Carcinoma	Invasive Breast Carcinoma	NA	-18014	991	16.07653615	1:Recurred/Progressed	Infiltrating Ductal Carcinoma	NOT HISPANIC OR LATINO	0.8350	C50.9	NO	8500/3	80	BRCA	32.55584756898817	1:DECEASED	045c13ef-3db7-4adf-b0a3-23338f0479f3	14423610-4958-43f4-9a75-1a61c1293024	M0	N1	Stage IIA	T1c	Infiltrating Ductal Carcinoma	Breast	False	False	TCGA-BRCA	Invasive Breast Carcinoma	released	BLACK OR AFRICAN AMERICAN	1	Primary Tumor	1	Female	4.566666666666666	Dead	1990
brca_tcga_gdc	TCGA-B6-A0I8	TCGA-B6-A0I8-01	46	4th	Breast	Invasive Breast Carcinoma	Invasive Breast Carcinoma	NA	-17073	749	127.3301115	0:DiseaseFree	Infiltrating Ductal Carcinoma	NOT HISPANIC OR LATINO	0.5693	C50.9	NO	8500/3	88	BRCA	24.605781865965834	1:DECEASED	6e6408d6-6c48-4dfc-9f1c-28b7386e87b4	2bf07767-58bd-4eb8-a0ff-434a9fdf5c8e	M0	NX	Stage X	T1	Infiltrating Ductal Carcinoma	Breast	True	False	TCGA-BRCA	Invasive Breast Carcinoma	released	WHITE	1	Primary Tumor	1	Female	2.933333333333333	Dead	1992
brca_tcga_gdc	TCGA-B6-A0I9	TCGA-B6-A0I9-01	62	3rd	Breast	Invasive Breast Carcinoma	Invasive Breast Carcinoma	NA	-22798	362	46.42140908	1:Recurred/Progressed	Infiltrating Ductal Carcinoma	NOT HISPANIC OR LATINO	0.5053	C50.9	NO	8500/3	57	BRCA	11.892247043363994	1:DECEASED	44954053-0b93-4577-a436-42777e442300	43f2cdb0-e5f0-4586-808a-fc0ef3313aa0	M1	NX	Stage IV	T3	Infiltrating Ductal Carcinoma	Breast	False	False	TCGA-BRCA	Invasive Breast Carcinoma	released	WHITE	1	Primary Tumor	1	Female	1.9	Dead	1992
brca_tcga_gdc	TCGA-B6-A0IA	TCGA-B6-A0IA-01	51	NA	Breast	Invasive Breast Carcinoma	Invasive Breast Carcinoma	6719	-18748	NA	165.762567	0:DiseaseFree	Other, specify	NOT HISPANIC OR LATINO	0.2395	C50.9	NO	8523/3	18	BRCA	275.6570302233903	0:LIVING	0807435a-e75e-4e04-8e45-ed0cd49a841a	ef8c35b3-bdab-4a7e-b5ab-a0a99f4db803	M0	N0 (i-)	Stage IIA	T2	Other, specify	Breast	False	False	TCGA-BRCA	Invasive Breast Carcinoma	released	WHITE	1	Primary Tumor	1	Female	0.6	Alive	1992
brca_tcga_gdc	TCGA-B6-A0IB	TCGA-B6-A0IB-01	64	3rd	Breast	Invasive Breast Carcinoma	Invasive Breast Carcinoma	NA	-23646	3941	129.0725581	0:DiseaseFree	Infiltrating Ductal Carcinoma	NOT HISPANIC OR LATINO	0.5469	C50.9	NO	8500/3	56	BRCA	129.46780551905388	1:DECEASED	157ec9e0-ca6e-4da1-9233-f976cf0db433	e405d22f-86a6-4141-ae74-7098d0fdedfd	M1	N3	Stage IV	T3	Infiltrating Ductal Carcinoma	Breast	False	False	TCGA-BRCA	Invasive Breast Carcinoma	released	WHITE	1	Primary Tumor	1	Female	1.8666666666666667	Dead	1992
brca_tcga_gdc	TCGA-B6-A0IC	TCGA-B6-A0IC-01	89	3rd	Breast	Invasive Breast Carcinoma	Invasive Breast Carcinoma	NA	-32872	0	140.8751685	0:DiseaseFree	Other, specify	NOT HISPANIC OR LATINO	0.0790	C50.9	NO	8503/3	29	BRCA	0.0	1:DECEASED	b804f7ae-da8f-4414-be11-f880f1859160	81bebbeb-bdb8-43f4-8113-b8f53425b725	MX	NX	Stage X	T2	Other, specify	Breast	False	False	TCGA-BRCA	Invasive Breast Carcinoma	released	WHITE	1	Primary Tumor	1	Female	0.9666666666666667	Dead	1992
brca_tcga_gdc	TCGA-B6-A0IE	TCGA-B6-A0IE-01	38	4th	Breast	Invasive Breast Carcinoma	Invasive Breast Carcinoma	NA	-13982	1993	255.6793898	0:DiseaseFree	Mixed Histology (please specify)	NOT HISPANIC OR LATINO	0.3546	C50.9	NO	8520/3	26	BRCA	65.47306176084099	1:DECEASED	3f834fa7-6d7b-4b85-98c0-5c55d55b6c95	95f2fd0c-9121-47bf-b2c1-dd9ed667a146	M0	N1b	Stage IIIA	T3	Mixed Histology (please specify)	Breast	False	False	TCGA-BRCA	Invasive Breast Carcinoma	released	BLACK OR AFRICAN AMERICAN	1	Primary Tumor	1	Female	0.8666666666666667	Dead	1995
brca_tcga_gdc	TCGA-B6-A0IG	TCGA-B6-A0IG-01	50	4th	Breast	Invasive Breast Carcinoma	Invasive Breast Carcinoma	NA	-18433	4456	68.44856495	0:DiseaseFree	Infiltrating Ductal Carcinoma	NOT HISPANIC OR LATINO	0.3256	C50.9	NO	8500/3	NA	BRCA	146.38633377135346	1:DECEASED	34ab0cb8-bf19-4cbb-b4eb-3c45ee5aa60b	4c3d691c-fdf7-46e3-977e-68500c4ac358	M0	N1b	Stage IIB	T2	Infiltrating Ductal Carcinoma	Breast	False	False	TCGA-BRCA	Invasive Breast Carcinoma	released	WHITE	1	Primary Tumor	1	Female	NA	Dead	1994
brca_tcga_gdc	TCGA-B6-A0IH	TCGA-B6-A0IH-01	81	4th	Breast	Invasive Breast Carcinoma	Invasive Breast Carcinoma	NA	-29907	2965	71.17730217	1:Recurred/Progressed	Infiltrating Lobular Carcinoma	NOT HISPANIC OR LATINO	0.1796	C50.9	NO	8520/3	35	BRCA	97.40473061760841	1:DECEASED	2476dda9-da2a-4242-9642-b92b8b9b1c79	5ac66414-2c9e-45d0-837a-f620898a86e0	M0	N1b	Stage IIIA	T3	Infiltrating Lobular Carcinoma	Breast	False	False	TCGA-BRCA	Invasive Breast Carcinoma	released	WHITE	1	Primary Tumor	1	Female	1.1666666666666667	Dead	1995
brca_tcga_gdc	TCGA-B6-A0IJ	TCGA-B6-A0IJ-01	42	NA	Breast	Invasive Breast Carcinoma	Invasive Breast Carcinoma	5383	-15625	NA	36.16398724	1:Recurred/Progressed	Infiltrating Ductal Carcinoma	NOT HISPANIC OR LATINO	0.6380	C50.9	NO	8500/3	123	BRCA	233.44283837056503	0:LIVING	2c86c3ea-d926-4d39-a5ae-39ece4774287	9ef8142a-8627-4dcf-8c87-15b1bc2bfea2	M0	N0 (i-)	Stage IIB	T3	Infiltrating Ductal Carcinoma	Breast	False	False	TCGA-BRCA	Invasive Breast Carcinoma	released	BLACK OR AFRICAN AMERICAN	1	Primary Tumor	1	Female	4.1	Alive	1995
brca_tcga_gdc	TCGA-B6-A0IK	TCGA-B6-A0IK-01	63	4th	Breast	Invasive Breast Carcinoma	Invasive Breast Carcinoma	NA	-23150	571	81.17171319	0:DiseaseFree	Infiltrating Ductal Carcinoma	NOT HISPANIC OR LATINO	0.3567	C50.9	NO	8500/3	96	BRCA	18.758212877792378	1:DECEASED	0491063c-14a7-4104-8002-1459126332f3	357e1eca-0f5c-49d6-b437-0ed0afe3b178	M0	N1	Stage IIIB	T4	Infiltrating Ductal Carcinoma	Breast	False	False	TCGA-BRCA	Invasive Breast Carcinoma	released	WHITE	1	Primary Tumor	1	Female	3.2	Dead	1994
brca_tcga_gdc	TCGA-B6-A0IM	TCGA-B6-A0IM-01	75	4th	Breast	Invasive Breast Carcinoma	Invasive Breast Carcinoma	3836	-27557	3873	NA	NA	Other, specify	NOT HISPANIC OR LATINO	0.2225	C50.9	NO	8523/3	24	BRCA	127.23390275952693	1:DECEASED	5a4b7098-1f6a-49e9-b364-29d6d34f5bd5	74f23f3b-989c-441b-8715-505378d175e3	M0	N0 (i-)	Stage IIB	T3	Other, specify	Breast	False	False	TCGA-BRCA	Invasive Breast Carcinoma	released	BLACK OR AFRICAN AMERICAN	1	Primary Tumor	1	Female	0.8	Dead	1997
brca_tcga_gdc	TCGA-B6-A0IN	TCGA-B6-A0IN-01	45	4th	Breast	Invasive Breast Carcinoma	Invasive Breast Carcinoma	NA	-16705	2573	263.2738271	0:DiseaseFree	Other, specify	NOT HISPANIC OR LATINO	0.2235	C50.9	NO	8523/3	24	BRCA	84.526938239159	1:DECEASED	16a8d916-ad46-4690-b1a5-3b2b323f4336	75103265-c66d-4bd9-8ecf-cfcf66402918	MX	NX	Stage X	T1c	Other, specify	Breast	False	False	TCGA-BRCA	Invasive Breast Carcinoma	released	WHITE	1	Primary Tumor	1	Female	0.8	Dead	1996
brca_tcga_gdc	TCGA-B6-A0IO	TCGA-B6-A0IO-01	66	NA	Breast	Invasive Breast Carcinoma	Invasive Breast Carcinoma	3350	-24322	NA	162.0475392	0:DiseaseFree	Infiltrating Ductal Carcinoma	NOT HISPANIC OR LATINO	0.3260	C50.9	NO	8500/3	NA	BRCA	165.63731931668855	0:LIVING	04af44fc-c487-4005-b3cb-cb64815824a2	476b6ab5-f108-4280-9d53-7eb75fe17e4a	M0	N0 (i-)	Stage IIA	T2	Infiltrating Ductal Carcinoma	Breast	False	False	TCGA-BRCA	Invasive Breast Carcinoma	released	WHITE	1	Primary Tumor	1	Female	NA	Alive	2001
brca_tcga_gdc	TCGA-B6-A0IP	TCGA-B6-A0IP-01	74	NA	Breast	Invasive Breast Carcinoma	Invasive Breast Carcinoma	3374	-27047	3926	91.62639314	1:Recurred/Progressed	Infiltrating Lobular Carcinoma	NOT HISPANIC OR LATINO	0.0670	C50.9	NO	8520/3	NA	BRCA	128.97503285151117	1:DECEASED	1402082d-25c9-4148-8a1e-f58450b706bb	6b1c8010-d4fe-40e7-8e09-7a7dbdde6616	M0	N0 (i-)	Stage IA	T1c	Infiltrating Lobular Carcinoma	Breast	False	False	TCGA-BRCA	Invasive Breast Carcinoma	released	WHITE	1	Primary Tumor	1	Female	NA	Dead	1997
brca_tcga_gdc	TCGA-B6-A0IQ	TCGA-B6-A0IQ-01	40	4th	Breast	Invasive Breast Carcinoma	Invasive Breast Carcinoma	3872	-14669	NA	140.2833942	0:DiseaseFree	Infiltrating Ductal Carcinoma	NOT HISPANIC OR LATINO	0.5981	C50.9	NO	8500/3	NA	BRCA	140.76872536136662	0:LIVING	01eef340-598c-4205-a990-cec190ac2ca5	183a47b2-1b00-4a72-adeb-f35b55692ee1	M0	N1b	Stage IIIA	T3	Infiltrating Ductal Carcinoma	Breast	False	False	TCGA-BRCA	Invasive Breast Carcinoma	released	WHITE	1	Primary Tumor	1	Female	NA	Alive	1996
brca_tcga_gdc	TCGA-B6-A0RE	TCGA-B6-A0RE-01	61	NA	Breast	Invasive Breast Carcinoma	Invasive Breast Carcinoma	6435	-22449	NA	67.10063451	1:Recurred/Progressed	Infiltrating Ductal Carcinoma	NOT HISPANIC OR LATINO	0.5503	C50.9	NO	8500/3	126	BRCA	255.4862023653088	0:LIVING	08da7c4c-3067-4bcf-9d7a-78566df72e69	270be245-2239-4e96-a917-79cca40868ba	M0	N0 (i-)	Stage X	TX	Infiltrating Ductal Carcinoma	Breast	False	False	TCGA-BRCA	Invasive Breast Carcinoma	released	BLACK OR AFRICAN AMERICAN	1	Primary Tumor	1	Female	4.2	Alive	1989
brca_tcga_gdc	TCGA-B6-A0RG	TCGA-B6-A0RG-01	26	4th	Breast	Invasive Breast Carcinoma	Invasive Breast Carcinoma	2082	-9840	NA	NA	NA	Infiltrating Ductal Carcinoma	NOT HISPANIC OR LATINO	0.3547	C50.9	NO	8500/3	54	BRCA	68.39684625492772	0:LIVING	9b13927c-7357-44fd-8385-92ae6a656b7d	b98aa84f-5144-4062-badc-32e89368d684	M0	N0 (i-)	Stage IIB	T3	Infiltrating Ductal Carcinoma	Breast	False	False	TCGA-BRCA	Invasive Breast Carcinoma	released	WHITE	1	Primary Tumor	1	Female	1.8	Alive	1991
brca_tcga_gdc	TCGA-B6-A0RH	TCGA-B6-A0RH-01	51	6th	Breast	Invasive Breast Carcinoma	Invasive Breast Carcinoma	5749	-18759	6456	101.1276589	1:Recurred/Progressed	Infiltrating Ductal Carcinoma	NOT HISPANIC OR LATINO	0.2878	C50.9	NO	8500/3	29	BRCA	212.08935611038106	1:DECEASED	c3148e68-1739-4334-abda-1dcbc2166846	5559a7ea-5db7-4af8-b491-24bb9871b89d	M0	N0 (i-)	Stage IIA	T2	Infiltrating Ductal Carcinoma	Breast	False	False	TCGA-BRCA	Invasive Breast Carcinoma	released	BLACK OR AFRICAN AMERICAN	1	Primary Tumor	1	Female	0.9666666666666667	Dead	1991
brca_tcga_gdc	TCGA-B6-A0RI	TCGA-B6-A0RI-01	44	3rd	Breast	Invasive Breast Carcinoma	Invasive Breast Carcinoma	6796	-16138	NA	169.5104711	0:DiseaseFree	Infiltrating Ductal Carcinoma	NOT HISPANIC OR LATINO	0.0933	C50.9	NO	8500/3	14	BRCA	234.0998685939553	0:LIVING	bfd55808-dddd-44c3-97d7-41600497b992	973ee776-e287-4568-a43d-7b16cc0094a9	M0	N1b	Stage IIIB	T4b	Infiltrating Ductal Carcinoma	Breast	False	False	TCGA-BRCA	Invasive Breast Carcinoma	released	WHITE	1	Primary Tumor	1	Female	0.4666666666666667	Alive	1992
brca_tcga_gdc	TCGA-B6-A0RL	TCGA-B6-A0RL-01	60	4th	Breast	Invasive Breast Carcinoma	Invasive Breast Carcinoma	NA	-22238	2469	NA	NA	Infiltrating Ductal Carcinoma	NOT HISPANIC OR LATINO	0.3722	C50.9	NO	8500/3	43	BRCA	81.11038107752957	1:DECEASED	5562455d-bbb8-46eb-a510-e8c6e1e26789	cb62cd95-92ca-4b83-b8db-1cb9584befc0	M0	N0 (i-)	Stage IIA	T2	Infiltrating Ductal Carcinoma	Breast	False	False	TCGA-BRCA	Invasive Breast Carcinoma	released	BLACK OR AFRICAN AMERICAN	1	Primary Tumor	1	Female	1.4	Dead	1993
brca_tcga_gdc	TCGA-B6-A0RM	TCGA-B6-A0RM-01	57	4th	Breast	Invasive Breast Carcinoma	Invasive Breast Carcinoma	NA	-21047	2373	126.9684716	1:Recurred/Progressed	Infiltrating Ductal Carcinoma	NOT HISPANIC OR LATINO	0.0800	C50.9	NO	8500/3	22	BRCA	77.95663600525624	1:DECEASED	151f3677-6854-4265-9126-d92c646c67ae	e0e00806-1aa3-441d-b22e-6ae01a8473f2	MX	NX	Stage X	TX	Infiltrating Ductal Carcinoma	Breast	False	False	TCGA-BRCA	Invasive Breast Carcinoma	released	BLACK OR AFRICAN AMERICAN	1	Primary Tumor	1	Female	0.7333333333333333	Dead	1993
brca_tcga_gdc	TCGA-B6-A0RN	TCGA-B6-A0RN-01	60	NA	Breast	Invasive Breast Carcinoma	Invasive Breast Carcinoma	5261	-22077	NA	79.46214288	0:DiseaseFree	Infiltrating Ductal Carcinoma	NOT HISPANIC OR LATINO	0.0750	C50.9	NO	8500/3	23	BRCA	263.0749014454665	0:LIVING	2199b7a1-bd47-4bb5-b36a-a3e291e3e259	3652a456-36ee-4746-b25d-a6303984b77f	M0	N0 (i-)	Stage IA	T1c	Infiltrating Ductal Carcinoma	Breast	False	False	TCGA-BRCA	Invasive Breast Carcinoma	released	WHITE	1	Primary Tumor	1	Female	0.7666666666666667	Alive	1993
brca_tcga_gdc	TCGA-B6-A0RO	TCGA-B6-A0RO-01	71	4th	Breast	Invasive Breast Carcinoma	Invasive Breast Carcinoma	4929	-26269	NA	14.69572936	1:Recurred/Progressed	Infiltrating Ductal Carcinoma	NOT HISPANIC OR LATINO	0.4718	C50.9	NO	8500/3	29	BRCA	161.9250985545335	0:LIVING	0b172e29-6166-4863-803d-a0a010887c11	edf2dbbe-b055-4d90-bc41-72355621b99e	M0	N1a	Stage IIIB	T4	Infiltrating Ductal Carcinoma	Breast	False	False	TCGA-BRCA	Invasive Breast Carcinoma	released	WHITE	1	Primary Tumor	1	Female	0.9666666666666667	Alive	1993
brca_tcga_gdc	TCGA-B6-A0RP	TCGA-B6-A0RP-01	73	4th	Breast	Invasive Breast Carcinoma	Invasive Breast Carcinoma	NA	-26941	3126	18.5093862	1:Recurred/Progressed	Mixed Histology (please specify)	NOT HISPANIC OR LATINO	0.4515	C50.9	NO	8522/3	20	BRCA	102.69382391590013	1:DECEASED	451e1a67-47e6-4738-99d7-fb7771ef61a3	6f261668-4373-4bf7-940b-38acf79b97b5	M0	N1b	NA	T2	Mixed Histology (please specify)	Breast	False	False	TCGA-BRCA	Invasive Breast Carcinoma	released	WHITE	1	Primary Tumor	1	Female	0.6666666666666666	Dead	1994
brca_tcga_gdc	TCGA-B6-A0RQ	TCGA-B6-A0RQ-01	68	4th	Breast	Invasive Breast Carcinoma	Invasive Breast Carcinoma	NA	-25010	4267	66.11434395	1:Recurred/Progressed	Infiltrating Lobular Carcinoma	NOT HISPANIC OR LATINO	0.0352	C50.9	NO	8520/3	35	BRCA	140.17739816031536	1:DECEASED	caa9b533-24b4-4ecd-9159-c165de049f6a	d43f3908-db7e-4064-b245-9e7ae83a47cc	M0	N0 (i-)	Stage IIB	T3	Infiltrating Lobular Carcinoma	Breast	False	False	TCGA-BRCA	Invasive Breast Carcinoma	released	WHITE	1	Primary Tumor	1	Female	1.1666666666666667	Dead	1994
brca_tcga_gdc	TCGA-B6-A0RS	TCGA-B6-A0RS-01	38	3rd	Breast	Invasive Breast Carcinoma	Invasive Breast Carcinoma	NA	-14134	3063	206.858007	0:DiseaseFree	Infiltrating Ductal Carcinoma	NOT HISPANIC OR LATINO	0.4701	C50.9	NO	8500/3	118	BRCA	100.62417871222075	1:DECEASED	9416ff9b-6f29-4554-b04d-b537a3ae3969	7c44fbbe-00db-4ad7-86a9-61b5968d1a00	M0	N0 (i-)	Stage IIA	T2	Infiltrating Ductal Carcinoma	Breast	False	False	TCGA-BRCA	Invasive Breast Carcinoma	released	WHITE	1	Primary Tumor	1	Female	3.933333333333333	Dead	1988
brca_tcga_gdc	TCGA-B6-A0RT	TCGA-B6-A0RT-01	39	4th	Breast	Invasive Breast Carcinoma	Invasive Breast Carcinoma	2721	-14374	NA	129.6972088	0:DiseaseFree	Infiltrating Ductal Carcinoma	NOT HISPANIC OR LATINO	0.0440	C50.9	NO	8500/3	45	BRCA	89.38896189224704	0:LIVING	4bf50455-9ab7-4521-a791-089f66d3b877	c2300b5b-43a7-43b8-8cd1-22ff7e89a21a	M0	N1	Stage IIIA	T3	Infiltrating Ductal Carcinoma	Breast	False	False	TCGA-BRCA	Invasive Breast Carcinoma	released	WHITE	1	Primary Tumor	1	Female	1.5	Alive	1996
brca_tcga_gdc	TCGA-B6-A0RU	TCGA-B6-A0RU-01	40	3rd	Breast	Invasive Breast Carcinoma	Invasive Breast Carcinoma	7067	-14920	NA	16.1094125	1:Recurred/Progressed	Other, specify	NOT HISPANIC OR LATINO	0.4834	C50.9	NO	8523/3	37	BRCA	282.6872536136662	0:LIVING	6956473b-92e5-4069-a26b-b48e280e76f2	c94232f8-2e37-46d0-b12a-b8e920e659d9	M0	N0 (i-)	Stage IA	T1c	Other, specify	Breast	False	False	TCGA-BRCA	Invasive Breast Carcinoma	released	WHITE	1	Primary Tumor	1	Female	1.2333333333333334	Alive	1990
brca_tcga_gdc	TCGA-B6-A0RV	TCGA-B6-A0RV-01	42	4th	Breast	Invasive Breast Carcinoma	Invasive Breast Carcinoma	4788	-15507	NA	23.53946806	1:Recurred/Progressed	Mixed Histology (please specify)	NOT HISPANIC OR LATINO	0.1653	C50.9	NO	8522/3	30	BRCA	169.38239159001313	0:LIVING	cd3faa15-743c-476f-ab0d-f205b14126b6	8a0c0515-abdd-4e78-9205-bd8f80f60397	M0	N2	Stage IIIA	T3	Mixed Histology (please specify)	Breast	False	False	TCGA-BRCA	Invasive Breast Carcinoma	released	WHITE	1	Primary Tumor	1	Female	1.0	Alive	1996
brca_tcga_gdc	TCGA-B6-A0WS	TCGA-B6-A0WS-01	58	4th	Breast	Invasive Breast Carcinoma	Invasive Breast Carcinoma	NA	-21230	2965	44.15294079	1:Recurred/Progressed	Infiltrating Ductal Carcinoma	NOT HISPANIC OR LATINO	0.2306	C50.9	NO	8500/3	15	BRCA	97.40473061760841	1:DECEASED	197741de-a098-4f04-bb37-8ea8b3bb39bc	5dc7e339-f508-4d0d-ae4e-016a5425aba4	MX	NX	Stage X	T1c	Infiltrating Ductal Carcinoma	Breast	False	False	TCGA-BRCA	Invasive Breast Carcinoma	released	BLACK OR AFRICAN AMERICAN	1	Primary Tumor	1	Female	0.4666666666666667	Dead	1996
brca_tcga_gdc	TCGA-B6-A0WT	TCGA-B6-A0WT-01	61	4th	Breast	Invasive Breast Carcinoma	Invasive Breast Carcinoma	5396	-22362	NA	NA	NA	Infiltrating Ductal Carcinoma	NOT HISPANIC OR LATINO	0.1608	C50.9	NO	8500/3	14	BRCA	188.53482260183966	0:LIVING	d7195183-9fe4-4b17-bcfd-9367d2e539ce	1940c04b-a08a-4cce-9915-483656d5b4c3	M0	N1	Stage IIB	T2	Infiltrating Ductal Carcinoma	Breast	False	False	TCGA-BRCA	Invasive Breast Carcinoma	released	WHITE	1	Primary Tumor	1	Female	0.4666666666666667	Alive	1995
brca_tcga_gdc	TCGA-B6-A0WV	TCGA-B6-A0WV-01	67	4th	Breast	Invasive Breast Carcinoma	Invasive Breast Carcinoma	NA	-24803	2417	43.59404281	0:DiseaseFree	Infiltrating Ductal Carcinoma	NOT HISPANIC OR LATINO	0.4651	C50.9	NO	8500/3	26	BRCA	79.40210249671485	1:DECEASED	7588a286-6935-424a-bc5f-92e24c83eb37	9caf2f97-a056-4274-be21-cf06656116fa	M0	N1b	Stage IIB	T2	Infiltrating Ductal Carcinoma	Breast	False	False	TCGA-BRCA	Invasive Breast Carcinoma	released	WHITE	1	Primary Tumor	1	Female	0.8666666666666667	Dead	1995
brca_tcga_gdc	TCGA-B6-A0WW	TCGA-B6-A0WW-01	58	4th	Breast	Invasive Breast Carcinoma	Invasive Breast Carcinoma	NA	-21479	558	101.5221751	0:DiseaseFree	Infiltrating Ductal Carcinoma	NOT HISPANIC OR LATINO	0.3158	C50.9	NO	8500/3	30	BRCA	18.331143232588698	1:DECEASED	f02931f8-d72a-481d-b532-8b141dab115f	cbc8cfce-6c77-4b2e-90a1-198eaaba6fde	MX	N1b	Stage X	T2	Infiltrating Ductal Carcinoma	Breast	False	False	TCGA-BRCA	Invasive Breast Carcinoma	released	BLACK OR AFRICAN AMERICAN	1	Primary Tumor	1	Female	1.0	Dead	1997
brca_tcga_gdc	TCGA-B6-A0WX	TCGA-B6-A0WX-01	40	5th	Breast	Invasive Breast Carcinoma	Invasive Breast Carcinoma	NA	-14784	639	73.51152316	0:DiseaseFree	Other, specify	NOT HISPANIC OR LATINO	0.4582	C50.9	NO	8520/3	25	BRCA	20.992115637319316	1:DECEASED	a482fc4c-ff1d-46a0-a968-7df06422cc4b	7daa9124-2878-4708-ae74-28b17ef4898c	M0	N1b	Stage IIIA	T3	Other, specify	Breast	False	False	TCGA-BRCA	Invasive Breast Carcinoma	released	BLACK OR AFRICAN AMERICAN	1	Primary Tumor	1	Female	0.8333333333333334	Dead	1998
brca_tcga_gdc	TCGA-B6-A0WY	TCGA-B6-A0WY-01	40	4th	Breast	Invasive Breast Carcinoma	Invasive Breast Carcinoma	NA	-14778	3461	139.1655982	0:DiseaseFree	Infiltrating Ductal Carcinoma	NOT HISPANIC OR LATINO	0.0865	C50.9	NO	8500/3	22	BRCA	113.69908015768725	1:DECEASED	f475d460-75cd-4fe9-aa54-c90be12b4ef8	ed3f6393-6955-41af-bb3a-7723b5dbe41e	M0	N1b	Stage IIIA	T3	Infiltrating Ductal Carcinoma	Breast	False	False	TCGA-BRCA	Invasive Breast Carcinoma	released	WHITE	1	Primary Tumor	1	Female	0.7333333333333333	Dead	1996
brca_tcga_gdc	TCGA-B6-A0WZ	TCGA-B6-A0WZ-01	50	4th	Breast	Invasive Breast Carcinoma	Invasive Breast Carcinoma	3941	-18584	NA	170.1679982	0:DiseaseFree	Infiltrating Ductal Carcinoma	NOT HISPANIC OR LATINO	0.2504	C50.9	NO	8500/3	50	BRCA	206.7017082785808	0:LIVING	08740d7f-5a5e-4dfa-bd48-7fbf228a7a28	5b94a116-7e70-41d4-8c6f-2bae44e591aa	M0	N1b	Stage II	T2	Infiltrating Ductal Carcinoma	Breast	False	False	TCGA-BRCA	Invasive Breast Carcinoma	released	BLACK OR AFRICAN AMERICAN	1	Primary Tumor	1	Female	1.6666666666666667	Alive	1996
brca_tcga_gdc	TCGA-B6-A0X0	TCGA-B6-A0X0-01	54	4th	Breast	Invasive Breast Carcinoma	Invasive Breast Carcinoma	NA	-19802	3945	NA	NA	Other, specify	NOT HISPANIC OR LATINO	0.1236	C50.919	NO	8201/3	14	BRCA	129.59921156373193	1:DECEASED	1e68e760-a4cf-4100-bf9c-e50fa8d126f6	14f380df-eda0-4593-b00f-43abc87e22d4	M0	N0 (i-)	Stage I	T1c	Other, specify	Breast	False	False	TCGA-BRCA	Invasive Breast Carcinoma	released	WHITE	1	Primary Tumor	1	Female	0.4666666666666667	Dead	1996
brca_tcga_gdc	TCGA-B6-A0X1	TCGA-B6-A0X1-01	48	4th	Breast	Invasive Breast Carcinoma	Invasive Breast Carcinoma	5677	-17624	7455	7.068415689	0:DiseaseFree	Infiltrating Ductal Carcinoma	NOT HISPANIC OR LATINO	0.8324	C50.9	NO	8500/3	63	BRCA	244.90801576872536	1:DECEASED	178b2c48-c07d-422e-ae17-8bcfd996ad51	d360da4b-c5b4-42e8-96d5-eac486f0ebbd	M1	N1	NA	T2	Infiltrating Ductal Carcinoma	Breast	False	False	TCGA-BRCA	Invasive Breast Carcinoma	released	WHITE	1	Primary Tumor	1	Female	2.1	Dead	1994
brca_tcga_gdc	TCGA-B6-A0X4	TCGA-B6-A0X4-01	62	4th	Breast	Invasive Breast Carcinoma	Invasive Breast Carcinoma	NA	-22688	860	85.3470099	0:DiseaseFree	Infiltrating Ductal Carcinoma	NOT HISPANIC OR LATINO	0.0307	C50.9	NO	8500/3	17	BRCA	28.252299605781864	1:DECEASED	4e42fdc5-2a8b-49e9-87ef-6db7a6692d08	45c3bd72-d260-4663-9091-5058e58f352d	M0	N1b	Stage IIB	T2	Infiltrating Ductal Carcinoma	Breast	False	False	TCGA-BRCA	Invasive Breast Carcinoma	released	WHITE	1	Primary Tumor	1	Female	0.5666666666666667	Dead	1996
brca_tcga_gdc	TCGA-B6-A0X5	TCGA-B6-A0X5-01	61	4th	Breast	Invasive Breast Carcinoma	Invasive Breast Carcinoma	NA	-22380	2097	49.84054969	1:Recurred/Progressed	Infiltrating Ductal Carcinoma	NOT HISPANIC OR LATINO	0.0824	C50.9	NO	8500/3	31	BRCA	68.88961892247043	1:DECEASED	4e6edfe6-adcb-4c12-8ff4-38a79f5887e8	e56e785d-f9b1-4afa-bc2d-b6cebf9e64cc	M0	N1b	Stage IIB	T2	Infiltrating Ductal Carcinoma	Breast	False	False	TCGA-BRCA	Invasive Breast Carcinoma	released	BLACK OR AFRICAN AMERICAN	1	Primary Tumor	1	Female	1.0333333333333334	Dead	1995
brca_tcga_gdc	TCGA-B6-A0X7	TCGA-B6-A0X7-01	62	4th	Breast	Invasive Breast Carcinoma	Invasive Breast Carcinoma	NA	-22723	1781	68.11980143	0:DiseaseFree	Mixed Histology (please specify)	NOT HISPANIC OR LATINO	0.1686	C50.9	NO	8500/3	NA	BRCA	58.50854139290407	1:DECEASED	5b9a5cd2-5ec8-48a0-b9f2-da9bede0b089	de27ccdd-56a4-44e9-89a3-ff0173026315	MX	NX	Stage X	T1c	Mixed Histology (please specify)	Breast	False	False	TCGA-BRCA	Invasive Breast Carcinoma	released	WHITE	1	Primary Tumor	1	Female	NA	Dead	1994
brca_tcga_gdc	TCGA-B6-A1KC	TCGA-B6-A1KC-01	67	6th	Breast	Invasive Breast Carcinoma	Invasive Breast Carcinoma	1326	-24791	NA	14.99161653	1:Recurred/Progressed	Infiltrating Ductal Carcinoma	NOT HISPANIC OR LATINO	0.5173	C50.9	NO	8500/3	NA	BRCA	43.56110381077529	0:LIVING	1502c7d7-1535-4e56-9f34-30623acd50d5	0cc10a1e-a90a-4c55-87a2-a74d47474a4a	M0	N1	Stage IIB	T2	Infiltrating Ductal Carcinoma	Breast	False	False	TCGA-BRCA	Invasive Breast Carcinoma	released	WHITE	1	Primary Tumor	1	Female	NA	Alive	2003
brca_tcga_gdc	TCGA-B6-A1KF	TCGA-B6-A1KF-01	68	5th	Breast	Invasive Breast Carcinoma	Invasive Breast Carcinoma	3088	-24891	NA	103.6262616	0:DiseaseFree	Infiltrating Ductal Carcinoma	NOT HISPANIC OR LATINO	0.5587	C50.9	NO	8500/3	43	BRCA	101.4454664914586	0:LIVING	f30eb65f-fb44-4062-ac39-a38d072f655f	11678ad0-81ae-4420-8976-52f99c5d7d5d	M0	N1	Stage IIB	T2	Infiltrating Ductal Carcinoma	Breast	False	False	TCGA-BRCA	Invasive Breast Carcinoma	released	WHITE	1	Primary Tumor	1	Female	1.4333333333333333	Alive	1998
brca_tcga_gdc	TCGA-B6-A1KI	TCGA-B6-A1KI-01	63	6th	Breast	Invasive Breast Carcinoma	Invasive Breast Carcinoma	1463	-23031	NA	71.14442582	0:DiseaseFree	Infiltrating Ductal Carcinoma	NOT HISPANIC OR LATINO	0.1124	C50.9	NO	8500/3	15	BRCA	73.45597897503285	0:LIVING	1dafdd64-527d-4d46-bbdf-7a97774f881b	a6b12e25-7b2d-460c-876f-02a75a82d7d2	M0	N0	Stage I	T1c	Infiltrating Ductal Carcinoma	Breast	False	False	TCGA-BRCA	Invasive Breast Carcinoma	released	WHITE	1	Primary Tumor	1	Female	0.5	Alive	2003
brca_tcga_gdc	TCGA-B6-A1KN	TCGA-B6-A1KN-01	57	5th	Breast	Invasive Breast Carcinoma	Invasive Breast Carcinoma	3330	-21183	NA	62.92533781	0:DiseaseFree	Infiltrating Ductal Carcinoma	NOT HISPANIC OR LATINO	0.2868	C50.9	NO	8500/3	51	BRCA	139.0604467805519	0:LIVING	271404de-24e8-43f6-806b-fb510c1124c4	ca44a8bf-428e-48b5-ae58-614f9a3e0fd8	M0	N1	Stage IIIB	T4b	Infiltrating Ductal Carcinoma	Breast	False	False	TCGA-BRCA	Invasive Breast Carcinoma	released	WHITE	1	Primary Tumor	1	Female	1.7	Alive	1998
brca_tcga_gdc	TCGA-B6-A2IU	TCGA-B6-A2IU-01	62	5th	Breast	Invasive Breast Carcinoma	Invasive Breast Carcinoma	4840	-22905	NA	59.83496071	0:DiseaseFree	Infiltrating Lobular Carcinoma	HISPANIC OR LATINO	0.2257	C50.9	NO	8520/3	35	BRCA	170.0394218134034	0:LIVING	9857be0c-aeca-4a43-90b1-0535bd08e086	571468b9-6fb4-40c6-8830-1ffad5419b60	M0	N0	Stage IIA	T2	Infiltrating Lobular Carcinoma	Breast	False	False	TCGA-BRCA	Invasive Breast Carcinoma	released	WHITE	1	Primary Tumor	1	Female	1.1666666666666667	Alive	1998
brca_tcga_gdc	TCGA-B6-A3ZX	TCGA-B6-A3ZX-01	50	6th	Breast	Invasive Breast Carcinoma	Invasive Breast Carcinoma	1132	-18434	1152	20.44909097	0:DiseaseFree	Mixed Histology (please specify)	NOT HISPANIC OR LATINO	0.0622	C50.9	NO	8522/3	NA	BRCA	37.844940867279895	1:DECEASED	9434687a-197c-4959-b6b8-9c05f1dd7f53	38f37f0c-75d2-4a56-b62a-9472a9c3ae13	M1	N1	Stage IV	T3	Mixed Histology (please specify)	Breast	False	False	TCGA-BRCA	Invasive Breast Carcinoma	released	BLACK OR AFRICAN AMERICAN	1	Primary Tumor	1	Female	NA	Dead	2007
brca_tcga_gdc	TCGA-B6-A400	TCGA-B6-A400-01	43	6th	Breast	Invasive Breast Carcinoma	Invasive Breast Carcinoma	215	-16022	NA	25.54492554	0:DiseaseFree	Infiltrating Ductal Carcinoma	NOT HISPANIC OR LATINO	0.3435	C50.9	NO	8500/3	NA	BRCA	7.063074901445466	0:LIVING	d9a1c06f-7b50-46b0-878e-89e8c31863ae	5012e9c0-a0f3-4f57-8840-fee059dfe671	M0	N2a	Stage IIIA	T2	Infiltrating Ductal Carcinoma	Breast	False	False	TCGA-BRCA	Invasive Breast Carcinoma	released	BLACK OR AFRICAN AMERICAN	1	Primary Tumor	1	Female	NA	Alive	2008
brca_tcga_gdc	TCGA-B6-A401	TCGA-B6-A401-01	47	6th	Breast	Invasive Breast Carcinoma	Invasive Breast Carcinoma	1989	-17438	NA	63.08971957	0:DiseaseFree	Infiltrating Ductal Carcinoma	NOT HISPANIC OR LATINO	0.3490	C50.9	NO	8500/3	19	BRCA	85.28252299605782	0:LIVING	48ff0420-0f19-4e9d-a75d-6c54949a461a	4c932085-e46b-4544-a32c-c38b2bac837a	M0	N1a	Stage IIA	T1c	Infiltrating Ductal Carcinoma	Breast	False	False	TCGA-BRCA	Invasive Breast Carcinoma	released	BLACK OR AFRICAN AMERICAN	1	Primary Tumor	1	Female	0.6333333333333333	Alive	2007
brca_tcga_gdc	TCGA-B6-A402	TCGA-B6-A402-01	47	6th	Breast	Invasive Breast Carcinoma	Invasive Breast Carcinoma	1651	-17314	NA	81.434724	0:DiseaseFree	Infiltrating Ductal Carcinoma	NOT HISPANIC OR LATINO	0.5319	C50.9	NO	8500/3	NA	BRCA	74.93429697766096	0:LIVING	75b3fe55-1a63-426e-867e-2ef52f54778d	6961fffe-50b4-4296-8390-196b6070f739	M0	N0 (i-)	Stage I	T1c	Infiltrating Ductal Carcinoma	Breast	False	False	TCGA-BRCA	Invasive Breast Carcinoma	released	BLACK OR AFRICAN AMERICAN	1	Primary Tumor	1	Female	NA	Alive	2008
brca_tcga_gdc	TCGA-B6-A408	TCGA-B6-A408-01	55	6th	Breast	Invasive Breast Carcinoma	Invasive Breast Carcinoma	1519	-20102	NA	37.74205214	0:DiseaseFree	Mixed Histology (please specify)	NOT HISPANIC OR LATINO	0.2206	C50.9	NO	8522/3	NA	BRCA	68.06833114323258	0:LIVING	9964f447-92ad-4d1e-af20-11cf84fab7b0	8518e829-4248-4f12-b32f-f4019f7ba4e2	M0	N3a	Stage IIIC	T2	Mixed Histology (please specify)	Breast	False	False	TCGA-BRCA	Invasive Breast Carcinoma	released	BLACK OR AFRICAN AMERICAN	1	Primary Tumor	1	Female	NA	Alive	2008
brca_tcga_gdc	TCGA-B6-A409	TCGA-B6-A409-01	44	6th	Breast	Invasive Breast Carcinoma	Invasive Breast Carcinoma	NA	-16178	573	NA	NA	Infiltrating Ductal Carcinoma	NOT HISPANIC OR LATINO	0.5755	C50.9	NO	8500/3	24	BRCA	18.823915900131404	1:DECEASED	5362cbc4-cd28-4afd-a8ac-1a4c2c33cad2	9e1c48c2-ce8e-4256-8cb2-31b12c523c66	M0	N2a	Stage IIIA	T1c	Infiltrating Ductal Carcinoma	Breast	False	False	TCGA-BRCA	Invasive Breast Carcinoma	released	BLACK OR AFRICAN AMERICAN	1	Primary Tumor	1	Female	0.8	Dead	2008
brca_tcga_gdc	TCGA-B6-A40B	TCGA-B6-A40B-01	76	6th	Breast	Invasive Breast Carcinoma	Invasive Breast Carcinoma	2521	-27811	NA	39.5502515	0:DiseaseFree	Infiltrating Lobular Carcinoma	NOT HISPANIC OR LATINO	0.1979	C50.9	NO	8520/3	NA	BRCA	103.54796320630749	0:LIVING	8539e15f-ba40-4219-aaeb-08d0ab101311	efddcf44-ac69-436a-ba29-261e8dc6ad55	M0	N0 (i-)	Stage I	T1b	Infiltrating Lobular Carcinoma	Breast	False	False	TCGA-BRCA	Invasive Breast Carcinoma	released	WHITE	1	Primary Tumor	1	Female	NA	Alive	2005
brca_tcga_gdc	TCGA-B6-A40C	TCGA-B6-A40C-01	51	6th	Breast	Invasive Breast Carcinoma	Invasive Breast Carcinoma	1673	-18852	NA	39.15573528	0:DiseaseFree	Infiltrating Lobular Carcinoma	NOT HISPANIC OR LATINO	0.2050	C50.9	NO	8520/3	26	BRCA	71.09067017082785	0:LIVING	fd0b1b8b-1a76-480a-b61c-d176e4e02c6b	e852c16b-cd36-4551-8cc5-8b59719ca987	M0	N0 (i-)	Stage IIB	T3	Infiltrating Lobular Carcinoma	Breast	False	False	TCGA-BRCA	Invasive Breast Carcinoma	released	WHITE	1	Primary Tumor	1	Female	0.8666666666666667	Alive	2005
brca_tcga_gdc	TCGA-BH-A0AU	TCGA-BH-A0AU-01	45	6th	Breast	Invasive Breast Carcinoma	Invasive Breast Carcinoma	746	-16688	NA	NA	NA	Infiltrating Ductal Carcinoma	NOT HISPANIC OR LATINO	0.4317	C50.9	NO	8500/3	15	BRCA	62.877792378449406	0:LIVING	360d1d6d-cf3e-4c78-b36f-ef5e3160aa6b	9df5fb66-44da-4d92-899a-99c07cd23fff	M0	N0	Stage IIA	T2	Infiltrating Ductal Carcinoma	Breast	False	False	TCGA-BRCA	Invasive Breast Carcinoma	released	WHITE	1	Primary Tumor	1	Female	0.5	Alive	2008
brca_tcga_gdc	TCGA-BH-A0AV	TCGA-BH-A0AV-01	52	6th	Breast	Invasive Breast Carcinoma	Invasive Breast Carcinoma	1180	-19314	NA	84.13058487	0:DiseaseFree	Infiltrating Ductal Carcinoma	NA	0.5990	C50.9	NO	8500/3	50	BRCA	59.78975032851511	0:LIVING	790ff5db-b7f3-4946-aaed-305f66b1dd6a	dce6cac3-6c76-4574-b7a8-c7083b12f22e	M0	N0	Stage I	T1c	Infiltrating Ductal Carcinoma	Breast	False	False	TCGA-BRCA	Invasive Breast Carcinoma	released	BLACK OR AFRICAN AMERICAN	1	Primary Tumor	1	Female	1.6666666666666667	Alive	2008
brca_tcga_gdc	TCGA-BH-A0AW	TCGA-BH-A0AW-01	56	NA	Breast	Invasive Breast Carcinoma	Invasive Breast Carcinoma	622	-20468	NA	51.58299635	0:DiseaseFree	Infiltrating Ductal Carcinoma	NA	0.2785	C50.9	NO	8500/3	122	BRCA	20.43363994743758	0:LIVING	c5891c7a-fd24-4891-8f51-373967e4a6dd	18bb30b2-6018-45af-9393-f7a8ea40fa04	M0	N1a	Stage IIA	T1c	Infiltrating Ductal Carcinoma	Breast	False	False	TCGA-BRCA	Invasive Breast Carcinoma	released	WHITE	1	Primary Tumor	1	Female	4.066666666666666	Alive	2008
brca_tcga_gdc	TCGA-BH-A0AY	TCGA-BH-A0AY-01	62	NA	Breast	Invasive Breast Carcinoma	Invasive Breast Carcinoma	777	-22703	NA	51.68162541	0:DiseaseFree	Infiltrating Ductal Carcinoma	NA	0.2182	C50.9	NO	8500/3	37	BRCA	25.52562417871222	0:LIVING	93ed6066-b567-4e1c-ab81-23370f9d3452	7f00169e-2572-4158-a453-ccec33cd2159	M0	N0 (i-)	Stage IIA	T2	Infiltrating Ductal Carcinoma	Breast	False	False	TCGA-BRCA	Invasive Breast Carcinoma	released	WHITE	1	Primary Tumor	1	Female	1.2333333333333334	Alive	2008
brca_tcga_gdc	TCGA-BH-A0AZ	TCGA-BH-A0AZ-01	47	6th	Breast	Invasive Breast Carcinoma	Invasive Breast Carcinoma	867	-17465	NA	37.21603051	0:DiseaseFree	Infiltrating Ductal Carcinoma	NOT HISPANIC OR LATINO	0.2952	C50.9	NO	8500/3	46	BRCA	63.042049934296976	0:LIVING	518f231c-f5f9-4a39-a97b-7fd5666d3e50	aafc7bc4-1e57-4df9-9bad-a04a4d9edebd	cM0 (i+)	N1a	Stage IIIA	T3	Infiltrating Ductal Carcinoma	Breast	False	False	TCGA-BRCA	Invasive Breast Carcinoma	released	WHITE	1	Primary Tumor	1	Female	1.5333333333333334	Alive	2008
brca_tcga_gdc	TCGA-BH-A0B0	TCGA-BH-A0B0-01	56	6th	Breast	Invasive Breast Carcinoma	Invasive Breast Carcinoma	1428	-20776	NA	32.02156689	0:DiseaseFree	Infiltrating Ductal Carcinoma	NA	0.2393	C50.9	NO	8500/3	46	BRCA	81.37319316688567	0:LIVING	66af34ea-f471-4092-aff6-9ac9a5b75b11	b25afcbc-accf-4f14-acc3-2f8bb700e5d2	M0	N0	Stage I	T1c	Infiltrating Ductal Carcinoma	Breast	False	False	TCGA-BRCA	Invasive Breast Carcinoma	released	BLACK OR AFRICAN AMERICAN	1	Primary Tumor	1	Female	1.5333333333333334	Alive	2006
brca_tcga_gdc	TCGA-BH-A0B1	TCGA-BH-A0B1-01	66	NA	Breast	Invasive Breast Carcinoma	Invasive Breast Carcinoma	1148	-24315	NA	18.21349903	0:DiseaseFree	Infiltrating Ductal Carcinoma	NA	0.4273	C50.9	NO	8500/3	40	BRCA	37.71353482260184	0:LIVING	b4e4fea2-b802-4a86-923e-3fcbd3c708fe	31532d08-cb6e-40fa-9dfe-d2c6d037dcb1	M0	N1a	Stage IIB	T2	Infiltrating Ductal Carcinoma	Breast	False	False	TCGA-BRCA	Invasive Breast Carcinoma	released	WHITE	1	Primary Tumor	1	Female	1.3333333333333333	Alive	2007
brca_tcga_gdc	TCGA-BH-A0B2	TCGA-BH-A0B2-01	NA	NA	NA	Invasive Breast Carcinoma	Invasive Breast Carcinoma	NA	NA	NA	43.5282901	0:DiseaseFree	NA	NA	0.2115	NA	NO	NA	NA	BRCA	NA	NA	NA	d2b1e8d2-304a-43cf-afb9-e7c0a69fff03	NA	NA	NA	NA	NA	NA	NA	NA	TCGA-BRCA	Invasive Breast Carcinoma	released	NA	1	Primary Tumor	1	NA	NA	NA	NA
brca_tcga_gdc	TCGA-BH-A0B3	TCGA-BH-A0B3-01	53	NA	Breast	Invasive Breast Carcinoma	Invasive Breast Carcinoma	1203	-19479	NA	61.51165467	0:DiseaseFree	Infiltrating Ductal Carcinoma	NA	0.2610	C50.9	NO	8500/3	33	BRCA	39.5203679369251	0:LIVING	18eb4dfc-556f-4bf3-a411-4780209ed1e0	fc1f0ad4-8412-4143-8ebf-fa6592f396e9	M0	N1a	Stage IIB	T2	Infiltrating Ductal Carcinoma	Breast	False	False	TCGA-BRCA	Invasive Breast Carcinoma	released	WHITE	1	Primary Tumor	1	Female	1.1	Alive	2007
brca_tcga_gdc	TCGA-BH-A0B4	TCGA-BH-A0B4-01	65	NA	Breast	Invasive Breast Carcinoma	Invasive Breast Carcinoma	1191	-23980	NA	21.69839235	0:DiseaseFree	Infiltrating Ductal Carcinoma	NA	0.3679	C50.9	NO	8500/3	62	BRCA	39.12614980289093	0:LIVING	c710f4ab-fbd9-42ed-95d4-4e6d51207f38	481cdbff-1f84-4508-ad9f-21a61009d68a	M0	N2	Stage IIIA	T2	Infiltrating Ductal Carcinoma	Breast	False	False	TCGA-BRCA	Invasive Breast Carcinoma	released	WHITE	1	Primary Tumor	1	Male	2.066666666666667	Alive	2007
brca_tcga_gdc	TCGA-BH-A0B5	TCGA-BH-A0B5-01	40	6th	Breast	Invasive Breast Carcinoma	Invasive Breast Carcinoma	1471	-14920	NA	74.89232995	0:DiseaseFree	Infiltrating Lobular Carcinoma	NOT HISPANIC OR LATINO	0.2431	C50.9	NO	8520/3	51	BRCA	70.17082785808147	0:LIVING	9da462b0-93c2-4305-89f6-7199a30399a7	a0de3018-8916-4e06-8ba1-beb1d218e30e	M0	N2a	Stage IIIA	T2	Infiltrating Lobular Carcinoma	Breast	False	False	TCGA-BRCA	Invasive Breast Carcinoma	released	WHITE	1	Primary Tumor	1	Female	1.7	Alive	2007
brca_tcga_gdc	TCGA-BH-A0B6	TCGA-BH-A0B6-01	47	6th	Breast	Invasive Breast Carcinoma	Invasive Breast Carcinoma	1732	-17346	NA	NA	NA	Infiltrating Ductal Carcinoma	NOT HISPANIC OR LATINO	0.1959	C50.9	NO	8500/3	582	BRCA	81.57030223390275	0:LIVING	fa4e082a-d213-412e-8d91-842a6f4bef12	930b82a6-a039-4f8f-8487-b0abb4fe7aba	M0	N0	Stage I	T1c	Infiltrating Ductal Carcinoma	Breast	True	True	TCGA-BRCA	Invasive Breast Carcinoma	released	WHITE	1	Primary Tumor	1	Female	19.4	Alive	2006
brca_tcga_gdc	TCGA-BH-A0B7	TCGA-BH-A0B7-01	42	6th	Breast	Invasive Breast Carcinoma	Invasive Breast Carcinoma	1733	-15593	NA	72.22934543	0:DiseaseFree	Infiltrating Ductal Carcinoma	NOT HISPANIC OR LATINO	0.1495	C50.9	NO	8500/3	27	BRCA	84.06701708278581	0:LIVING	214a4507-d974-4b3e-8525-7408fccc6a0f	45c79141-a125-4305-b1b7-c838de1af8a3	M0	N1a	Stage IIB	T2	Infiltrating Ductal Carcinoma	Breast	False	False	TCGA-BRCA	Invasive Breast Carcinoma	released	WHITE	1	Primary Tumor	1	Female	0.9	Alive	2006
brca_tcga_gdc	TCGA-BH-A0B8	TCGA-BH-A0B8-01	64	NA	Breast	Invasive Breast Carcinoma	Invasive Breast Carcinoma	1569	-23380	NA	75.48410428	0:DiseaseFree	Infiltrating Ductal Carcinoma	NA	0.8072	C50.9	NO	8500/3	45	BRCA	51.544021024967144	0:LIVING	d3a75976-67d3-40fa-9f6f-cf2a3d7b773c	3f6f1066-37f9-464d-872a-f1390eb36f6e	M0	N0 (i-)	Stage I	T1b	Infiltrating Ductal Carcinoma	Breast	False	False	TCGA-BRCA	Invasive Breast Carcinoma	released	WHITE	1	Primary Tumor	1	Female	1.4666666666666666	Alive	2006
brca_tcga_gdc	TCGA-BH-A0B9	TCGA-BH-A0B9-01	44	NA	Breast	Invasive Breast Carcinoma	Invasive Breast Carcinoma	1572	-16310	NA	56.18568564	1:Recurred/Progressed	Infiltrating Ductal Carcinoma	NA	0.3132	C50.9	NO	8500/3	31	BRCA	51.642575558475684	0:LIVING	5a57dc25-d252-4b22-b192-4de630d7002f	8137ffee-bb4f-4e5f-b831-acfc9c5585a8	M0	N0 (i-)	Stage IA	T1c	Infiltrating Ductal Carcinoma	Breast	False	False	TCGA-BRCA	Invasive Breast Carcinoma	released	WHITE	1	Primary Tumor	1	Female	1.0333333333333334	Alive	2006
brca_tcga_gdc	TCGA-BH-A0BA	TCGA-BH-A0BA-01	51	NA	Breast	Invasive Breast Carcinoma	Invasive Breast Carcinoma	1132	-18839	NA	76.60190025	0:DiseaseFree	Mixed Histology (please specify)	NA	0.8361	C50.9	NO	8522/3	30	BRCA	37.187910643889616	0:LIVING	49dc3e68-6206-4f16-969f-a758cc7be8ed	992d3519-cd51-4f48-880c-81fef52be1bf	M0	N3a	Stage IIIC	T3	Mixed Histology (please specify)	Breast	False	False	TCGA-BRCA	Invasive Breast Carcinoma	released	WHITE	1	Primary Tumor	1	Female	1.0	Alive	2006
brca_tcga_gdc	TCGA-BH-A0BC	TCGA-BH-A0BC-01	60	NA	Breast	Invasive Breast Carcinoma	Invasive Breast Carcinoma	974	-21949	NA	85.87303153	0:DiseaseFree	Infiltrating Ductal Carcinoma	NA	0.1982	C50.9	NO	8500/3	23	BRCA	31.99737187910644	0:LIVING	327a2395-85c8-42e1-9638-8e037a1723ed	e586a2b3-1132-45db-9283-dc318653a09f	M0	N3	Stage IIIC	T2	Infiltrating Ductal Carcinoma	Breast	False	False	TCGA-BRCA	Invasive Breast Carcinoma	released	WHITE	1	Primary Tumor	1	Female	0.7666666666666667	Alive	2007
brca_tcga_gdc	TCGA-BH-A0BD	TCGA-BH-A0BD-01	47	6th	Breast	Invasive Breast Carcinoma	Invasive Breast Carcinoma	554	-17275	NA	77.75257258	0:DiseaseFree	Infiltrating Ductal Carcinoma	NA	0.1797	C50.9	NO	8500/3	19	BRCA	18.199737187910642	0:LIVING	b379bfb8-284e-4300-8325-85cfd6809cb8	832b8766-0e59-4ad4-b4c9-1e39b2ce4fb1	M0	N1a	Stage IIA	T1c	Infiltrating Ductal Carcinoma	Breast	False	False	TCGA-BRCA	Invasive Breast Carcinoma	released	WHITE	1	Primary Tumor	1	Female	0.6333333333333333	Alive	2009
brca_tcga_gdc	TCGA-BH-A0BF	TCGA-BH-A0BF-01	56	6th	Breast	Invasive Breast Carcinoma	Invasive Breast Carcinoma	782	-20691	1324	49.93917875	0:DiseaseFree	Infiltrating Ductal Carcinoma	NOT HISPANIC OR LATINO	0.2391	C50.9	NO	8500/3	21	BRCA	43.495400788436264	1:DECEASED	e6b79d7a-ed6b-459a-b040-d142616e7ab4	4dc7d403-3ea7-4d02-94a7-fb33511bab09	M0	N1mi	Stage IIB	T2	Infiltrating Ductal Carcinoma	Breast	False	False	TCGA-BRCA	Invasive Breast Carcinoma	released	WHITE	1	Primary Tumor	1	Female	0.7	Dead	2009
brca_tcga_gdc	TCGA-BH-A0BG	TCGA-BH-A0BG-01	73	6th	Breast	Invasive Breast Carcinoma	Invasive Breast Carcinoma	756	-26988	NA	77.94983069	0:DiseaseFree	Infiltrating Ductal Carcinoma	NOT HISPANIC OR LATINO	0.4334	C50.9	NO	8500/3	NA	BRCA	61.465177398160314	0:LIVING	4f608829-ffc4-4527-886e-6bc764ab29f5	4aa1d78b-37cc-43be-b4f7-ce677992024e	M0	N0	Stage I	T1	Infiltrating Ductal Carcinoma	Breast	False	False	TCGA-BRCA	Invasive Breast Carcinoma	released	WHITE	1	Primary Tumor	1	Female	NA	Alive	2008
brca_tcga_gdc	TCGA-BH-A0BJ	TCGA-BH-A0BJ-01	41	NA	Breast	Invasive Breast Carcinoma	Invasive Breast Carcinoma	660	-15027	NA	74.13617385	0:DiseaseFree	Infiltrating Ductal Carcinoma	NA	0.4543	C50.9	NO	8500/3	22	BRCA	21.681997371879106	0:LIVING	d6f911b5-e895-43f8-8f86-0ac2f1bc6fae	d1991ebd-1cd1-4c2d-ac99-2a6ecd3f90f1	M0	N1a	Stage IIB	T2	Infiltrating Ductal Carcinoma	Breast	False	False	TCGA-BRCA	Invasive Breast Carcinoma	released	WHITE	1	Primary Tumor	1	Female	0.7	Alive	2008
brca_tcga_gdc	TCGA-BH-A0BL	TCGA-BH-A0BL-01	35	6th	Breast	Invasive Breast Carcinoma	Invasive Breast Carcinoma	1340	-12841	NA	41.75296709	0:DiseaseFree	Infiltrating Ductal Carcinoma	NOT HISPANIC OR LATINO	0.3652	C50.9	NO	8500/3	50	BRCA	74.83574244415243	0:LIVING	92b5de82-0221-4df1-8094-80f40c0bb4fa	e11dab7d-dc9c-416c-8200-ebdf8a64e3ea	M0	N0	Stage I	T1c	Infiltrating Ductal Carcinoma	Breast	False	False	TCGA-BRCA	Invasive Breast Carcinoma	released	WHITE	1	Primary Tumor	1	Female	1.6666666666666667	Alive	2007
brca_tcga_gdc	TCGA-BH-A0BM	TCGA-BH-A0BM-01	54	6th	Breast	Invasive Breast Carcinoma	Invasive Breast Carcinoma	1117	-20049	NA	36.92014334	1:Recurred/Progressed	Infiltrating Ductal Carcinoma	NA	0.0942	C50.9	NO	8500/3	16	BRCA	61.629434954007884	0:LIVING	c2aeee6c-ba10-4cf9-b560-c739580f7bf3	5423b7f8-d2bb-47c8-9af8-3d3e1276888c	M0	N1a	Stage IIB	T2	Infiltrating Ductal Carcinoma	Breast	False	False	TCGA-BRCA	Invasive Breast Carcinoma	released	WHITE	1	Primary Tumor	1	Female	0.5333333333333333	Alive	2007
brca_tcga_gdc	TCGA-BH-A0BO	TCGA-BH-A0BO-01	54	6th	Breast	Invasive Breast Carcinoma	Invasive Breast Carcinoma	1085	-19767	NA	87.91136536	1:Recurred/Progressed	Infiltrating Ductal Carcinoma	NOT HISPANIC OR LATINO	0.0485	C50.9	NO	8500/3	23	BRCA	72.17477003942182	0:LIVING	26573441-eedb-4364-966c-e7f803deef19	b6702fc2-9794-466e-a2e3-a8407674d05f	M0	N0	Stage I	T1b	Infiltrating Ductal Carcinoma	Breast	False	False	TCGA-BRCA	Invasive Breast Carcinoma	released	WHITE	1	Primary Tumor	1	Female	0.7666666666666667	Alive	2007
brca_tcga_gdc	TCGA-BH-A0BP	TCGA-BH-A0BP-01	76	6th	Breast	Invasive Breast Carcinoma	Invasive Breast Carcinoma	1481	-27917	2296	90.9688661	0:DiseaseFree	Infiltrating Ductal Carcinoma	NOT HISPANIC OR LATINO	0.6729	C50.9	NO	8500/3	113	BRCA	75.42706964520367	1:DECEASED	f251cb6c-d18e-4691-9c82-24ed1ac0abf9	35b5f5a8-dd85-46d3-97cc-444060b2a11b	M0	N0	Stage I	T1c	Infiltrating Ductal Carcinoma	Breast	False	False	TCGA-BRCA	Invasive Breast Carcinoma	released	WHITE	1	Primary Tumor	1	Female	3.7666666666666666	Dead	2006
brca_tcga_gdc	TCGA-BH-A0BQ	TCGA-BH-A0BQ-01	39	6th	Breast	Invasive Breast Carcinoma	Invasive Breast Carcinoma	827	-14494	NA	81.73061117	0:DiseaseFree	Infiltrating Ductal Carcinoma	NOT HISPANIC OR LATINO	0.1021	C50.9	NO	8500/3	19	BRCA	74.08015768725362	0:LIVING	b3bb8fd6-ee54-4813-b042-2bbe70115382	18dddb4e-11d6-4fe7-b44a-48342374a5b1	M0	N0	Stage I	T1c	Infiltrating Ductal Carcinoma	Breast	False	False	TCGA-BRCA	Invasive Breast Carcinoma	released	WHITE	1	Primary Tumor	1	Female	0.6333333333333333	Alive	2007
brca_tcga_gdc	TCGA-BH-A0BR	TCGA-BH-A0BR-01	59	6th	Breast	Invasive Breast Carcinoma	Invasive Breast Carcinoma	1633	-21622	NA	77.98270704	0:DiseaseFree	Infiltrating Ductal Carcinoma	NOT HISPANIC OR LATINO	0.4545	C50.9	NO	8500/3	39	BRCA	76.54402102496715	0:LIVING	3ecb0147-276d-486c-9af0-ce437c24ba83	581cc2a6-e95c-46e1-8530-598a616e86be	M0	N0	Stage I	T1c	Infiltrating Ductal Carcinoma	Breast	False	False	TCGA-BRCA	Invasive Breast Carcinoma	released	WHITE	1	Primary Tumor	1	Female	1.3	Alive	2007
brca_tcga_gdc	TCGA-BH-A0BS	TCGA-BH-A0BS-01	55	6th	Breast	Invasive Breast Carcinoma	Invasive Breast Carcinoma	1641	-20374	NA	67.10063451	0:DiseaseFree	Infiltrating Ductal Carcinoma	NOT HISPANIC OR LATINO	0.0591	C50.9	NO	8500/3	11	BRCA	85.80814717477004	0:LIVING	2b22db1d-54a1-4b9e-a86e-a174cf51d95c	2f125802-32af-40b6-b4c8-4018740ccee9	M0	N1c	Stage IIIA	T3	Infiltrating Ductal Carcinoma	Breast	False	False	TCGA-BRCA	Invasive Breast Carcinoma	released	WHITE	1	Primary Tumor	1	Female	0.36666666666666664	Alive	2007
brca_tcga_gdc	TCGA-BH-A0BT	TCGA-BH-A0BT-01	56	6th	Breast	Invasive Breast Carcinoma	Invasive Breast Carcinoma	1386	-20625	NA	38.00506296	0:DiseaseFree	Infiltrating Ductal Carcinoma	NOT HISPANIC OR LATINO	0.4365	C50.9	NO	8500/3	30	BRCA	77.69382391590013	0:LIVING	a32cb96a-78bf-456e-a6ab-2d47b2c67ad4	7f7d8229-3daf-48be-bd16-ffe4314528b1	M0	N1mi	Stage IIA	T1c	Infiltrating Ductal Carcinoma	Breast	False	False	TCGA-BRCA	Invasive Breast Carcinoma	released	WHITE	1	Primary Tumor	1	Female	1.0	Alive	2007
brca_tcga_gdc	TCGA-BH-A0BV	TCGA-BH-A0BV-01	78	NA	Breast	Invasive Breast Carcinoma	Invasive Breast Carcinoma	1519	-28699	NA	29.98323306	0:DiseaseFree	Infiltrating Ductal Carcinoma	NA	0.1783	C50.9	NO	8500/3	23	BRCA	49.90144546649146	0:LIVING	87f03d04-e651-4a6e-aea6-1c946aa46202	ce3c01d9-e8c7-4bd6-84f9-741f38b07267	M0	N1a	Stage IIB	T2	Infiltrating Ductal Carcinoma	Breast	False	False	TCGA-BRCA	Invasive Breast Carcinoma	released	WHITE	1	Primary Tumor	1	Female	0.7666666666666667	Alive	2006
brca_tcga_gdc	TCGA-BH-A0BW	TCGA-BH-A0BW-01	71	6th	Breast	Invasive Breast Carcinoma	Invasive Breast Carcinoma	355	-25974	NA	13.90669691	0:DiseaseFree	Infiltrating Ductal Carcinoma	NOT HISPANIC OR LATINO	0.4050	C50.9	NO	8500/3	65	BRCA	77.8909329829172	0:LIVING	5d1d00c6-fcae-479e-ae1e-de76efd41d98	dbeeddc1-d149-46f7-91ff-d057f8c6bffb	M0	N0	Stage I	T1c	Infiltrating Ductal Carcinoma	Breast	False	False	TCGA-BRCA	Invasive Breast Carcinoma	released	BLACK OR AFRICAN AMERICAN	1	Primary Tumor	1	Female	2.1666666666666665	Alive	2006
brca_tcga_gdc	TCGA-BH-A0BZ	TCGA-BH-A0BZ-01	59	6th	Breast	Invasive Breast Carcinoma	Invasive Breast Carcinoma	1492	-21856	NA	78.27859421	0:DiseaseFree	Infiltrating Ductal Carcinoma	NOT HISPANIC OR LATINO	0.1854	C50.9	NO	8500/3	210	BRCA	74.08015768725362	0:LIVING	4a032bad-e726-48f2-8f39-e3acc109cc91	55906ee0-a385-4ec9-8515-90ab613eca35	M0	N1a	Stage IIIA	T3	Infiltrating Ductal Carcinoma	Breast	False	False	TCGA-BRCA	Invasive Breast Carcinoma	released	WHITE	1	Primary Tumor	1	Female	7.0	Alive	2007
brca_tcga_gdc	TCGA-BH-A0C0	TCGA-BH-A0C0-01	62	NA	Breast	Invasive Breast Carcinoma	Invasive Breast Carcinoma	1270	-23006	NA	54.04872275	0:DiseaseFree	Infiltrating Ductal Carcinoma	NA	0.2652	C50.9	NO	8500/3	84	BRCA	41.72141918528252	0:LIVING	7875018b-91dc-4ab1-83b0-ee3883e2816e	c1898b32-a9c5-410b-a197-572b2a6a2d7a	M0	N1a	Stage IIA	T1c	Infiltrating Ductal Carcinoma	Breast	False	False	TCGA-BRCA	Invasive Breast Carcinoma	released	WHITE	1	Primary Tumor	1	Female	2.8	Alive	2007
brca_tcga_gdc	TCGA-BH-A0C3	TCGA-BH-A0C3-01	47	6th	Breast	Invasive Breast Carcinoma	Invasive Breast Carcinoma	1464	-17221	NA	3.2218825	0:DiseaseFree	Mixed Histology (please specify)	NA	0.1402	C50.9	NO	8522/3	10	BRCA	88.99474375821288	0:LIVING	7bcf6d42-eb8f-4aa2-825b-38671d4f9e3a	21ba28ff-89f6-4f02-a135-821efc4f42f8	M0	N0	Stage I	T1c	Mixed Histology (please specify)	Breast	False	False	TCGA-BRCA	Invasive Breast Carcinoma	released	WHITE	1	Primary Tumor	1	Female	0.3333333333333333	Alive	2006
brca_tcga_gdc	TCGA-BH-A0DD	TCGA-BH-A0DD-01	58	6th	Breast	Invasive Breast Carcinoma	Invasive Breast Carcinoma	1394	-21386	NA	79.00187395	0:DiseaseFree	Infiltrating Ductal Carcinoma	NA	0.3490	C50.9	NO	8500/3	13	BRCA	81.6688567674113	0:LIVING	dba9beec-5e51-48c0-9229-0ee286a02a1a	b5d03f26-66ec-4861-9635-e0ee4a6e41c9	M0	N1a	Stage IIB	T2	Infiltrating Ductal Carcinoma	Breast	False	False	TCGA-BRCA	Invasive Breast Carcinoma	released	WHITE	1	Primary Tumor	1	Male	0.4	Alive	2006
brca_tcga_gdc	TCGA-BH-A0DE	TCGA-BH-A0DE-01	62	6th	Breast	Invasive Breast Carcinoma	Invasive Breast Carcinoma	948	-22656	NA	67.85679061	0:DiseaseFree	Infiltrating Ductal Carcinoma	NOT HISPANIC OR LATINO	0.1965	C50.9	NO	8500/3	25	BRCA	77.92378449408672	0:LIVING	7f0bbba1-9bc3-45db-bdda-eb3319bb15d2	c73178ad-f042-47ca-af89-343a647076b4	M0	N0	Stage IIA	T2	Infiltrating Ductal Carcinoma	Breast	False	False	TCGA-BRCA	Invasive Breast Carcinoma	released	WHITE	1	Primary Tumor	1	Female	0.8333333333333334	Alive	2007
brca_tcga_gdc	TCGA-BH-A0DG	TCGA-BH-A0DG-01	30	6th	Breast	Invasive Breast Carcinoma	Invasive Breast Carcinoma	713	-11204	NA	70.881415	0:DiseaseFree	Infiltrating Ductal Carcinoma	NOT HISPANIC OR LATINO	0.1656	C50.9	NO	8500/3	29	BRCA	67.04993429697765	0:LIVING	0bc5744c-5fa3-45bb-87d0-70a02068b392	3f104cf7-8de8-4e77-8baa-bad1bbb493ac	M0	N0	Stage IIA	T2	Infiltrating Ductal Carcinoma	Breast	False	False	TCGA-BRCA	Invasive Breast Carcinoma	released	BLACK OR AFRICAN AMERICAN	1	Primary Tumor	1	Female	0.9666666666666667	Alive	2007
brca_tcga_gdc	TCGA-BH-A0DH	TCGA-BH-A0DH-01	63	NA	Breast	Invasive Breast Carcinoma	Invasive Breast Carcinoma	1156	-23366	NA	16.27379426	0:DiseaseFree	Infiltrating Ductal Carcinoma	NA	0.2311	C50.9	NO	8500/3	34	BRCA	37.97634691195795	0:LIVING	491b6364-1223-474f-816f-e248c8c841e2	700477dc-5eb4-4efb-a301-12172a7469f7	M0	N1a	Stage IIB	T2	Infiltrating Ductal Carcinoma	Breast	False	False	TCGA-BRCA	Invasive Breast Carcinoma	released	WHITE	1	Primary Tumor	1	Female	1.1333333333333333	Alive	2007
brca_tcga_gdc	TCGA-BH-A0DI	TCGA-BH-A0DI-01	63	6th	Breast	Invasive Breast Carcinoma	Invasive Breast Carcinoma	673	-23327	NA	4.405431173	0:DiseaseFree	Infiltrating Ductal Carcinoma	NOT HISPANIC OR LATINO	0.2798	C50.9	NO	8500/3	32	BRCA	29.96057818659658	0:LIVING	27ba717a-5cd8-440a-9345-4ae086f6efca	3f33a14d-7797-4ade-85f7-1dbec18f774f	M0	N1a	Stage IIB	T2	Infiltrating Ductal Carcinoma	Breast	False	False	TCGA-BRCA	Invasive Breast Carcinoma	released	WHITE	1	Primary Tumor	1	Female	1.0666666666666667	Alive	2009
brca_tcga_gdc	TCGA-BH-A0DK	TCGA-BH-A0DK-01	49	NA	Breast	Invasive Breast Carcinoma	Invasive Breast Carcinoma	423	-18237	NA	15.68201992	0:DiseaseFree	Infiltrating Ductal Carcinoma	NA	0.2247	C50.9	NO	8500/3	76	BRCA	13.896189224704337	0:LIVING	f2bbfa9d-9a9d-4f46-9fde-378e4c44e2ad	1acae6e0-3100-4de8-a436-e15cdbe1322b	M0	N0 (i-)	Stage IIA	T2	Infiltrating Ductal Carcinoma	Breast	False	False	TCGA-BRCA	Invasive Breast Carcinoma	released	WHITE	1	Primary Tumor	1	Female	2.533333333333333	Alive	2009
brca_tcga_gdc	TCGA-BH-A0DL	TCGA-BH-A0DL-01	64	6th	Breast	Invasive Breast Carcinoma	Invasive Breast Carcinoma	1467	-23628	NA	14.30121314	0:DiseaseFree	Other, specify	NOT HISPANIC OR LATINO	0.2988	C50.9	NO	8575/3	43	BRCA	78.21944809461235	0:LIVING	ba39bfbc-5cac-4f6c-b55c-4eee3466ee93	20308c88-18f2-4373-9e93-1f1d589d97e2	M0	N0	Stage IIA	T2	Other, specify	Breast	False	False	TCGA-BRCA	Invasive Breast Carcinoma	released	WHITE	1	Primary Tumor	1	Female	1.4333333333333333	Alive	2007
brca_tcga_gdc	TCGA-BH-A0DO	TCGA-BH-A0DO-01	78	6th	Breast	Invasive Breast Carcinoma	Invasive Breast Carcinoma	525	-28529	NA	9.632771148	0:DiseaseFree	Infiltrating Ductal Carcinoma	NOT HISPANIC OR LATINO	0.1611	C50.9	NO	8500/3	20	BRCA	54.007884362680684	0:LIVING	d3d4d709-ab34-4617-aa8c-51a3d0a3efe6	8b5d38fb-e9ad-445c-b5d5-f054a5eafeb1	M0	N0	Stage I	T1c	Infiltrating Ductal Carcinoma	Breast	True	False	TCGA-BRCA	Invasive Breast Carcinoma	released	WHITE	1	Primary Tumor	1	Female	0.6666666666666666	Alive	2009
brca_tcga_gdc	TCGA-BH-A0DP	TCGA-BH-A0DP-01	60	NA	Breast	Invasive Breast Carcinoma	Invasive Breast Carcinoma	476	-22199	NA	44.81046783	0:DiseaseFree	Infiltrating Lobular Carcinoma	NA	0.2576	C50.9	NO	8520/3	20	BRCA	15.637319316688567	0:LIVING	14267783-5624-4fe5-ba81-9d67f1017474	ffb838b0-db61-4dc9-aadc-41562f677f54	M0	N0 (i-)	Stage IIB	T3	Infiltrating Lobular Carcinoma	Breast	False	False	TCGA-BRCA	Invasive Breast Carcinoma	released	WHITE	1	Primary Tumor	1	Female	0.6666666666666666	Alive	2009
brca_tcga_gdc	TCGA-BH-A0DQ	TCGA-BH-A0DQ-01	42	NA	Breast	Invasive Breast Carcinoma	Invasive Breast Carcinoma	98	-15533	NA	81.82924023	0:DiseaseFree	Infiltrating Ductal Carcinoma	NA	0.2835	C50.9	NO	8500/3	30	BRCA	3.219448094612352	0:LIVING	a851ca14-7bbf-455b-a054-ec03979a4247	10285a0d-d8cc-4c20-a8a2-8891d9807599	M0	N1	Stage IIB	T2	Infiltrating Ductal Carcinoma	Breast	False	False	TCGA-BRCA	Invasive Breast Carcinoma	released	WHITE	1	Primary Tumor	1	Female	1.0	Alive	2009
brca_tcga_gdc	TCGA-BH-A0DS	TCGA-BH-A0DS-01	71	7th	Breast	Invasive Breast Carcinoma	Invasive Breast Carcinoma	78	-25944	NA	32.58046487	0:DiseaseFree	Infiltrating Ductal Carcinoma	NA	0.3956	C50.9	NO	8500/3	29	BRCA	2.562417871222076	0:LIVING	fb57c598-b45b-478a-9d34-ca1f050d5b7c	a99e45da-6933-4300-9c8a-e9d0f9e9c825	M0	N2a	Stage IIIA	T2	Infiltrating Ductal Carcinoma	Breast	False	False	TCGA-BRCA	Invasive Breast Carcinoma	released	WHITE	1	Primary Tumor	1	Female	0.9666666666666667	Alive	2010
brca_tcga_gdc	TCGA-BH-A0DT	TCGA-BH-A0DT-01	41	6th	Breast	Invasive Breast Carcinoma	Invasive Breast Carcinoma	1170	-15078	NA	24.49288227	0:DiseaseFree	Infiltrating Ductal Carcinoma	NA	0.2446	C50.9	NO	8500/3	14	BRCA	78.94218134034165	0:LIVING	74f31744-0aed-4633-beec-4e203315f0b7	eb11d414-2f0e-44a1-843c-ecacc7212e91	M0	N1a	Stage IIA	T1c	Infiltrating Ductal Carcinoma	Breast	False	False	TCGA-BRCA	Invasive Breast Carcinoma	released	WHITE	1	Primary Tumor	1	Female	0.43333333333333335	Alive	2007
brca_tcga_gdc	TCGA-BH-A0DV	TCGA-BH-A0DV-01	54	6th	Breast	Invasive Breast Carcinoma	Invasive Breast Carcinoma	1374	-19781	NA	31.00239997	0:DiseaseFree	Infiltrating Ductal Carcinoma	NA	0.0441	C50.9	NO	8500/3	10	BRCA	67.80551905387648	0:LIVING	96b9c7db-1be1-4b60-b47c-26b654c3d64c	b4c19f4e-c5bf-4c4f-bad8-9c18128c112d	M0	N2a	Stage IIIA	T2	Infiltrating Ductal Carcinoma	Breast	False	False	TCGA-BRCA	Invasive Breast Carcinoma	released	WHITE	1	Primary Tumor	1	Female	0.3333333333333333	Alive	2007
brca_tcga_gdc	TCGA-BH-A0DX	TCGA-BH-A0DX-01	62	6th	Breast	Invasive Breast Carcinoma	Invasive Breast Carcinoma	1442	-22833	NA	63.31985403	0:DiseaseFree	Infiltrating Ductal Carcinoma	NOT HISPANIC OR LATINO	0.2177	C50.9	NO	8500/3	56	BRCA	70.82785808147175	0:LIVING	035cb359-eac3-484a-9e88-3ddc739440a3	7b420e74-ed0d-416b-8355-9a80a61d6a4b	M0	N0	Stage I	T1b	Infiltrating Ductal Carcinoma	Breast	False	False	TCGA-BRCA	Invasive Breast Carcinoma	released	WHITE	1	Primary Tumor	1	Female	1.8666666666666667	Alive	2007
brca_tcga_gdc	TCGA-BH-A0DZ	TCGA-BH-A0DZ-01	43	NA	Breast	Invasive Breast Carcinoma	Invasive Breast Carcinoma	495	-15980	NA	30.34487293	0:DiseaseFree	Infiltrating Ductal Carcinoma	NA	0.2109	C50.9	NO	8500/3	193	BRCA	16.26149802890933	0:LIVING	478eb8aa-50b8-4ce5-98e4-d518ede4b174	6093f268-1c3f-4fec-bde7-fc3721ecaf8e	M0	N1a	Stage IIB	T2	Infiltrating Ductal Carcinoma	Breast	False	False	TCGA-BRCA	Invasive Breast Carcinoma	released	WHITE	1	Primary Tumor	1	Female	6.433333333333334	Alive	2009
brca_tcga_gdc	TCGA-BH-A0E0	TCGA-BH-A0E0-01	38	NA	Breast	Invasive Breast Carcinoma	Invasive Breast Carcinoma	134	-14175	NA	10.78344347	0:DiseaseFree	Infiltrating Ductal Carcinoma	NA	0.6730	C50.9	NO	8500/3	28	BRCA	4.402102496714849	0:LIVING	20e8106b-1290-4735-abe4-7621e08e3dc8	662cc11c-da31-4e31-8e77-46011b38ea96	M0	N3a	Stage IIIC	T3	Infiltrating Ductal Carcinoma	Breast	False	False	TCGA-BRCA	Invasive Breast Carcinoma	released	WHITE	1	Primary Tumor	1	Female	0.9333333333333333	Alive	2009
brca_tcga_gdc	TCGA-BH-A0E1	TCGA-BH-A0E1-01	52	NA	Breast	Invasive Breast Carcinoma	Invasive Breast Carcinoma	477	-19192	NA	15.15599829	0:DiseaseFree	Infiltrating Ductal Carcinoma	NA	0.0863	C50.9	NO	8500/3	22	BRCA	15.670170827858081	0:LIVING	606fbc6a-b41b-441d-9401-51e54912bf5e	dcf7829e-abaa-435f-b41d-a2bcfde5d66a	M0	N1	Stage IIB	T2	Infiltrating Ductal Carcinoma	Breast	False	False	TCGA-BRCA	Invasive Breast Carcinoma	released	WHITE	1	Primary Tumor	1	Female	0.7333333333333333	Alive	2009
brca_tcga_gdc	TCGA-BH-A0E2	TCGA-BH-A0E2-01	49	NA	Breast	Invasive Breast Carcinoma	Invasive Breast Carcinoma	376	-18152	NA	63.38560673	0:DiseaseFree	Infiltrating Ductal Carcinoma	NA	0.2929	C50.9	NO	8500/3	34	BRCA	14.290407358738502	0:LIVING	8ace3b8c-f23e-48a9-a137-9e046bd9549b	4c70c0b1-1566-4e39-9dec-5050f62cd0a8	M0	N2a	Stage IIIA	T2	Infiltrating Ductal Carcinoma	Breast	False	False	TCGA-BRCA	Invasive Breast Carcinoma	released	BLACK OR AFRICAN AMERICAN	1	Primary Tumor	1	Female	1.1333333333333333	Alive	2009
brca_tcga_gdc	TCGA-BH-A0E6	TCGA-BH-A0E6-01	69	NA	Breast	Invasive Breast Carcinoma	Invasive Breast Carcinoma	293	-25408	NA	53.25969031	0:DiseaseFree	Infiltrating Ductal Carcinoma	NA	0.6300	C50.9	NO	8500/3	NA	BRCA	9.625492772667542	0:LIVING	6c0066e3-96df-4870-bcd3-98cda64082e9	052e361c-9cf7-4a92-a77d-f3d70f9dec0b	M0	N0 (i-)	Stage IA	T1c	Infiltrating Ductal Carcinoma	Breast	False	False	TCGA-BRCA	Invasive Breast Carcinoma	released	WHITE	1	Primary Tumor	1	Female	NA	Alive	2009
brca_tcga_gdc	TCGA-BH-A0E7	TCGA-BH-A0E7-01	79	NA	Breast	Invasive Breast Carcinoma	Invasive Breast Carcinoma	1363	-29115	NA	24.55863497	0:DiseaseFree	Infiltrating Ductal Carcinoma	NA	0.0801	C50.9	NO	8500/3	32	BRCA	44.776609724047304	0:LIVING	d3b9d925-ae04-4721-8bfc-50b41225bc74	5c031f2a-0e98-4ab4-b8c5-3a296fda419d	M0	N1a	Stage IIB	T2	Infiltrating Ductal Carcinoma	Breast	False	False	TCGA-BRCA	Invasive Breast Carcinoma	released	WHITE	1	Primary Tumor	1	Female	1.0666666666666667	Alive	2006
brca_tcga_gdc	TCGA-BH-A0E9	TCGA-BH-A0E9-01	53	6th	Breast	Invasive Breast Carcinoma	Invasive Breast Carcinoma	1405	-19415	NA	23.07919913	0:DiseaseFree	Infiltrating Lobular Carcinoma	NA	0.1780	C50.9	NO	8520/3	25	BRCA	81.76741130091983	0:LIVING	76ace6aa-0505-442c-978a-f889cf2d44bb	46f79f16-4d38-4a71-ad9e-24037054966c	M0	N1a	Stage IIB	T2	Infiltrating Lobular Carcinoma	Breast	False	False	TCGA-BRCA	Invasive Breast Carcinoma	released	WHITE	1	Primary Tumor	1	Female	0.8333333333333334	Alive	2006
brca_tcga_gdc	TCGA-BH-A0EA	TCGA-BH-A0EA-01	72	6th	Breast	Invasive Breast Carcinoma	Invasive Breast Carcinoma	NA	-26548	991	40.99681099	0:DiseaseFree	Infiltrating Ductal Carcinoma	NOT HISPANIC OR LATINO	0.0613	C50.9	NO	8500/3	22	BRCA	32.55584756898817	1:DECEASED	1f601832-eee3-48fb-acf5-80c4a454f26e	7f791228-dd77-4ab0-8227-d784a4c7fea1	M0	N1a	Stage IIA	T1c	Infiltrating Ductal Carcinoma	Breast	True	False	TCGA-BRCA	Invasive Breast Carcinoma	released	WHITE	1	Primary Tumor	1	Female	0.7333333333333333	Dead	2008
brca_tcga_gdc	TCGA-BH-A0EB	TCGA-BH-A0EB-01	69	NA	Breast	Invasive Breast Carcinoma	Invasive Breast Carcinoma	745	-25259	NA	52.96380314	0:DiseaseFree	Infiltrating Ductal Carcinoma	NA	0.1312	C50.9	NO	8500/3	33	BRCA	24.47437582128778	0:LIVING	ec6930e5-2d83-435a-9a57-a2c5c22caf02	7877c9a9-2002-4d6d-9ca4-f200c1ac00e7	M0	N0 (i-)	Stage IA	T1c	Infiltrating Ductal Carcinoma	Breast	False	False	TCGA-BRCA	Invasive Breast Carcinoma	released	WHITE	1	Primary Tumor	1	Female	1.1	Alive	2008
brca_tcga_gdc	TCGA-BH-A0EE	TCGA-BH-A0EE-01	68	NA	Breast	Invasive Breast Carcinoma	Invasive Breast Carcinoma	943	-24850	NA	26.49833974	0:DiseaseFree	Infiltrating Ductal Carcinoma	NA	0.4279	C50.9	NO	8500/3	99	BRCA	30.97897503285151	0:LIVING	ca76c6fc-ff30-4833-884d-3a94fe53ff17	2ee13ed0-cb80-4375-a329-91ff9904bb7c	M0	N0 (i-)	Stage IIB	T3	Infiltrating Ductal Carcinoma	Breast	False	False	TCGA-BRCA	Invasive Breast Carcinoma	released	WHITE	1	Primary Tumor	1	Female	3.3	Alive	2007
brca_tcga_gdc	TCGA-BH-A0EI	TCGA-BH-A0EI-01	51	6th	Breast	Invasive Breast Carcinoma	Invasive Breast Carcinoma	743	-18741	NA	23.90110793	0:DiseaseFree	Infiltrating Ductal Carcinoma	NOT HISPANIC OR LATINO	0.1569	C50.9	NO	8500/3	15	BRCA	63.27201051248357	0:LIVING	22b35927-1c3f-4f98-ba42-deafc56b677a	4a4d5c63-8e41-487d-839a-f68f28ab9b82	M0	N1a	Stage IIA	T1c	Infiltrating Ductal Carcinoma	Breast	False	False	TCGA-BRCA	Invasive Breast Carcinoma	released	WHITE	1	Primary Tumor	1	Female	0.5	Alive	2008
brca_tcga_gdc	TCGA-BH-A0GY	TCGA-BH-A0GY-01	67	NA	Breast	Invasive Breast Carcinoma	Invasive Breast Carcinoma	917	-24493	NA	20.38333827	0:DiseaseFree	Infiltrating Ductal Carcinoma	NA	0.2660	C50.9	NO	8500/3	31	BRCA	30.321944809461232	0:LIVING	7d9d3522-ec3b-4efe-8c8e-c0e675276ef5	a7e71eac-1768-4fc2-8eba-1576d22e0f43	M0	N1	Stage IIA	T2	Infiltrating Ductal Carcinoma	Breast	False	False	TCGA-BRCA	Invasive Breast Carcinoma	released	WHITE	1	Primary Tumor	1	Female	1.0333333333333334	Alive	2008
brca_tcga_gdc	TCGA-BH-A0GZ	TCGA-BH-A0GZ-01	62	NA	Breast	Invasive Breast Carcinoma	Invasive Breast Carcinoma	328	-22714	NA	5.851990663	0:DiseaseFree	Infiltrating Ductal Carcinoma	NA	0.2636	C50.9	NO	8500/3	27	BRCA	10.775295663600525	0:LIVING	27dfb9d4-3a2c-44bc-9acf-8f638d3f3004	1142b1cf-ebf3-485b-aae2-dcf4d8793212	M0	N1a	Stage IIA	T1c	Infiltrating Ductal Carcinoma	Breast	False	False	TCGA-BRCA	Invasive Breast Carcinoma	released	WHITE	1	Primary Tumor	1	Female	0.9	Alive	2009
brca_tcga_gdc	TCGA-BH-A0H0	TCGA-BH-A0H0-01	69	NA	Breast	Invasive Breast Carcinoma	Invasive Breast Carcinoma	461	-25223	NA	2.367097347	0:DiseaseFree	Infiltrating Ductal Carcinoma	NA	0.2537	C50.9	NO	8500/3	13	BRCA	15.14454664914586	0:LIVING	96457ebf-ae88-41f4-97e5-cdc3163418aa	93a3fc8a-1b50-4da3-9dbb-cf9f582fc22e	M0	N0 (i-)	Stage IA	T1c	Infiltrating Ductal Carcinoma	Breast	False	False	TCGA-BRCA	Invasive Breast Carcinoma	released	WHITE	1	Primary Tumor	1	Female	0.43333333333333335	Alive	2009
brca_tcga_gdc	TCGA-BH-A0H3	TCGA-BH-A0H3-01	46	6th	Breast	Invasive Breast Carcinoma	Invasive Breast Carcinoma	1149	-17152	NA	16.96419765	0:DiseaseFree	Infiltrating Ductal Carcinoma	NOT HISPANIC OR LATINO	0.0665	C50.9	NO	8500/3	13	BRCA	63.3377135348226	0:LIVING	6cdc0d53-f813-4101-81e5-9bee68270536	6f26754e-8132-4612-bf6c-9301302fec2d	M0	N0	Stage I	T1c	Infiltrating Ductal Carcinoma	Breast	False	False	TCGA-BRCA	Invasive Breast Carcinoma	released	WHITE	1	Primary Tumor	1	Female	0.43333333333333335	Alive	2008
brca_tcga_gdc	TCGA-BH-A0H5	TCGA-BH-A0H5-01	45	6th	Breast	Invasive Breast Carcinoma	Invasive Breast Carcinoma	1080	-16719	NA	2.498602755	0:DiseaseFree	Infiltrating Ductal Carcinoma	NOT HISPANIC OR LATINO	0.0000	C50.9	NO	8500/3	NA	BRCA	53.21944809461235	0:LIVING	cab38ea8-4555-413c-b81e-4621aac4ef85	8cc4fd25-dd8b-4983-ac21-24f3cf3e51cd	M0	N0 (i-)	Stage I	T1c	Infiltrating Ductal Carcinoma	Breast	False	False	TCGA-BRCA	Invasive Breast Carcinoma	released	WHITE	1	Primary Tumor	1	Female	NA	Alive	2008
brca_tcga_gdc	TCGA-BH-A0H6	TCGA-BH-A0H6-01	82	NA	Breast	Invasive Breast Carcinoma	Invasive Breast Carcinoma	747	-30125	NA	13.61080975	0:DiseaseFree	Infiltrating Ductal Carcinoma	NA	0.0978	C50.9	NO	8500/3	16	BRCA	24.540078843626805	0:LIVING	aeb6a3a6-b57a-4c53-90e6-e833777dd2a1	b2921c9d-c655-46f3-86e5-2fc2bed1ed33	M0	NX	Stage I	T1b	Infiltrating Ductal Carcinoma	Breast	False	False	TCGA-BRCA	Invasive Breast Carcinoma	released	WHITE	1	Primary Tumor	1	Female	0.5333333333333333	Alive	2008
brca_tcga_gdc	TCGA-BH-A0H7	TCGA-BH-A0H7-01	65	NA	Breast	Invasive Breast Carcinoma	Invasive Breast Carcinoma	702	-23972	NA	36.85439064	0:DiseaseFree	Infiltrating Ductal Carcinoma	NA	0.4468	C50.9	NO	8500/3	44	BRCA	23.061760840998684	0:LIVING	2021ed1f-dc75-4701-b8b8-1386466e4802	69bfa6ce-ed46-4321-a107-347c49d68951	M0	N2a	Stage IIIA	T1c	Infiltrating Ductal Carcinoma	Breast	False	False	TCGA-BRCA	Invasive Breast Carcinoma	released	WHITE	1	Primary Tumor	1	Female	1.4666666666666666	Alive	2008
brca_tcga_gdc	TCGA-BH-A0H9	TCGA-BH-A0H9-01	69	NA	Breast	Invasive Breast Carcinoma	Invasive Breast Carcinoma	1247	-25289	NA	12.88753	0:DiseaseFree	Infiltrating Ductal Carcinoma	NA	0.3097	C50.9	NO	8500/3	35	BRCA	40.9658344283837	0:LIVING	0f64edec-0f1f-4025-8a53-75f9534f7828	4a7c76a9-c3a2-4b57-a57a-de055152dcf8	M0	N0 (i-)	Stage IIA	T2	Infiltrating Ductal Carcinoma	Breast	False	False	TCGA-BRCA	Invasive Breast Carcinoma	released	WHITE	1	Primary Tumor	1	Female	1.1666666666666667	Alive	2007
brca_tcga_gdc	TCGA-BH-A0HA	TCGA-BH-A0HA-01	31	6th	Breast	Invasive Breast Carcinoma	Invasive Breast Carcinoma	856	-11379	NA	51.31998553	0:DiseaseFree	Infiltrating Ductal Carcinoma	NOT HISPANIC OR LATINO	0.0858	C50.9	NO	8500/3	294	BRCA	52.923784494086725	0:LIVING	e666081b-caaf-4e8b-9446-807be71201a5	63baef92-6733-4791-b897-0abe9131a5f5	M0	N0 (i-)	Stage I	T1c	Infiltrating Ductal Carcinoma	Breast	False	False	TCGA-BRCA	Invasive Breast Carcinoma	released	WHITE	1	Primary Tumor	1	Female	9.8	Alive	2008
brca_tcga_gdc	TCGA-BH-A0HB	TCGA-BH-A0HB-01	55	NA	Breast	Invasive Breast Carcinoma	Invasive Breast Carcinoma	806	-20448	NA	27.25449584	0:DiseaseFree	Infiltrating Ductal Carcinoma	NA	0.2943	C50.9	NO	8500/3	25	BRCA	26.47831800262812	0:LIVING	0c1023c0-d2ce-4940-8047-7642f1dc3965	19193b8f-1e1b-448c-b934-93f25e60d45b	M0	N0 (i-)	Stage IA	T1c	Infiltrating Ductal Carcinoma	Breast	False	False	TCGA-BRCA	Invasive Breast Carcinoma	released	WHITE	1	Primary Tumor	1	Female	0.8333333333333334	Alive	2008
brca_tcga_gdc	TCGA-BH-A0HF	TCGA-BH-A0HF-01	77	NA	Breast	Invasive Breast Carcinoma	Invasive Breast Carcinoma	727	-28233	NA	50.7939639	0:DiseaseFree	Infiltrating Ductal Carcinoma	NA	0.0748	C50.9	NO	8500/3	745	BRCA	23.88304862023653	0:LIVING	17ca61a2-607a-45ff-88fa-ef72e80bf891	7ea6d404-9d2c-4b69-ac8b-d9ccd2d6cc65	M0	N0 (i-)	Stage IA	T1c	Infiltrating Ductal Carcinoma	Breast	False	False	TCGA-BRCA	Invasive Breast Carcinoma	released	WHITE	1	Primary Tumor	1	Female	24.8	Alive	2008
brca_tcga_gdc	TCGA-BH-A0HI	TCGA-BH-A0HI-01	78	NA	Breast	Invasive Breast Carcinoma	Invasive Breast Carcinoma	620	-28644	NA	5.588979847	0:DiseaseFree	Infiltrating Ductal Carcinoma	NA	0.0689	C50.9	NO	8500/3	25	BRCA	20.367936925098554	0:LIVING	e0375a8b-a135-4103-a59d-39063fcf4a6f	838f924a-989c-4642-ba15-d711df6ccb37	M0	N0 (i-)	Stage IA	T1c	Infiltrating Ductal Carcinoma	Breast	False	False	TCGA-BRCA	Invasive Breast Carcinoma	released	WHITE	1	Primary Tumor	1	Female	0.8333333333333334	Alive	2008
brca_tcga_gdc	TCGA-BH-A0HK	TCGA-BH-A0HK-01	81	NA	Breast	Invasive Breast Carcinoma	Invasive Breast Carcinoma	178	-29751	NA	NA	NA	Infiltrating Ductal Carcinoma	NA	0.0932	C50.9	NO	8500/3	77	BRCA	5.847568988173456	0:LIVING	24334ac1-28a3-4b61-b590-3f51e375b247	8835b20e-9343-4266-a356-e0343c657130	M0	N1	Stage IIB	T2	Infiltrating Ductal Carcinoma	Breast	False	False	TCGA-BRCA	Invasive Breast Carcinoma	released	WHITE	1	Primary Tumor	1	Female	2.566666666666667	Alive	2010
brca_tcga_gdc	TCGA-BH-A0HL	TCGA-BH-A0HL-01	56	NA	Breast	Invasive Breast Carcinoma	Invasive Breast Carcinoma	72	-20804	NA	NA	NA	Infiltrating Ductal Carcinoma	NA	0.1996	C50.9	NO	8503/3	22	BRCA	2.3653088042049935	0:LIVING	602083f0-18d9-48b6-a529-31e165c54b37	e6ff00d4-c0aa-417e-acec-ae4727ae63b0	M0	N1a	Stage IIB	T2	Infiltrating Ductal Carcinoma	Breast	False	False	TCGA-BRCA	Invasive Breast Carcinoma	released	WHITE	1	Primary Tumor	1	Female	0.7333333333333333	Alive	2009
brca_tcga_gdc	TCGA-BH-A0HN	TCGA-BH-A0HN-01	67	NA	Breast	Invasive Breast Carcinoma	Invasive Breast Carcinoma	516	-24731	NA	42.34474143	0:DiseaseFree	Infiltrating Ductal Carcinoma	NA	0.4105	C50.9	NO	8500/3	22	BRCA	16.95137976346912	0:LIVING	a68a3361-48b4-4bd0-999d-b4cc3d43eb4a	c837bc65-d01d-4539-a5d4-6d9871b3bba4	M0	N0 (i-)	Stage IA	T1c	Infiltrating Ductal Carcinoma	Breast	False	False	TCGA-BRCA	Invasive Breast Carcinoma	released	WHITE	1	Primary Tumor	1	Female	0.7333333333333333	Alive	2009
brca_tcga_gdc	TCGA-BH-A0HO	TCGA-BH-A0HO-01	48	NA	Breast	Invasive Breast Carcinoma	Invasive Breast Carcinoma	76	-17710	NA	44.81046783	0:DiseaseFree	Infiltrating Ductal Carcinoma	NA	0.0503	C50.9	NO	8500/3	13	BRCA	2.4967148488830486	0:LIVING	8332806e-f547-4aae-89af-6d5bec831fd2	02c8bf84-4816-49a9-b5d1-0edebb8627c7	M0	N1a	Stage IIA	T1c	Infiltrating Ductal Carcinoma	Breast	False	False	TCGA-BRCA	Invasive Breast Carcinoma	released	WHITE	1	Primary Tumor	1	Female	0.43333333333333335	Alive	2009
brca_tcga_gdc	TCGA-BH-A0HP	TCGA-BH-A0HP-01	65	NA	Breast	Invasive Breast Carcinoma	Invasive Breast Carcinoma	414	-23883	NA	23.04632278	0:DiseaseFree	Infiltrating Lobular Carcinoma	NA	0.1756	C50.9	NO	8520/3	210	BRCA	13.600525624178712	0:LIVING	fcef8cb5-fb2c-4bfb-82cd-6b9f3145182c	c1e94fa4-ace1-4ee2-9cdc-ec7b13e6bc8a	M0	N2a	Stage IIIA	T3	Infiltrating Lobular Carcinoma	Breast	False	False	TCGA-BRCA	Invasive Breast Carcinoma	released	WHITE	1	Primary Tumor	1	Female	6.966666666666667	Alive	2009
brca_tcga_gdc	TCGA-BH-A0HQ	TCGA-BH-A0HQ-01	56	NA	Breast	Invasive Breast Carcinoma	Invasive Breast Carcinoma	1121	-20719	NA	32.90922839	0:DiseaseFree	Infiltrating Ductal Carcinoma	NA	0.1387	C50.9	NO	8500/3	27	BRCA	36.826544021024965	0:LIVING	f31c21b6-0f7f-435b-9e24-97c909755c36	ef48e806-e31c-4a11-afe8-dcc232357329	M0	N0 (i+)	Stage IIA	T2	Infiltrating Ductal Carcinoma	Breast	False	False	TCGA-BRCA	Invasive Breast Carcinoma	released	WHITE	1	Primary Tumor	1	Female	0.9	Alive	2007
brca_tcga_gdc	TCGA-BH-A0HU	TCGA-BH-A0HU-01	52	NA	Breast	Invasive Breast Carcinoma	Invasive Breast Carcinoma	392	-19216	NA	4.898576454	0:DiseaseFree	Infiltrating Ductal Carcinoma	NA	0.4051	C50.9	NO	8500/3	29	BRCA	12.877792378449408	0:LIVING	dc657ca8-98e8-4ec4-a513-1b848be0e85d	ba869eea-6e25-4afb-a0ad-73fda57a1d88	M0	N0 (i-)	Stage IA	T1c	Infiltrating Ductal Carcinoma	Breast	False	False	TCGA-BRCA	Invasive Breast Carcinoma	released	WHITE	1	Primary Tumor	1	Female	0.9666666666666667	Alive	2009
brca_tcga_gdc	TCGA-BH-A0HW	TCGA-BH-A0HW-01	62	NA	Breast	Invasive Breast Carcinoma	Invasive Breast Carcinoma	1561	-22962	NA	21.43538153	0:DiseaseFree	Infiltrating Ductal Carcinoma	NA	0.1613	C50.9	NO	8500/3	25	BRCA	51.28120893561103	0:LIVING	29fdc464-f216-4828-b456-829f71436e27	f76e87a9-4a50-48b4-9527-eac98c38800e	M0	N0 (i-)	Stage IA	T1c	Infiltrating Ductal Carcinoma	Breast	False	False	TCGA-BRCA	Invasive Breast Carcinoma	released	ASIAN	1	Primary Tumor	1	Female	0.8333333333333334	Alive	2006
brca_tcga_gdc	TCGA-BH-A0HX	TCGA-BH-A0HX-01	54	NA	Breast	Invasive Breast Carcinoma	Invasive Breast Carcinoma	829	-19900	NA	35.93385278	0:DiseaseFree	Infiltrating Ductal Carcinoma	NA	0.5543	C50.9	NO	8500/3	48	BRCA	27.233902759526938	0:LIVING	3b01d064-8c00-4972-9f07-407eac8e7534	989c2df5-5183-4daa-a8da-fc9ab18a437c	M0	N1a	Stage IIB	T2	Infiltrating Ductal Carcinoma	Breast	False	False	TCGA-BRCA	Invasive Breast Carcinoma	released	WHITE	1	Primary Tumor	1	Female	1.6	Alive	2008
brca_tcga_gdc	TCGA-BH-A0HY	TCGA-BH-A0HY-01	60	6th	Breast	Invasive Breast Carcinoma	Invasive Breast Carcinoma	868	-22179	NA	NA	NA	Infiltrating Ductal Carcinoma	NOT HISPANIC OR LATINO	0.6585	C50.9	NO	8500/3	43	BRCA	50.75558475689881	0:LIVING	844ad251-3ee4-42f6-ad00-59a7a1670eea	38ac0df0-950e-4c55-9f8a-96fd3f837ee6	M0	N0	Stage I	T1c	Infiltrating Ductal Carcinoma	Breast	False	False	TCGA-BRCA	Invasive Breast Carcinoma	released	WHITE	1	Primary Tumor	1	Female	1.4333333333333333	Alive	2009
brca_tcga_gdc	TCGA-BH-A0RX	TCGA-BH-A0RX-01	59	NA	Breast	Invasive Breast Carcinoma	Invasive Breast Carcinoma	170	-21857	NA	NA	NA	Infiltrating Ductal Carcinoma	NA	0.0812	C50.9	NO	8500/3	30	BRCA	5.5847568988173455	0:LIVING	e828455d-4680-41b2-8a1c-1582e3790d62	b9c728ca-9ff2-4aa4-bd9d-6cb69a8d7e2c	M0	N0 (i-)	Stage IIA	T2	Infiltrating Ductal Carcinoma	Breast	False	False	TCGA-BRCA	Invasive Breast Carcinoma	released	WHITE	1	Primary Tumor	1	Female	1.0	Alive	2010
brca_tcga_gdc	TCGA-BH-A0W3	TCGA-BH-A0W3-01	58	7th	Breast	Invasive Breast Carcinoma	Invasive Breast Carcinoma	180	-21369	NA	26.6627215	0:DiseaseFree	Infiltrating Ductal Carcinoma	NOT HISPANIC OR LATINO	0.1366	C50.9	NO	8500/3	10	BRCA	23.915900131406044	0:LIVING	3c612e12-6de8-44fa-a095-805c45474821	9ad80473-9148-45a7-ad6d-9936a899e022	M0	N1a	Stage IIA	T1c	Infiltrating Ductal Carcinoma	Breast	False	False	TCGA-BRCA	Invasive Breast Carcinoma	released	WHITE	1	Primary Tumor	1	Female	0.3333333333333333	Alive	2010
brca_tcga_gdc	TCGA-BH-A0W4	TCGA-BH-A0W4-01	46	7th	Breast	Invasive Breast Carcinoma	Invasive Breast Carcinoma	175	-16911	NA	72.55810895	0:DiseaseFree	Infiltrating Ductal Carcinoma	NOT HISPANIC OR LATINO	0.0206	C50.9	NO	8500/3	27	BRCA	24.93429697766097	0:LIVING	0772cdbe-8b0d-452b-8df1-bd70d1306363	5a800052-150a-4273-9d5d-0ce48be4fd8a	M0	N0 (i-)	Stage IIA	T2	Infiltrating Ductal Carcinoma	Breast	False	False	TCGA-BRCA	Invasive Breast Carcinoma	released	WHITE	1	Primary Tumor	1	Female	0.9	Alive	2010
brca_tcga_gdc	TCGA-BH-A0W5	TCGA-BH-A0W5-01	77	6th	Breast	Invasive Breast Carcinoma	Invasive Breast Carcinoma	543	-28304	NA	37.74205214	0:DiseaseFree	Infiltrating Ductal Carcinoma	NOT HISPANIC OR LATINO	0.0716	C50.9	NO	8500/3	25	BRCA	42.31274638633377	0:LIVING	da9c10ea-c13f-4d88-8b94-a0cbc106d036	050e66bb-438a-49d5-a005-7967a006b3f0	M0	N1a	Stage IIA	T1c	Infiltrating Ductal Carcinoma	Breast	False	False	TCGA-BRCA	Invasive Breast Carcinoma	released	WHITE	1	Primary Tumor	1	Female	0.8333333333333334	Alive	2008
brca_tcga_gdc	TCGA-BH-A0W7	TCGA-BH-A0W7-01	49	6th	Breast	Invasive Breast Carcinoma	Invasive Breast Carcinoma	558	-17996	NA	NA	NA	Infiltrating Ductal Carcinoma	NOT HISPANIC OR LATINO	0.3039	C50.9	NO	8500/3	138	BRCA	44.776609724047304	0:LIVING	9f80649b-a249-4fb5-97ad-059a30e13fea	e61873d5-bfd2-4fcc-9f9e-ca80779d36b7	M0	N0 (i-)	Stage I	T1c	Infiltrating Ductal Carcinoma	Breast	False	False	TCGA-BRCA	Invasive Breast Carcinoma	released	WHITE	1	Primary Tumor	1	Female	4.566666666666666	Alive	2008
brca_tcga_gdc	TCGA-BH-A0WA	TCGA-BH-A0WA-01	82	6th	Breast	Invasive Breast Carcinoma	Invasive Breast Carcinoma	372	-30025	NA	55.62678765	0:DiseaseFree	NA	NOT HISPANIC OR LATINO	0.6219	C50.9	NO	8575/3	85	BRCA	23.028909329829172	0:LIVING	786e8dbe-442e-4551-87b3-b4c333b04dd4	8ef7ad6f-a6e4-405c-b20e-d547985bd9d6	M0	N0 (i-)	Stage I	T1c	NA	Breast	False	False	TCGA-BRCA	Invasive Breast Carcinoma	released	WHITE	1	Primary Tumor	1	Female	2.8333333333333335	Alive	2008
brca_tcga_gdc	TCGA-BH-A18F	TCGA-BH-A18F-01	50	7th	Breast	Invasive Breast Carcinoma	Invasive Breast Carcinoma	268	-18594	NA	37.54479403	0:DiseaseFree	Infiltrating Ductal Carcinoma	NOT HISPANIC OR LATINO	0.2316	C50.9	NO	8500/3	37	BRCA	32.88436268068331	0:LIVING	bfd49783-1767-469b-9d79-7822301c5efc	adbf4056-e7d4-4282-8771-f2d6029386ab	M0	N0	Stage IIA	T2	Infiltrating Ductal Carcinoma	Breast	False	False	TCGA-BRCA	Invasive Breast Carcinoma	released	WHITE	1	Primary Tumor	1	Female	1.2	Alive	2010
brca_tcga_gdc	TCGA-BH-A18G	TCGA-BH-A18G-01	81	NA	Breast	Invasive Breast Carcinoma	Invasive Breast Carcinoma	61	-29820	NA	66.04859125	0:DiseaseFree	Infiltrating Ductal Carcinoma	NOT HISPANIC OR LATINO	0.0714	C50.5	NO	8500/3	1142	BRCA	4.894875164257556	0:LIVING	747083ff-0703-431b-aad4-f2adff739516	3b999df5-526b-4270-a29d-a627eb64c727	M0	N0	Stage IA	T1c	Infiltrating Ductal Carcinoma	Breast	False	False	TCGA-BRCA	Invasive Breast Carcinoma	released	WHITE	1	Primary Tumor	1	Female	37.96666666666667	Alive	2010
brca_tcga_gdc	TCGA-BH-A18H	TCGA-BH-A18H-01	63	7th	Breast	Invasive Breast Carcinoma	Invasive Breast Carcinoma	0	-23065	NA	NA	NA	Infiltrating Ductal Carcinoma	NOT HISPANIC OR LATINO	0.3104	C50.9	NO	8500/3	35	BRCA	21.419185282522996	0:LIVING	878f975b-94fd-4d69-b7e7-1ed3ac2ee438	9321161b-d568-4d38-aed3-956786a06329	M0	N0	Stage IA	T1b	Infiltrating Ductal Carcinoma	Breast	True	False	TCGA-BRCA	Invasive Breast Carcinoma	released	WHITE	1	Primary Tumor	1	Female	1.1666666666666667	Alive	2010
brca_tcga_gdc	TCGA-BH-A18I	TCGA-BH-A18I-01	53	7th	Breast	Invasive Breast Carcinoma	Invasive Breast Carcinoma	220	-19489	NA	51.38573824	0:DiseaseFree	Infiltrating Ductal Carcinoma	NOT HISPANIC OR LATINO	0.1461	C50.2	NO	8500/3	20	BRCA	35.90670170827858	0:LIVING	9c1ceb7d-6fed-4c2f-a89a-bf3c5b15ca58	f7622b8a-b57c-42f0-bad1-c85edd41f034	cM0 (i+)	N1a	Stage IIA	T1c	Infiltrating Ductal Carcinoma	Breast	False	False	TCGA-BRCA	Invasive Breast Carcinoma	released	WHITE	1	Primary Tumor	1	Female	0.6666666666666666	Alive	2010
brca_tcga_gdc	TCGA-BH-A18J	TCGA-BH-A18J-01	56	5th	Breast	Invasive Breast Carcinoma	Invasive Breast Carcinoma	NA	-20678	612	51.15560377	0:DiseaseFree	Infiltrating Ductal Carcinoma	NOT HISPANIC OR LATINO	0.2460	C50.9	NO	8500/3	58	BRCA	20.105124835742444	1:DECEASED	cc074b7f-d3b2-4880-902e-bf10e667b665	044f9b74-9a16-432e-acac-78c399c001bc	M1	N2	Stage IV	T4b	Infiltrating Ductal Carcinoma	Breast	False	False	TCGA-BRCA	Invasive Breast Carcinoma	released	WHITE	1	Primary Tumor	1	Female	1.9333333333333333	Dead	2000
brca_tcga_gdc	TCGA-BH-A18K	TCGA-BH-A18K-01	46	5th	Breast	Invasive Breast Carcinoma	Invasive Breast Carcinoma	NA	-16824	2763	69.92800079	0:DiseaseFree	Infiltrating Ductal Carcinoma	NOT HISPANIC OR LATINO	0.4828	C50.9	NO	8500/3	40	BRCA	90.76872536136662	1:DECEASED	50619f8c-10aa-464a-a227-90a7aa6ffd43	db1c378a-1974-4b79-a027-928cba385e40	M0	N0	Stage I	T1	Infiltrating Ductal Carcinoma	Breast	False	False	TCGA-BRCA	Invasive Breast Carcinoma	released	WHITE	1	Primary Tumor	1	Female	1.3333333333333333	Dead	1999
brca_tcga_gdc	TCGA-BH-A18L	TCGA-BH-A18L-01	50	6th	Breast	Invasive Breast Carcinoma	Invasive Breast Carcinoma	NA	-18519	811	NA	NA	Infiltrating Ductal Carcinoma	NOT HISPANIC OR LATINO	0.5520	C50.9	NO	8500/3	34	BRCA	26.642575558475688	1:DECEASED	9ddc3e7b-8b54-4a83-8335-8053940f56c1	796e565c-3841-425a-bdfb-569776d7c9ac	M0	N1mi	Stage IIIA	T3	Infiltrating Ductal Carcinoma	Breast	False	False	TCGA-BRCA	Invasive Breast Carcinoma	released	WHITE	1	Primary Tumor	1	Female	1.1333333333333333	Dead	2003
brca_tcga_gdc	TCGA-BH-A18M	TCGA-BH-A18M-01	39	5th	Breast	Invasive Breast Carcinoma	Invasive Breast Carcinoma	NA	-14532	2207	NA	NA	Infiltrating Ductal Carcinoma	NOT HISPANIC OR LATINO	0.1774	C50.3	NO	8500/3	11	BRCA	72.50328515111696	1:DECEASED	f63722c1-a0bb-4bf9-8a10-1d76a8e1a0ba	6a914b5f-5bc2-4152-b80e-fcc864a415b0	M0	N1	Stage IIIA	T3	Infiltrating Ductal Carcinoma	Breast	False	False	TCGA-BRCA	Invasive Breast Carcinoma	released	WHITE	1	Primary Tumor	1	Female	0.36666666666666664	Dead	2001
brca_tcga_gdc	TCGA-BH-A18N	TCGA-BH-A18N-01	88	NA	Breast	Invasive Breast Carcinoma	Invasive Breast Carcinoma	NA	-32404	468	NA	NA	Infiltrating Ductal Carcinoma	NOT HISPANIC OR LATINO	0.1426	C50.9	NO	8500/3	28	BRCA	15.374507227332456	1:DECEASED	665dd3d3-779c-4abd-b5d7-13342340451d	dba36215-670e-400f-864e-a46702d49240	M0	N1b	Stage IIA	T2	Infiltrating Ductal Carcinoma	Breast	False	False	TCGA-BRCA	Invasive Breast Carcinoma	released	WHITE	1	Primary Tumor	1	Female	0.9333333333333333	Dead	2001
brca_tcga_gdc	TCGA-BH-A18P	TCGA-BH-A18P-01	60	6th	Breast	Invasive Breast Carcinoma	Invasive Breast Carcinoma	NA	-22222	921	NA	NA	Infiltrating Ductal Carcinoma	NA	0.1745	C50.3	NO	8500/3	239	BRCA	30.256241787122207	1:DECEASED	557cb0a3-6f1b-4faf-8296-0a15c24158f9	0d0546ad-8a51-4802-a173-96fbe5ebb124	M0	N0	Stage I	T1	Infiltrating Ductal Carcinoma	Breast	False	False	TCGA-BRCA	Invasive Breast Carcinoma	released	WHITE	1	Primary Tumor	1	Female	7.9	Dead	2003
brca_tcga_gdc	TCGA-BH-A18Q	TCGA-BH-A18Q-01	56	NA	Breast	Invasive Breast Carcinoma	Invasive Breast Carcinoma	NA	-20675	1692	NA	NA	Infiltrating Ductal Carcinoma	NOT HISPANIC OR LATINO	0.7440	C50.8	NO	8500/3	64	BRCA	55.584756898817346	1:DECEASED	db4bc6aa-2e7d-4bcb-8519-a455f624d33b	f225775e-e46f-4d1d-8b13-042e9776dd72	M0	N1b	Stage IIB	T2	Infiltrating Ductal Carcinoma	Breast	False	False	TCGA-BRCA	Invasive Breast Carcinoma	released	WHITE	1	Primary Tumor	1	Female	2.1333333333333333	Dead	2001
brca_tcga_gdc	TCGA-BH-A18R	TCGA-BH-A18R-01	50	NA	Breast	Invasive Breast Carcinoma	Invasive Breast Carcinoma	NA	-18524	1142	NA	NA	Infiltrating Ductal Carcinoma	NOT HISPANIC OR LATINO	0.2843	C50.9	NO	8500/3	20	BRCA	37.516425755584756	1:DECEASED	f6e1ec78-5ad9-4879-9b7e-262d17b166ad	518be2c7-fba5-47b1-8c8b-fef812fa74a4	M0	N1	Stage IIA	T2b	Infiltrating Ductal Carcinoma	Breast	False	False	TCGA-BRCA	Invasive Breast Carcinoma	released	WHITE	1	Primary Tumor	1	Female	0.6666666666666666	Dead	2001
brca_tcga_gdc	TCGA-BH-A18S	TCGA-BH-A18S-01	79	6th	Breast	Invasive Breast Carcinoma	Invasive Breast Carcinoma	NA	-28974	2009	NA	NA	Mucinous Carcinoma	NOT HISPANIC OR LATINO	0.1522	C50.3	NO	8523/3	22	BRCA	65.99868593955321	1:DECEASED	433427a1-bacf-4381-91ba-5fec8a0953f9	ce3a4469-8d19-4661-9c48-1baf6e84f49c	M0	N0	Stage I	T1c	Mucinous Carcinoma	Breast	False	False	TCGA-BRCA	Invasive Breast Carcinoma	released	WHITE	1	Primary Tumor	1	Female	0.7333333333333333	Dead	2003
brca_tcga_gdc	TCGA-BH-A18T	TCGA-BH-A18T-01	70	6th	Breast	Invasive Breast Carcinoma	Invasive Breast Carcinoma	NA	-25674	224	NA	NA	Infiltrating Ductal Carcinoma	NOT HISPANIC OR LATINO	0.6699	C50.9	NO	8500/3	65	BRCA	7.35873850197109	1:DECEASED	30ec8b1f-28c4-4f46-8a1b-a8d51e558c7d	50233285-5aef-412a-a225-3ed14eaa69d8	M0	N0	Stage IIA	T2	Infiltrating Ductal Carcinoma	Breast	False	False	TCGA-BRCA	Invasive Breast Carcinoma	released	WHITE	1	Primary Tumor	1	Female	2.1666666666666665	Dead	2003
brca_tcga_gdc	TCGA-BH-A18U	TCGA-BH-A18U-01	72	6th	Breast	Invasive Breast Carcinoma	Invasive Breast Carcinoma	NA	-26426	1563	NA	NA	Infiltrating Ductal Carcinoma	NOT HISPANIC OR LATINO	0.6316	C50.4	NO	8500/3	102	BRCA	51.34691195795006	1:DECEASED	233b02f3-c4f0-4a67-9db5-e68d5cdaccb6	79763193-268d-49e7-b94c-5cb95f7271b6	M0	N2a	Stage IIIA	T2	Infiltrating Ductal Carcinoma	Breast	False	False	TCGA-BRCA	Invasive Breast Carcinoma	released	WHITE	1	Primary Tumor	1	Female	3.4	Dead	2003
brca_tcga_gdc	TCGA-BH-A18V	TCGA-BH-A18V-01	48	5th	Breast	Invasive Breast Carcinoma	Invasive Breast Carcinoma	NA	-17682	1556	NA	NA	Infiltrating Ductal Carcinoma	NOT HISPANIC OR LATINO	0.7313	C50.4	NO	8500/3	155	BRCA	51.116951379763464	1:DECEASED	6b960b58-28e1-41c6-bd6e-7e669c6aa4ef	2923c735-34a1-4db6-a248-1c5de2241dd4	M0	N1b	Stage IIB	T2	Infiltrating Ductal Carcinoma	Breast	False	False	TCGA-BRCA	Invasive Breast Carcinoma	released	WHITE	2	Primary Tumor	1	Female	5.166666666666667	Dead	2001
brca_tcga_gdc	TCGA-BH-A18V	TCGA-BH-A18V-06	48	5th	Breast	Invasive Breast Carcinoma	Invasive Breast Carcinoma	NA	-17682	1556	NA	NA	Infiltrating Ductal Carcinoma	NOT HISPANIC OR LATINO	0.5950	C50.4	NO	8500/3	180	BRCA	51.116951379763464	1:DECEASED	6b960b58-28e1-41c6-bd6e-7e669c6aa4ef	3434d0f2-c690-45cf-965a-c5aec66e84e4	M0	N1b	Stage IIB	T2	Infiltrating Ductal Carcinoma	Breast	False	False	TCGA-BRCA	Invasive Breast Carcinoma	released	WHITE	2	Metastatic	6	Female	6.0	Dead	2001
brca_tcga_gdc	TCGA-BH-A1EN	TCGA-BH-A1EN-01	78	5th	Breast	Invasive Breast Carcinoma	Invasive Breast Carcinoma	NA	-28724	2127	NA	NA	Infiltrating Ductal Carcinoma	NOT HISPANIC OR LATINO	0.6700	C50.9	NO	8500/3	48	BRCA	69.87516425755584	1:DECEASED	858652b8-c4c2-41d8-be32-fdc88e1a7bb0	bea52276-596c-479e-981d-ca9132742098	M0	NX	Stage IIA	T2	Infiltrating Ductal Carcinoma	Breast	False	False	TCGA-BRCA	Invasive Breast Carcinoma	released	WHITE	1	Primary Tumor	1	Female	1.6	Dead	1999
brca_tcga_gdc	TCGA-BH-A1EO	TCGA-BH-A1EO-01	68	5th	Breast	Invasive Breast Carcinoma	Invasive Breast Carcinoma	NA	-25136	2798	NA	NA	Mixed Histology (please specify)	NOT HISPANIC OR LATINO	0.2678	C50.9	NO	8522/3	32	BRCA	91.91852825229961	1:DECEASED	4510295e-8aa7-4ef1-b2b7-91cc902f8200	9d501ca9-f50d-45fc-bcc3-fee15f9771cd	M0	N1	Stage IIA	T1c	Mixed Histology (please specify)	Breast	False	False	TCGA-BRCA	Invasive Breast Carcinoma	released	WHITE	1	Primary Tumor	1	Female	1.0666666666666667	Dead	1999
brca_tcga_gdc	TCGA-BH-A1ES	TCGA-BH-A1ES-01	35	5th	Breast	Invasive Breast Carcinoma	Invasive Breast Carcinoma	NA	-13138	3462	NA	NA	Infiltrating Ductal Carcinoma	NOT HISPANIC OR LATINO	0.2302	C50.9	NO	8500/3	18	BRCA	113.73193166885676	1:DECEASED	51ccbf1b-7cae-44ba-991a-11eda8b8c404	aa1037f4-1414-4e05-b11a-c558a23b7e62	M0	N1a	Stage IIB	T2	Infiltrating Ductal Carcinoma	Breast	False	False	TCGA-BRCA	Invasive Breast Carcinoma	released	WHITE	2	Primary Tumor	1	Female	0.6	Dead	1999
brca_tcga_gdc	TCGA-BH-A1ES	TCGA-BH-A1ES-06	35	5th	Breast	Invasive Breast Carcinoma	Invasive Breast Carcinoma	NA	-13138	3462	NA	NA	Infiltrating Ductal Carcinoma	NOT HISPANIC OR LATINO	0.5064	C50.9	NO	8500/3	NA	BRCA	113.73193166885676	1:DECEASED	51ccbf1b-7cae-44ba-991a-11eda8b8c404	9465c220-bf06-4cd1-8466-3477cc47ff6e	M0	N1a	Stage IIB	T2	Infiltrating Ductal Carcinoma	Breast	False	False	TCGA-BRCA	Invasive Breast Carcinoma	released	WHITE	2	Metastatic	6	Female	NA	Dead	1999
brca_tcga_gdc	TCGA-BH-A1ET	TCGA-BH-A1ET-01	55	5th	Breast	Invasive Breast Carcinoma	Invasive Breast Carcinoma	NA	-20425	2520	NA	NA	Infiltrating Ductal Carcinoma	NOT HISPANIC OR LATINO	0.0896	C50.9	NO	8500/3	18	BRCA	82.78580814717476	1:DECEASED	8986a141-eae7-4157-b695-02cc6fc3b071	2190d984-3941-41d4-b6de-d0aa76f3570d	M0	N0	Stage I	T1	Infiltrating Ductal Carcinoma	Breast	False	False	TCGA-BRCA	Invasive Breast Carcinoma	released	WHITE	1	Primary Tumor	1	Female	0.6	Dead	1999
brca_tcga_gdc	TCGA-BH-A1EU	TCGA-BH-A1EU-01	83	5th	Breast	Invasive Breast Carcinoma	Invasive Breast Carcinoma	NA	-30339	1286	NA	NA	Infiltrating Ductal Carcinoma	NOT HISPANIC OR LATINO	0.1225	C50.9	NO	8500/3	18	BRCA	42.24704336399474	1:DECEASED	a1093598-d3a8-4ffe-83fc-bc7d1faff7e5	73af0f78-cc37-43ff-8f46-524a9ba80eda	M0	N0	Stage I	T1	Infiltrating Ductal Carcinoma	Breast	False	False	TCGA-BRCA	Invasive Breast Carcinoma	released	WHITE	1	Primary Tumor	1	Female	0.6	Dead	1999
brca_tcga_gdc	TCGA-BH-A1EV	TCGA-BH-A1EV-01	45	5th	Breast	Invasive Breast Carcinoma	Invasive Breast Carcinoma	NA	-16504	365	NA	NA	Infiltrating Ductal Carcinoma	NOT HISPANIC OR LATINO	0.4107	C50.9	NO	8500/3	73	BRCA	11.990801576872535	1:DECEASED	417dea5f-f68e-4dab-940e-43ae8c67e5e6	29ac24fb-0065-47f8-b044-f4a66fad2394	M0	N1b	Stage IIIA	T3	Infiltrating Ductal Carcinoma	Breast	False	False	TCGA-BRCA	Invasive Breast Carcinoma	released	WHITE	1	Primary Tumor	1	Female	2.4	Dead	1999
brca_tcga_gdc	TCGA-BH-A1EW	TCGA-BH-A1EW-01	38	5th	Breast	Invasive Breast Carcinoma	Invasive Breast Carcinoma	NA	-14090	1694	NA	NA	Infiltrating Ductal Carcinoma	NOT HISPANIC OR LATINO	0.3461	C50.9	NO	8500/3	10	BRCA	55.65045992115637	1:DECEASED	9d166970-07c8-4ca3-9cfa-ed0049df9ecc	50463a25-4292-4bc7-926a-341493e68242	M0	N1b	Stage IIA	T2	Infiltrating Ductal Carcinoma	Breast	False	False	TCGA-BRCA	Invasive Breast Carcinoma	released	WHITE	1	Primary Tumor	1	Female	0.3333333333333333	Dead	1999
brca_tcga_gdc	TCGA-BH-A1EX	TCGA-BH-A1EX-01	67	5th	Breast	Invasive Breast Carcinoma	Invasive Breast Carcinoma	NA	-24544	1508	NA	NA	Infiltrating Ductal Carcinoma	NOT HISPANIC OR LATINO	0.2267	C50.9	NO	8500/3	15	BRCA	49.5400788436268	1:DECEASED	7b892055-c59d-4550-8688-ad039790af3d	f713031b-b8ee-4195-91b1-ac9cf63d76a4	M0	N1b	Stage IIB	T2	Infiltrating Ductal Carcinoma	Breast	False	False	TCGA-BRCA	Invasive Breast Carcinoma	released	WHITE	1	Primary Tumor	1	Female	0.5	Dead	2000
brca_tcga_gdc	TCGA-BH-A1EY	TCGA-BH-A1EY-01	79	5th	Breast	Invasive Breast Carcinoma	Invasive Breast Carcinoma	NA	-28940	538	NA	NA	Infiltrating Ductal Carcinoma	NOT HISPANIC OR LATINO	0.3610	C50.9	NO	8500/3	30	BRCA	17.67411300919842	1:DECEASED	0741b5db-4405-42ba-b63a-c6ee4f341480	14193a12-5601-4f0c-90aa-ecd24d6ac41b	M0	N0	Stage IIA	T2	Infiltrating Ductal Carcinoma	Breast	False	False	TCGA-BRCA	Invasive Breast Carcinoma	released	WHITE	1	Primary Tumor	1	Female	1.0	Dead	2000
brca_tcga_gdc	TCGA-BH-A1F0	TCGA-BH-A1F0-01	80	5th	Breast	Invasive Breast Carcinoma	Invasive Breast Carcinoma	NA	-29335	785	NA	NA	Infiltrating Ductal Carcinoma	NOT HISPANIC OR LATINO	0.0707	C50.9	NO	8500/3	41	BRCA	25.78843626806833	1:DECEASED	21ef1730-e5a7-47ce-b419-d000bb59ae15	f754aa5f-49c8-4e8b-a1fe-f370f807499a	M0	N1c	Stage IIA	T1a	Infiltrating Ductal Carcinoma	Breast	False	False	TCGA-BRCA	Invasive Breast Carcinoma	released	WHITE	1	Primary Tumor	1	Female	1.3666666666666667	Dead	2000
brca_tcga_gdc	TCGA-BH-A1F2	TCGA-BH-A1F2-01	53	5th	Breast	Invasive Breast Carcinoma	Invasive Breast Carcinoma	NA	-19701	959	NA	NA	Infiltrating Ductal Carcinoma	NOT HISPANIC OR LATINO	0.4770	C50.9	NO	8541/3	37	BRCA	31.50459921156373	1:DECEASED	6a2972e3-cca9-47e5-aac0-b770f2399eeb	e5c171ac-f700-439c-9e44-6cfed2c9cea7	M0	N1b	Stage IIIB	T4b	Infiltrating Ductal Carcinoma	Breast	False	False	TCGA-BRCA	Invasive Breast Carcinoma	released	WHITE	1	Primary Tumor	1	Female	1.2333333333333334	Dead	1999
brca_tcga_gdc	TCGA-BH-A1F5	TCGA-BH-A1F5-01	62	5th	Breast	Invasive Breast Carcinoma	Invasive Breast Carcinoma	NA	-22842	2712	NA	NA	Infiltrating Ductal Carcinoma	NOT HISPANIC OR LATINO	0.1453	C50.9	NO	8500/3	21	BRCA	89.09329829172141	1:DECEASED	e663954c-05a8-479a-a623-400c1eb5efc6	5cd62b0e-902e-492c-843d-5d8aa6964dc5	M0	N1a	Stage IIA	T1c	Infiltrating Ductal Carcinoma	Breast	True	False	TCGA-BRCA	Invasive Breast Carcinoma	released	WHITE	1	Primary Tumor	1	Female	0.7	Dead	2002
brca_tcga_gdc	TCGA-BH-A1F6	TCGA-BH-A1F6-01	51	NA	Breast	Invasive Breast Carcinoma	Invasive Breast Carcinoma	NA	-18691	2965	NA	NA	Infiltrating Ductal Carcinoma	NOT HISPANIC OR LATINO	0.6189	C50.9	NO	8500/3	23	BRCA	97.40473061760841	1:DECEASED	ad18820b-a804-49c0-ba8a-86c09fa6bce2	e5a9fa79-2d0f-4cda-9fea-baab86f78b8e	MX	N2a	NA	T4d	Infiltrating Ductal Carcinoma	Breast	False	False	TCGA-BRCA	Invasive Breast Carcinoma	released	WHITE	1	Primary Tumor	1	Female	0.7666666666666667	Dead	1996
brca_tcga_gdc	TCGA-BH-A1F8	TCGA-BH-A1F8-01	89	5th	Breast	Invasive Breast Carcinoma	Invasive Breast Carcinoma	NA	-32871	1	NA	NA	Infiltrating Ductal Carcinoma	NOT HISPANIC OR LATINO	0.9977	C50.9	NO	8500/3	115	BRCA	0.0328515111695138	1:DECEASED	ee554215-bea2-4268-aaf9-784e68cdb969	7e598a8a-9fb8-4c2d-94e7-ae1921addcd1	M0	N2	Stage IIIB	T4b	Infiltrating Ductal Carcinoma	Breast	False	False	TCGA-BRCA	Invasive Breast Carcinoma	released	WHITE	1	Primary Tumor	1	Female	3.8333333333333335	Dead	1999
brca_tcga_gdc	TCGA-BH-A1FB	TCGA-BH-A1FB-01	60	5th	Breast	Invasive Breast Carcinoma	Invasive Breast Carcinoma	NA	-21933	3669	NA	NA	Infiltrating Ductal Carcinoma	NOT HISPANIC OR LATINO	0.0538	C50.9	NO	8500/3	NA	BRCA	120.53219448094612	1:DECEASED	ecab16bc-28d5-4c3a-8735-3c785bd047c4	1fc22273-7e02-4193-9fbb-476e0eab6afb	M0	N1b	Stage IIB	T2	Infiltrating Ductal Carcinoma	Breast	False	False	TCGA-BRCA	Invasive Breast Carcinoma	released	WHITE	1	Primary Tumor	1	Female	NA	Dead	2000
brca_tcga_gdc	TCGA-BH-A1FC	TCGA-BH-A1FC-01	78	5th	Breast	Invasive Breast Carcinoma	Invasive Breast Carcinoma	NA	-28706	3472	NA	NA	Medullary Carcinoma	NOT HISPANIC OR LATINO	0.4297	C50.9	NO	8510/3	86	BRCA	114.0604467805519	1:DECEASED	b97bf89a-7a85-4eef-ae7e-f787aead1f0a	3ad0093a-e57a-450a-b0ef-942c9b67a586	M0	N1b	Stage IIA	T1c	Medullary Carcinoma	Breast	False	False	TCGA-BRCA	Invasive Breast Carcinoma	released	BLACK OR AFRICAN AMERICAN	1	Primary Tumor	1	Female	2.8666666666666667	Dead	1998
brca_tcga_gdc	TCGA-BH-A1FD	TCGA-BH-A1FD-01	68	5th	Breast	Invasive Breast Carcinoma	Invasive Breast Carcinoma	NA	-24940	1009	NA	NA	Infiltrating Ductal Carcinoma	NOT HISPANIC OR LATINO	0.4779	C50.9	NO	8500/3	23	BRCA	33.14717477003942	1:DECEASED	3c8b5af9-c34d-43c2-b8c9-39ea11e44fa6	a0e467f8-79c1-499e-b881-669b4bd55b8c	M0	N0	Stage I	T1c	Infiltrating Ductal Carcinoma	Breast	False	False	TCGA-BRCA	Invasive Breast Carcinoma	released	WHITE	1	Primary Tumor	1	Female	0.7666666666666667	Dead	1998
brca_tcga_gdc	TCGA-BH-A1FE	TCGA-BH-A1FE-01	31	5th	Breast	Invasive Breast Carcinoma	Invasive Breast Carcinoma	NA	-11650	2273	NA	NA	Infiltrating Ductal Carcinoma	NOT HISPANIC OR LATINO	0.1274	C50.9	NO	8500/3	14	BRCA	74.67148488830486	1:DECEASED	4aa68586-6331-4795-b40c-859386640df6	3de73049-e6e7-4ed7-be98-bf174fd37c89	M0	N1	Stage IIB	T2	Infiltrating Ductal Carcinoma	Breast	False	False	TCGA-BRCA	Invasive Breast Carcinoma	released	WHITE	2	Primary Tumor	1	Female	0.4666666666666667	Dead	1998
brca_tcga_gdc	TCGA-BH-A1FE	TCGA-BH-A1FE-06	31	5th	Breast	Invasive Breast Carcinoma	Invasive Breast Carcinoma	NA	-11650	2273	NA	NA	Infiltrating Ductal Carcinoma	NOT HISPANIC OR LATINO	0.0001	C50.9	NO	8500/3	1	BRCA	74.67148488830486	1:DECEASED	4aa68586-6331-4795-b40c-859386640df6	3e38b9a1-4367-47fd-9a44-2c611406e922	M0	N1	Stage IIB	T2	Infiltrating Ductal Carcinoma	Breast	False	False	TCGA-BRCA	Invasive Breast Carcinoma	released	WHITE	2	Metastatic	6	Female	0.03333333333333333	Dead	1998
brca_tcga_gdc	TCGA-BH-A1FG	TCGA-BH-A1FG-01	88	5th	Breast	Invasive Breast Carcinoma	Invasive Breast Carcinoma	NA	-32295	577	NA	NA	Infiltrating Ductal Carcinoma	NOT HISPANIC OR LATINO	0.1164	C50.9	NO	8500/3	17	BRCA	18.95532194480946	1:DECEASED	d4e7426c-9739-4585-9114-e564b13c7c02	33f49b4e-924e-4590-8afa-e17403602137	M0	NX	Stage I	T1c	Infiltrating Ductal Carcinoma	Breast	False	False	TCGA-BRCA	Invasive Breast Carcinoma	released	WHITE	1	Primary Tumor	1	Female	0.5666666666666667	Dead	1998
brca_tcga_gdc	TCGA-BH-A1FH	TCGA-BH-A1FH-01	47	5th	Breast	Invasive Breast Carcinoma	Invasive Breast Carcinoma	NA	-17172	1034	NA	NA	Infiltrating Ductal Carcinoma	NOT HISPANIC OR LATINO	0.0255	C50.9	NO	8500/3	14	BRCA	33.96846254927726	1:DECEASED	1783cac1-253a-40af-a9ac-48dfb20e1ab8	f0785dc2-a43e-4b59-a21c-ab55c490d441	M1	N1b	Stage IV	T2	Infiltrating Ductal Carcinoma	Breast	False	False	TCGA-BRCA	Invasive Breast Carcinoma	released	WHITE	1	Primary Tumor	1	Female	0.4666666666666667	Dead	1998
brca_tcga_gdc	TCGA-BH-A1FJ	TCGA-BH-A1FJ-01	66	5th	Breast	Invasive Breast Carcinoma	Invasive Breast Carcinoma	NA	-24262	1927	NA	NA	Infiltrating Ductal Carcinoma	NOT HISPANIC OR LATINO	0.1043	C50.9	NO	8500/3	20	BRCA	63.30486202365309	1:DECEASED	f6581eee-61b9-43d4-ab0d-ce5ce3ba1c74	72367269-4151-4e1f-8636-ff91396ba46c	M0	N1b	Stage IIIA	T3	Infiltrating Ductal Carcinoma	Breast	False	False	TCGA-BRCA	Invasive Breast Carcinoma	released	WHITE	1	Primary Tumor	1	Female	0.6666666666666666	Dead	1998
brca_tcga_gdc	TCGA-BH-A1FL	TCGA-BH-A1FL-01	69	5th	Breast	Invasive Breast Carcinoma	Invasive Breast Carcinoma	NA	-25558	1673	36.82151429	0:DiseaseFree	Infiltrating Ductal Carcinoma	NOT HISPANIC OR LATINO	0.0919	C50.9	NO	8500/3	17	BRCA	54.96057818659658	1:DECEASED	14d1d84e-99e1-41ad-8892-3b4da3d4f948	6adbf536-e89b-4148-8ed6-9b9117f78c64	M0	N1b	Stage IIB	T2	Infiltrating Ductal Carcinoma	Breast	False	False	TCGA-BRCA	Invasive Breast Carcinoma	released	WHITE	1	Primary Tumor	1	Female	0.5666666666666667	Dead	1998
brca_tcga_gdc	TCGA-BH-A1FM	TCGA-BH-A1FM-01	44	5th	Breast	Invasive Breast Carcinoma	Invasive Breast Carcinoma	NA	-16289	1388	NA	NA	Infiltrating Ductal Carcinoma	NOT HISPANIC OR LATINO	0.5515	C50.9	NO	8500/3	47	BRCA	45.59789750328515	1:DECEASED	7eb18190-5a41-4637-9783-f81bbde499e4	cf2b65de-c6a1-4ebc-a62a-c652ce17d2d0	M0	N2	Stage IIIA	T2	Infiltrating Ductal Carcinoma	Breast	False	False	TCGA-BRCA	Invasive Breast Carcinoma	released	WHITE	1	Primary Tumor	1	Female	1.5666666666666667	Dead	1998
brca_tcga_gdc	TCGA-BH-A1FN	TCGA-BH-A1FN-01	34	5th	Breast	Invasive Breast Carcinoma	Invasive Breast Carcinoma	NA	-12525	2192	20.12032745	0:DiseaseFree	Infiltrating Ductal Carcinoma	NOT HISPANIC OR LATINO	0.5269	C50.9	NO	8500/3	87	BRCA	72.01051248357425	1:DECEASED	6dd0dd7b-62ff-4fd1-a99a-b265f1a91dca	ae08dbd6-548a-469c-ba12-b6a87515bce7	M0	N0	Stage IIA	T2	Infiltrating Ductal Carcinoma	Breast	False	False	TCGA-BRCA	Invasive Breast Carcinoma	released	WHITE	1	Primary Tumor	1	Female	2.9	Dead	1997
brca_tcga_gdc	TCGA-BH-A1FR	TCGA-BH-A1FR-01	73	5th	Breast	Invasive Breast Carcinoma	Invasive Breast Carcinoma	NA	-26684	1642	10.52043265	0:DiseaseFree	Other, specify	NOT HISPANIC OR LATINO	0.0005	C50.9	NO	8523/3	11	BRCA	53.942181340341655	1:DECEASED	bf3b1481-ae31-4406-b084-b6cc1d7163e3	0fc347ae-7ad9-4987-887a-d37fe871d6c2	M0	N1a	Stage IIIB	T4b	Other, specify	Breast	False	False	TCGA-BRCA	Invasive Breast Carcinoma	released	WHITE	1	Primary Tumor	1	Female	0.36666666666666664	Dead	1997
brca_tcga_gdc	TCGA-BH-A1FU	TCGA-BH-A1FU-01	44	5th	Breast	Invasive Breast Carcinoma	Invasive Breast Carcinoma	NA	-16174	1688	110.5960483	0:DiseaseFree	Infiltrating Ductal Carcinoma	NOT HISPANIC OR LATINO	0.0918	C50.9	NO	8500/3	54	BRCA	55.45335085413929	1:DECEASED	c348a9b3-c901-4384-a222-144387bac0c5	438152c8-2d26-4b35-9f68-a4b6c473916e	M0	N0	Stage IA	T1c	Infiltrating Ductal Carcinoma	Breast	False	False	TCGA-BRCA	Invasive Breast Carcinoma	released	WHITE	1	Primary Tumor	1	Female	1.8	Dead	1997
brca_tcga_gdc	TCGA-BH-A201	TCGA-BH-A201-01	64	7th	Breast	Invasive Breast Carcinoma	Invasive Breast Carcinoma	210	-23423	NA	20.87648355	0:DiseaseFree	Infiltrating Ductal Carcinoma	NOT HISPANIC OR LATINO	0.1351	C50.9	NO	8500/3	15	BRCA	28.12089356110381	0:LIVING	3bf81a9f-abb4-4495-a514-fd3865e13a03	7893162b-3d19-4c54-86ee-aa4884d84e8a	M0	N0	Stage IA	T1	Infiltrating Ductal Carcinoma	Breast	False	False	TCGA-BRCA	Invasive Breast Carcinoma	released	WHITE	1	Primary Tumor	1	Female	0.5	Alive	2011
brca_tcga_gdc	TCGA-BH-A202	TCGA-BH-A202-01	60	6th	Breast	Invasive Breast Carcinoma	Invasive Breast Carcinoma	22	-22052	NA	18.64089161	0:DiseaseFree	Infiltrating Ductal Carcinoma	NOT HISPANIC OR LATINO	0.2749	C50.9	NO	8500/3	25	BRCA	26.116951379763467	0:LIVING	e7a00d67-2c26-4d1f-bd17-35f659e88bc1	8fa798fe-f032-4d77-b362-06261db78e6d	M0	N0	Stage II	T2	Infiltrating Ductal Carcinoma	Breast	False	False	TCGA-BRCA	Invasive Breast Carcinoma	released	WHITE	1	Primary Tumor	1	Female	0.8333333333333334	Alive	2011
brca_tcga_gdc	TCGA-BH-A203	TCGA-BH-A203-01	78	5th	Breast	Invasive Breast Carcinoma	Invasive Breast Carcinoma	NA	-28609	1174	23.50659171	0:DiseaseFree	Infiltrating Ductal Carcinoma	NOT HISPANIC OR LATINO	0.3927	C50.9	NO	8500/3	49	BRCA	38.5676741130092	1:DECEASED	b3264748-947a-43aa-b227-b294fbcc8447	002997ef-3b93-443a-80a3-bae63e129d99	M0	N1b	Stage IIB	T2	Infiltrating Ductal Carcinoma	Breast	False	False	TCGA-BRCA	Invasive Breast Carcinoma	released	WHITE	1	Primary Tumor	1	Female	1.6333333333333333	Dead	1996
brca_tcga_gdc	TCGA-BH-A204	TCGA-BH-A204-01	80	5th	Breast	Invasive Breast Carcinoma	Invasive Breast Carcinoma	NA	-29529	2534	9.632771148	0:DiseaseFree	Infiltrating Ductal Carcinoma	NOT HISPANIC OR LATINO	0.2559	C50.9	NO	8500/3	29	BRCA	83.24572930354796	1:DECEASED	05135396-df5c-49db-b34e-f4add5b65a2b	a28d9c46-4774-4167-8c1e-ee95436c7b2e	M0	N1b	Stage IIB	T2	Infiltrating Ductal Carcinoma	Breast	False	False	TCGA-BRCA	Invasive Breast Carcinoma	released	WHITE	1	Primary Tumor	1	Female	0.9666666666666667	Dead	1996
brca_tcga_gdc	TCGA-BH-A208	TCGA-BH-A208-01	48	5th	Breast	Invasive Breast Carcinoma	Invasive Breast Carcinoma	NA	-17715	1759	5.260216326	0:DiseaseFree	Infiltrating Ductal Carcinoma	NOT HISPANIC OR LATINO	0.1397	C50.9	NO	8500/3	50	BRCA	57.78580814717477	1:DECEASED	ddcbdac6-9e43-4146-a611-d033125eba14	723e0934-327e-46f2-94f0-20a65da1ea0e	M0	N1b	Stage IIB	T2	Infiltrating Ductal Carcinoma	Breast	False	False	TCGA-BRCA	Invasive Breast Carcinoma	released	WHITE	1	Primary Tumor	1	Female	1.6666666666666667	Dead	1995
brca_tcga_gdc	TCGA-BH-A209	TCGA-BH-A209-01	77	5th	Breast	Invasive Breast Carcinoma	Invasive Breast Carcinoma	NA	-28403	3959	9.698523852	0:DiseaseFree	Medullary Carcinoma	NOT HISPANIC OR LATINO	0.3095	C50.9	NO	8510/3	68	BRCA	130.0591327201051	1:DECEASED	5258294f-ef5b-4091-9183-6bcc545d54b2	fbf64fdd-6787-4647-b0cd-860acc8abce6	M0	N0	Stage I	T1c	Medullary Carcinoma	Breast	False	False	TCGA-BRCA	Invasive Breast Carcinoma	released	BLACK OR AFRICAN AMERICAN	1	Primary Tumor	1	Female	2.2666666666666666	Dead	1996
brca_tcga_gdc	TCGA-BH-A28O	TCGA-BH-A28O-01	50	7th	Breast	Invasive Breast Carcinoma	Invasive Breast Carcinoma	324	-18501	NA	18.87102607	0:DiseaseFree	Infiltrating Lobular Carcinoma	NOT HISPANIC OR LATINO	0.0004	C50.9	NO	8520/3	NA	BRCA	36.793692509855454	0:LIVING	84b7ccf2-8ab3-4b21-96de-800d231bc072	405b2b8f-7e2e-4d80-89be-299da48374ef	M0	N3	Stage IIIC	T3a	Infiltrating Lobular Carcinoma	Breast	False	False	TCGA-BRCA	Invasive Breast Carcinoma	released	WHITE	1	Primary Tumor	1	Female	NA	Alive	2010
brca_tcga_gdc	TCGA-BH-A28Q	TCGA-BH-A28Q-01	46	7th	Breast	Invasive Breast Carcinoma	Invasive Breast Carcinoma	196	-16882	NA	21.76414505	0:DiseaseFree	Infiltrating Lobular Carcinoma	NOT HISPANIC OR LATINO	0.1620	C50.9	NO	8520/3	17	BRCA	36.760840998685936	0:LIVING	32861b48-83f5-43a3-bb54-45215ad2c5d6	9864f875-05af-4336-b532-a283e4dfeed6	M0	N1a	Stage IIB	T2	Infiltrating Lobular Carcinoma	Breast	False	False	TCGA-BRCA	Invasive Breast Carcinoma	released	WHITE	1	Primary Tumor	1	Female	0.5666666666666667	Alive	2010
brca_tcga_gdc	TCGA-BH-A2L8	TCGA-BH-A2L8-01	45	7th	Breast	Invasive Breast Carcinoma	Invasive Breast Carcinoma	168	-16658	NA	9.435513036	0:DiseaseFree	Infiltrating Lobular Carcinoma	NOT HISPANIC OR LATINO	0.1211	C50.9	NO	8520/3	357	BRCA	20.105124835742444	0:LIVING	bac4b268-c781-4408-96d8-43a48fec7418	6cb73e8a-b788-4efc-b60e-f33424fc93de	M0	N0 (i-)	Stage IIA	T2	Infiltrating Lobular Carcinoma	Breast	False	False	TCGA-BRCA	Invasive Breast Carcinoma	released	WHITE	1	Primary Tumor	1	Female	11.9	Alive	2011
brca_tcga_gdc	TCGA-BH-A42T	TCGA-BH-A42T-01	75	7th	Breast	Invasive Breast Carcinoma	Invasive Breast Carcinoma	30	-27731	320	0.0	0:DiseaseFree	Infiltrating Lobular Carcinoma	NOT HISPANIC OR LATINO	0.3969	C50.9	NO	8520/3	NA	BRCA	10.512483574244415	1:DECEASED	10c829ec-fd66-49c4-8afe-ad3ae567372c	312a82ee-9236-4282-b5eb-ee6063babf5a	M0	N0 (i+)	Stage IIA	T2	Infiltrating Lobular Carcinoma	Breast	False	False	TCGA-BRCA	Invasive Breast Carcinoma	released	BLACK OR AFRICAN AMERICAN	1	Primary Tumor	1	Female	NA	Dead	2012
brca_tcga_gdc	TCGA-BH-A42U	TCGA-BH-A42U-01	80	6th	Breast	Invasive Breast Carcinoma	Invasive Breast Carcinoma	3324	-29330	NA	11.93411579	0:DiseaseFree	Infiltrating Lobular Carcinoma	NOT HISPANIC OR LATINO	0.0001	C50.9	NO	8520/3	11	BRCA	110.51248357424441	0:LIVING	2dc1cec9-925a-417f-9e21-3c2143e711b4	cee987ef-2eb6-4cdd-8094-331de8ec38ca	M0	N0	Stage IIA	T2	Infiltrating Lobular Carcinoma	Breast	False	False	TCGA-BRCA	Invasive Breast Carcinoma	released	BLACK OR AFRICAN AMERICAN	1	Primary Tumor	1	Female	0.36666666666666664	Alive	2004
brca_tcga_gdc	TCGA-BH-A42V	TCGA-BH-A42V-01	41	7th	Breast	Invasive Breast Carcinoma	Invasive Breast Carcinoma	272	-15158	NA	11.76973403	0:DiseaseFree	Infiltrating Ductal Carcinoma	NOT HISPANIC OR LATINO	0.0869	C50.9	NO	8500/3	30	BRCA	20.86070959264126	0:LIVING	57cf380d-ab52-467f-b9ae-740b2f84c820	2cf478d5-5400-4724-bf36-89bf1df26284	M0	N1mi	Stage IB	T1c	Infiltrating Ductal Carcinoma	Breast	False	False	TCGA-BRCA	Invasive Breast Carcinoma	released	BLACK OR AFRICAN AMERICAN	1	Primary Tumor	1	Female	1.0	Alive	2012
brca_tcga_gdc	TCGA-BH-A5IZ	TCGA-BH-A5IZ-01	51	7th	Breast	Invasive Breast Carcinoma	Invasive Breast Carcinoma	98	-18927	NA	11.76973403	0:DiseaseFree	Infiltrating Ductal Carcinoma	NOT HISPANIC OR LATINO	0.7729	C50.9	NO	8500/3	55	BRCA	18.626806833114323	0:LIVING	a8a33ba9-0976-4e19-b0e9-fa5ba4d4eaa8	e943ba18-21be-49ec-8d2a-cfad16e37fa0	cM0 (i+)	N1a	Stage IIB	T2	Infiltrating Ductal Carcinoma	Breast	False	False	TCGA-BRCA	Invasive Breast Carcinoma	released	BLACK OR AFRICAN AMERICAN	1	Primary Tumor	1	Female	1.8333333333333333	Alive	2012
brca_tcga_gdc	TCGA-BH-A5J0	TCGA-BH-A5J0-01	63	7th	Breast	Invasive Breast Carcinoma	Invasive Breast Carcinoma	225	-23072	NA	12.65739554	0:DiseaseFree	Infiltrating Ductal Carcinoma	NOT HISPANIC OR LATINO	0.5403	C50.9	NO	8500/3	54	BRCA	23.488830486202364	0:LIVING	db55d9d9-dd56-4ca9-b1f1-0d929697b280	2969174b-856a-4ba1-97c3-9038891cf24f	M0	N0	Stage IA	T1c	Infiltrating Ductal Carcinoma	Breast	False	False	TCGA-BRCA	Invasive Breast Carcinoma	released	BLACK OR AFRICAN AMERICAN	1	Primary Tumor	1	Female	1.8	Alive	2012
brca_tcga_gdc	TCGA-BH-A6R8	TCGA-BH-A6R8-01	46	7th	Breast	Invasive Breast Carcinoma	Invasive Breast Carcinoma	293	-16829	NA	11.76973403	0:DiseaseFree	Infiltrating Ductal Carcinoma	NOT HISPANIC OR LATINO	0.3302	C50.9	NO	8500/3	23	BRCA	9.625492772667542	0:LIVING	91b09291-5944-4691-a0d8-7d1ccc649b9b	2895fe68-6ad0-4e50-af50-cec91436ddd9	M0	N0	Stage IIA	T2	Infiltrating Ductal Carcinoma	Breast	False	False	TCGA-BRCA	Invasive Breast Carcinoma	released	BLACK OR AFRICAN AMERICAN	1	Primary Tumor	1	Female	0.7666666666666667	Alive	2012
brca_tcga_gdc	TCGA-BH-A6R9	TCGA-BH-A6R9-01	61	7th	Breast	Invasive Breast Carcinoma	Invasive Breast Carcinoma	160	-22325	NA	NA	NA	Metaplastic Carcinoma	NOT HISPANIC OR LATINO	0.0002	C50.9	NO	8575/3	7	BRCA	5.256241787122208	0:LIVING	43cc074d-b85a-4b0b-8feb-833094ffc565	65842833-68a7-4efd-a781-19b5dc6bd257	M0	N0	Stage IIA	T2	Metaplastic Carcinoma	Breast	False	False	TCGA-BRCA	Invasive Breast Carcinoma	released	WHITE	1	Primary Tumor	1	Female	0.23333333333333334	Alive	2012
brca_tcga_gdc	TCGA-BH-A8FY	TCGA-BH-A8FY-01	87	7th	Breast	Invasive Breast Carcinoma	Invasive Breast Carcinoma	NA	-31932	295	0.0	0:DiseaseFree	Infiltrating Lobular Carcinoma	NOT HISPANIC OR LATINO	0.1802	C50.9	NO	8520/3	34	BRCA	9.69119579500657	1:DECEASED	5f4d16aa-9cc4-4edb-b714-394e2661439a	8063e0be-03ea-4a66-8592-dbb2d9f49045	M0	N0 (i+)	Stage IA	T1c	Infiltrating Lobular Carcinoma	Breast	True	False	TCGA-BRCA	Invasive Breast Carcinoma	released	WHITE	1	Primary Tumor	1	Female	1.1333333333333333	Dead	2012
brca_tcga_gdc	TCGA-BH-A8FZ	TCGA-BH-A8FZ-01	58	7th	Breast	Invasive Breast Carcinoma	Invasive Breast Carcinoma	144	-21343	NA	12.65739554	0:DiseaseFree	Infiltrating Lobular Carcinoma	NOT HISPANIC OR LATINO	0.2757	C50.9	NO	8520/3	54	BRCA	18.85676741130092	0:LIVING	1cc30842-4a5b-4f07-b36f-5b84ceaa5662	b8e8e280-c3ea-4757-bb41-1611c95dc868	M0	N0	Stage IA	T1b	Infiltrating Lobular Carcinoma	Breast	False	False	TCGA-BRCA	Invasive Breast Carcinoma	released	WHITE	1	Primary Tumor	1	Female	1.8	Alive	2012
brca_tcga_gdc	TCGA-BH-A8G0	TCGA-BH-A8G0-01	54	7th	Breast	Invasive Breast Carcinoma	Invasive Breast Carcinoma	199	-19975	NA	NA	NA	Infiltrating Lobular Carcinoma	NOT HISPANIC OR LATINO	0.0160	C50.9	NO	8520/3	8	BRCA	21.747700394218132	0:LIVING	59d60247-e549-4326-a672-50b05c13a291	75e9ad4a-ae3e-4331-9c35-0ce639ed3009	M0	N1a	Stage IIB	T2	Infiltrating Lobular Carcinoma	Breast	False	False	TCGA-BRCA	Invasive Breast Carcinoma	released	WHITE	1	Primary Tumor	1	Female	0.23333333333333334	Alive	2012
brca_tcga_gdc	TCGA-BH-AB28	TCGA-BH-AB28-01	53	7th	Breast	Invasive Breast Carcinoma	Invasive Breast Carcinoma	185	-19570	NA	12.65739554	0:DiseaseFree	Infiltrating Lobular Carcinoma	NOT HISPANIC OR LATINO	0.1392	C50.9	NO	8520/3	22	BRCA	9.42838370565046	0:LIVING	09d6e904-7184-4788-8a19-04f8c46cb13f	b884af8f-ff0c-4cac-9a26-f4f27b35f8e7	M0	N1a	Stage IIIA	T3	Infiltrating Lobular Carcinoma	Breast	False	False	TCGA-BRCA	Invasive Breast Carcinoma	released	WHITE	1	Primary Tumor	1	Female	0.7333333333333333	Alive	2013
brca_tcga_gdc	TCGA-C8-A12K	TCGA-C8-A12K-01	80	6th	Breast	Invasive Breast Carcinoma	Invasive Breast Carcinoma	0	-29463	NA	12.65739554	0:DiseaseFree	Infiltrating Ductal Carcinoma	NOT HISPANIC OR LATINO	0.4775	C50.9	NO	8500/3	104	BRCA	0.0	0:LIVING	6b923e30-2ddc-407f-91b1-c202f1373fbb	aa21df77-6622-405a-821a-1122f9c93159	M0	N1	Stage IIB	T2	Infiltrating Ductal Carcinoma	Breast	False	False	TCGA-BRCA	Invasive Breast Carcinoma	released	ASIAN	1	Primary Tumor	1	Female	3.466666666666667	Alive	2010
brca_tcga_gdc	TCGA-C8-A12L	TCGA-C8-A12L-01	67	6th	Breast	Invasive Breast Carcinoma	Invasive Breast Carcinoma	0	-24710	NA	48.52549561	0:DiseaseFree	Infiltrating Ductal Carcinoma	NOT HISPANIC OR LATINO	0.6276	C50.9	NO	8500/3	59	BRCA	11.925098554533507	0:LIVING	441919eb-8c9f-478c-bda3-8de4f8295e8a	e3cf8f8c-8fe6-45e2-b786-7db5590c08cb	M0	N0 (i-)	Stage IIA	T2	Infiltrating Ductal Carcinoma	Breast	False	False	TCGA-BRCA	Invasive Breast Carcinoma	released	ASIAN	1	Primary Tumor	1	Female	1.9666666666666666	Alive	2010
brca_tcga_gdc	TCGA-C8-A12M	TCGA-C8-A12M-01	70	6th	Breast	Invasive Breast Carcinoma	Invasive Breast Carcinoma	0	-25811	NA	12.55876648	0:DiseaseFree	Infiltrating Ductal Carcinoma	NOT HISPANIC OR LATINO	0.4883	C50.9	NO	8500/3	47	BRCA	11.76084099868594	0:LIVING	dd0f8e5a-383d-4f03-bb71-0e115d4e442c	4874e4e2-c067-490d-9d99-8d3ca194b0a4	M0	N0 (i-)	Stage IIA	T2	Infiltrating Ductal Carcinoma	Breast	False	False	TCGA-BRCA	Invasive Breast Carcinoma	released	ASIAN	1	Primary Tumor	1	Female	1.5666666666666667	Alive	2010
brca_tcga_gdc	TCGA-C8-A12N	TCGA-C8-A12N-01	58	6th	Breast	Invasive Breast Carcinoma	Invasive Breast Carcinoma	0	-21428	NA	12.16425026	0:DiseaseFree	Infiltrating Ductal Carcinoma	NOT HISPANIC OR LATINO	0.0801	C50.9	NO	8500/3	13	BRCA	11.76084099868594	0:LIVING	b8a615f9-d19b-4b09-8ec8-0674e5c648cd	3f2c52a6-d79d-407d-9c71-11a58ab4e129	M0	N0 (i-)	Stage IIA	T2	Infiltrating Ductal Carcinoma	Breast	False	False	TCGA-BRCA	Invasive Breast Carcinoma	released	ASIAN	1	Primary Tumor	1	Female	0.43333333333333335	Alive	2010
brca_tcga_gdc	TCGA-C8-A12O	TCGA-C8-A12O-01	50	6th	Breast	Invasive Breast Carcinoma	Invasive Breast Carcinoma	0	-18506	NA	13.51218069	0:DiseaseFree	Infiltrating Ductal Carcinoma	NOT HISPANIC OR LATINO	0.3452	C50.9	NO	8500/3	27	BRCA	12.64783180026281	0:LIVING	83f26720-007c-42c9-a7de-7484bf8afa89	2c66d45a-c014-4fbe-9ff2-4ca17ec59ba9	M0	N0 (i-)	Stage IIA	T2	Infiltrating Ductal Carcinoma	Breast	False	False	TCGA-BRCA	Invasive Breast Carcinoma	released	ASIAN	1	Primary Tumor	1	Female	0.9	Alive	2010
brca_tcga_gdc	TCGA-C8-A12P	TCGA-C8-A12P-01	55	6th	Breast	Invasive Breast Carcinoma	Invasive Breast Carcinoma	0	-20332	NA	12.59164283	0:DiseaseFree	Infiltrating Ductal Carcinoma	NOT HISPANIC OR LATINO	0.3589	C50.9	NO	8500/3	127	BRCA	11.76084099868594	0:LIVING	abdc76db-f85e-4337-a57e-6d098789da03	0d5aa7a3-3488-4339-b8f1-e4971912e2bc	M0	N1	Stage IIB	T2	Infiltrating Ductal Carcinoma	Breast	False	False	TCGA-BRCA	Invasive Breast Carcinoma	released	ASIAN	1	Primary Tumor	1	Female	4.233333333333333	Alive	2010
brca_tcga_gdc	TCGA-C8-A12Q	TCGA-C8-A12Q-01	78	NA	Breast	Invasive Breast Carcinoma	Invasive Breast Carcinoma	2	-28733	385	0.0	0:DiseaseFree	Infiltrating Ductal Carcinoma	NOT HISPANIC OR LATINO	0.4207	C50.9	NO	8500/3	83	BRCA	12.64783180026281	1:DECEASED	a824b3bd-34d5-4cc1-a92f-f9d6ac0f1814	8867f07e-0993-4c9a-96df-18e24801ba80	M0	N2	Stage IIIA	T1	Infiltrating Ductal Carcinoma	Breast	False	False	TCGA-BRCA	Invasive Breast Carcinoma	released	ASIAN	1	Primary Tumor	1	Female	2.7666666666666666	Dead	2010
brca_tcga_gdc	TCGA-C8-A12T	TCGA-C8-A12T-01	NA	6th	Breast	Invasive Breast Carcinoma	Invasive Breast Carcinoma	0	NA	NA	12.59164283	0:DiseaseFree	Infiltrating Ductal Carcinoma	NOT HISPANIC OR LATINO	0.2362	C50.9	NO	8500/3	129	BRCA	0.0	0:LIVING	71229981-97c2-4ae1-a130-fe5de336b37d	ea0b870f-324e-4d12-be78-1737ef7f80b5	M0	N0	Stage IIA	T2	Infiltrating Ductal Carcinoma	Breast	False	False	TCGA-BRCA	Invasive Breast Carcinoma	released	ASIAN	1	Primary Tumor	1	Female	4.3	Alive	2010
brca_tcga_gdc	TCGA-C8-A12U	TCGA-C8-A12U-01	46	6th	Breast	Invasive Breast Carcinoma	Invasive Breast Carcinoma	0	-17045	NA	12.92040635	0:DiseaseFree	Infiltrating Ductal Carcinoma	NOT HISPANIC OR LATINO	0.5307	C50.9	NO	8500/3	34	BRCA	12.64783180026281	0:LIVING	97b5f490-1cd9-4833-b903-5f4c6e45670d	c514a893-e085-4a67-b386-b61c3b63a22c	M0	N1	Stage IIB	T2	Infiltrating Ductal Carcinoma	Breast	False	False	TCGA-BRCA	Invasive Breast Carcinoma	released	ASIAN	1	Primary Tumor	1	Female	1.1333333333333333	Alive	2010
brca_tcga_gdc	TCGA-C8-A12V	TCGA-C8-A12V-01	55	6th	Breast	Invasive Breast Carcinoma	Invasive Breast Carcinoma	0	-20346	NA	4.471183877	1:Recurred/Progressed	Infiltrating Ductal Carcinoma	NOT HISPANIC OR LATINO	0.0239	C50.9	NO	8500/3	36	BRCA	12.64783180026281	0:LIVING	7e1673f8-5758-4963-8804-d5e39f06205b	905de5ec-787c-471d-964b-9db587003602	M0	N0	Stage IIA	T2	Infiltrating Ductal Carcinoma	Breast	False	False	TCGA-BRCA	Invasive Breast Carcinoma	released	ASIAN	1	Primary Tumor	1	Female	1.2	Alive	2010
brca_tcga_gdc	TCGA-C8-A12W	TCGA-C8-A12W-01	49	6th	Breast	Invasive Breast Carcinoma	Invasive Breast Carcinoma	7	-18140	NA	12.49301378	0:DiseaseFree	Infiltrating Ductal Carcinoma	NOT HISPANIC OR LATINO	0.3476	C50.9	NO	8500/3	43	BRCA	12.64783180026281	0:LIVING	6adca853-1b09-47ff-814c-47b732a76d96	ded3862e-9e2f-468a-8a40-d90363a2742e	M0	N1	Stage IIIB	T4	Infiltrating Ductal Carcinoma	Breast	False	False	TCGA-BRCA	Invasive Breast Carcinoma	released	ASIAN	1	Primary Tumor	1	Female	1.4333333333333333	Alive	2010
brca_tcga_gdc	TCGA-C8-A12X	TCGA-C8-A12X-01	62	6th	Breast	Invasive Breast Carcinoma	Invasive Breast Carcinoma	0	-22889	NA	12.32863202	0:DiseaseFree	Mucinous Carcinoma	NOT HISPANIC OR LATINO	0.2425	C50.9	NO	8480/3	37	BRCA	12.64783180026281	0:LIVING	65cde5d5-1efc-4e30-b1bd-a93598794f2c	4ab470ca-b87c-448e-b4c6-48db22e39a39	M0	N1	Stage IIB	T2	Mucinous Carcinoma	Breast	False	False	TCGA-BRCA	Invasive Breast Carcinoma	released	ASIAN	1	Primary Tumor	1	Female	1.2333333333333334	Alive	2010
brca_tcga_gdc	TCGA-C8-A12Y	TCGA-C8-A12Y-01	NA	6th	Breast	Invasive Breast Carcinoma	Invasive Breast Carcinoma	0	NA	NA	10.91494888	0:DiseaseFree	Infiltrating Ductal Carcinoma	NOT HISPANIC OR LATINO	0.2431	C50.9	NO	8500/3	29	BRCA	48.48883048620236	0:LIVING	298a1710-deb4-4064-a0f2-da32d43aa217	d9de9f71-2b39-4d21-9c93-8e199080c011	M0	N1	Stage IIB	T2	Infiltrating Ductal Carcinoma	Breast	False	False	TCGA-BRCA	Invasive Breast Carcinoma	released	ASIAN	1	Primary Tumor	1	Female	0.9666666666666667	Alive	2010
brca_tcga_gdc	TCGA-C8-A12Z	TCGA-C8-A12Z-01	45	6th	Breast	Invasive Breast Carcinoma	Invasive Breast Carcinoma	12	-16508	NA	11.34234145	0:DiseaseFree	Infiltrating Ductal Carcinoma	NOT HISPANIC OR LATINO	0.2724	C50.9	NO	8500/3	41	BRCA	12.54927726675427	0:LIVING	42621dfa-abfd-4c7d-8bc5-a02a09d1c2b4	238ffa7f-eecf-4f46-8831-efa0d23fa66c	M0	N1	Stage IIB	T2	Infiltrating Ductal Carcinoma	Breast	False	False	TCGA-BRCA	Invasive Breast Carcinoma	released	ASIAN	1	Primary Tumor	1	Female	1.3666666666666667	Alive	2010
brca_tcga_gdc	TCGA-C8-A130	TCGA-C8-A130-01	52	6th	Breast	Invasive Breast Carcinoma	Invasive Breast Carcinoma	4	-19117	NA	11.27658875	0:DiseaseFree	Infiltrating Ductal Carcinoma	NOT HISPANIC OR LATINO	0.5680	C50.9	NO	8500/3	31	BRCA	12.155059132720105	0:LIVING	8cf54607-01ce-42b0-9bd9-8627edd9f3b7	3bea8456-da16-4691-a260-5c94a83e2860	M0	N2	Stage IIIA	T3	Infiltrating Ductal Carcinoma	Breast	False	False	TCGA-BRCA	Invasive Breast Carcinoma	released	ASIAN	1	Primary Tumor	1	Female	1.0333333333333334	Alive	2010
brca_tcga_gdc	TCGA-C8-A131	TCGA-C8-A131-01	82	6th	Breast	Invasive Breast Carcinoma	Invasive Breast Carcinoma	14	-29966	NA	0.16438176	0:DiseaseFree	Infiltrating Ductal Carcinoma	NOT HISPANIC OR LATINO	0.1903	C50.9	NO	8500/3	48	BRCA	13.501971090670171	0:LIVING	c49e3b18-fd88-48f4-8b01-300692ceb367	8ba927e8-83e7-43d8-ba16-00d45a0f0484	M0	N2	Stage IIIA	T2	Infiltrating Ductal Carcinoma	Breast	False	False	TCGA-BRCA	Invasive Breast Carcinoma	released	ASIAN	1	Primary Tumor	1	Female	1.6	Alive	2010
brca_tcga_gdc	TCGA-C8-A132	TCGA-C8-A132-01	56	6th	Breast	Invasive Breast Carcinoma	Invasive Breast Carcinoma	13	-20471	NA	12.03274485	0:DiseaseFree	Infiltrating Ductal Carcinoma	NOT HISPANIC OR LATINO	0.1692	C50.9	NO	8500/3	52	BRCA	12.582128777923783	0:LIVING	89e867de-d30e-4bfc-a453-0a76309dabd5	5de50617-0a03-45b7-8ffd-bcf3a0680d6b	M0	N1	Stage IIB	T2	Infiltrating Ductal Carcinoma	Breast	False	False	TCGA-BRCA	Invasive Breast Carcinoma	released	ASIAN	1	Primary Tumor	1	Female	1.7333333333333334	Alive	2010
brca_tcga_gdc	TCGA-C8-A133	TCGA-C8-A133-01	65	6th	Breast	Invasive Breast Carcinoma	Invasive Breast Carcinoma	0	-23922	NA	10.4218036	0:DiseaseFree	Other, specify	NOT HISPANIC OR LATINO	0.0054	C50.9	NO	8523/3	23	BRCA	0.0	0:LIVING	b8b6cebc-26dc-43ae-a94a-20da6018f7ae	bc05cd4d-188f-4634-b6e4-c72a3683afed	M0	N1	Stage IIIA	T3	Other, specify	Breast	False	False	TCGA-BRCA	Invasive Breast Carcinoma	released	WHITE	1	Primary Tumor	1	Female	0.7666666666666667	Alive	2010
brca_tcga_gdc	TCGA-C8-A134	TCGA-C8-A134-01	52	6th	Breast	Invasive Breast Carcinoma	Invasive Breast Carcinoma	14	-19010	NA	12.32863202	0:DiseaseFree	Infiltrating Ductal Carcinoma	NOT HISPANIC OR LATINO	0.4413	C50.9	NO	8500/3	76	BRCA	12.582128777923783	0:LIVING	f1692f4b-ce1b-4fc5-ac55-1022ecae0d1e	e20c3a54-2fe7-4e5e-a41c-ad4efeb97f76	M0	N0	Stage IIA	T2	Infiltrating Ductal Carcinoma	Breast	False	False	TCGA-BRCA	Invasive Breast Carcinoma	released	ASIAN	1	Primary Tumor	1	Female	2.533333333333333	Alive	2010
brca_tcga_gdc	TCGA-C8-A135	TCGA-C8-A135-01	64	6th	Breast	Invasive Breast Carcinoma	Invasive Breast Carcinoma	13	-23667	NA	12.9532827	0:DiseaseFree	Infiltrating Ductal Carcinoma	NOT HISPANIC OR LATINO	0.3420	C50.9	NO	8500/3	48	BRCA	12.910643889618921	0:LIVING	33cea538-4c3f-470a-972d-257c43241ab4	ddfbecf6-37e3-4015-bb24-125ccdd60d25	M0	N1	Stage IIB	T2	Infiltrating Ductal Carcinoma	Breast	False	False	TCGA-BRCA	Invasive Breast Carcinoma	released	ASIAN	1	Primary Tumor	1	Female	1.6	Alive	2010
brca_tcga_gdc	TCGA-C8-A137	TCGA-C8-A137-01	34	6th	Breast	Invasive Breast Carcinoma	Invasive Breast Carcinoma	34	-12729	NA	12.32863202	0:DiseaseFree	Infiltrating Ductal Carcinoma	NOT HISPANIC OR LATINO	0.2269	C50.9	NO	8500/3	36	BRCA	12.450722733245728	0:LIVING	03ab1e9f-4918-404d-b178-3a4fd929c5e8	69f11430-f6f2-46bd-ba02-f09cec02e168	M0	N1	Stage IIB	T2	Infiltrating Ductal Carcinoma	Breast	False	False	TCGA-BRCA	Invasive Breast Carcinoma	released	ASIAN	1	Primary Tumor	1	Female	1.2	Alive	2010
brca_tcga_gdc	TCGA-C8-A138	TCGA-C8-A138-01	54	6th	Breast	Invasive Breast Carcinoma	Invasive Breast Carcinoma	7	-20053	NA	20.25183286	0:DiseaseFree	Infiltrating Ductal Carcinoma	NOT HISPANIC OR LATINO	0.3307	C50.9	NO	8500/3	33	BRCA	12.483574244415243	0:LIVING	b6c286c6-2755-419b-87d3-59c7feda9653	f386bdc5-6530-400d-9f82-db2c96449a70	M0	N2	Stage IIIA	T2	Infiltrating Ductal Carcinoma	Breast	False	False	TCGA-BRCA	Invasive Breast Carcinoma	released	ASIAN	1	Primary Tumor	1	Female	1.1	Alive	2010
brca_tcga_gdc	TCGA-C8-A1HE	TCGA-C8-A1HE-01	NA	6th	Breast	Invasive Breast Carcinoma	Invasive Breast Carcinoma	0	NA	NA	12.52589013	0:DiseaseFree	Infiltrating Ductal Carcinoma	NOT HISPANIC OR LATINO	0.1174	C50.9	NO	8500/3	32	BRCA	12.319316688567673	0:LIVING	b26d41cd-393b-4cd4-8925-a9488f7de576	f2eac3ac-cb30-4d6d-a85a-4ea1ad3e7301	M0	N0	Stage IIA	T2	Infiltrating Ductal Carcinoma	Breast	False	False	TCGA-BRCA	Invasive Breast Carcinoma	released	ASIAN	1	Primary Tumor	1	Female	1.0666666666666667	Alive	2010
brca_tcga_gdc	TCGA-C8-A1HF	TCGA-C8-A1HF-01	NA	6th	Breast	Invasive Breast Carcinoma	Invasive Breast Carcinoma	0	NA	NA	12.36150837	0:DiseaseFree	Infiltrating Ductal Carcinoma	NOT HISPANIC OR LATINO	0.2478	C50.9	NO	8500/3	25	BRCA	10.90670170827858	0:LIVING	a2453bcb-90f2-4505-949d-a89cf4bfc9b8	f2a49aa7-b756-4eaa-a6fd-00f56c7e7851	M0	N0	Stage IIA	T2	Infiltrating Ductal Carcinoma	Breast	False	False	TCGA-BRCA	Invasive Breast Carcinoma	released	ASIAN	1	Primary Tumor	1	Female	0.8333333333333334	Alive	2010
brca_tcga_gdc	TCGA-C8-A1HG	TCGA-C8-A1HG-01	NA	6th	Breast	Invasive Breast Carcinoma	Invasive Breast Carcinoma	0	NA	NA	12.9532827	0:DiseaseFree	Infiltrating Ductal Carcinoma	NOT HISPANIC OR LATINO	0.4137	C50.9	NO	8500/3	33	BRCA	11.333771353482259	0:LIVING	0c23c380-363c-474d-b64c-b47f612a8225	bed56886-f4fe-4917-b32a-18b3d3f47c24	M0	N0	Stage IIA	T2	Infiltrating Ductal Carcinoma	Breast	False	False	TCGA-BRCA	Invasive Breast Carcinoma	released	ASIAN	1	Primary Tumor	1	Female	1.1	Alive	2010
brca_tcga_gdc	TCGA-C8-A1HI	TCGA-C8-A1HI-01	NA	6th	Breast	Invasive Breast Carcinoma	Invasive Breast Carcinoma	0	NA	NA	15.45188546	0:DiseaseFree	Infiltrating Ductal Carcinoma	NOT HISPANIC OR LATINO	0.2749	C50.9	NO	8500/3	38	BRCA	11.268068331143231	0:LIVING	444374f8-9282-439c-af00-0f828edcbff3	f0471d79-d107-4809-976e-fe5b231f0e9d	M0	N2	Stage IIIA	T2	Infiltrating Ductal Carcinoma	Breast	False	True	TCGA-BRCA	Invasive Breast Carcinoma	released	ASIAN	1	Primary Tumor	1	Female	1.2666666666666666	Alive	2010
brca_tcga_gdc	TCGA-C8-A1HJ	TCGA-C8-A1HJ-01	53	6th	Breast	Invasive Breast Carcinoma	Invasive Breast Carcinoma	5	-19629	NA	16.8655686	0:DiseaseFree	Infiltrating Ductal Carcinoma	NOT HISPANIC OR LATINO	0.5485	C50.9	NO	8500/3	88	BRCA	0.164257555847569	0:LIVING	a855c228-a263-44df-87a0-cbc32187e3f5	e11024c2-709d-4e47-a9f3-45894a27f2bb	M0	N0	Stage IIA	T2	Infiltrating Ductal Carcinoma	Breast	False	False	TCGA-BRCA	Invasive Breast Carcinoma	released	ASIAN	1	Primary Tumor	1	Female	2.933333333333333	Alive	2010
brca_tcga_gdc	TCGA-C8-A1HK	TCGA-C8-A1HK-01	NA	6th	Breast	Invasive Breast Carcinoma	Invasive Breast Carcinoma	7	NA	NA	16.70118684	0:DiseaseFree	Infiltrating Ductal Carcinoma	NOT HISPANIC OR LATINO	0.5504	C50.9	NO	8500/3	49	BRCA	12.02365308804205	0:LIVING	52c35691-efca-42f5-a03e-02c9f872275c	ca263104-9c70-4b9f-95d1-7a886587eebd	M0	N1	Stage IIB	T2	Infiltrating Ductal Carcinoma	Breast	False	False	TCGA-BRCA	Invasive Breast Carcinoma	released	ASIAN	1	Primary Tumor	1	Female	1.6333333333333333	Alive	2010
brca_tcga_gdc	TCGA-C8-A1HL	TCGA-C8-A1HL-01	NA	6th	Breast	Invasive Breast Carcinoma	Invasive Breast Carcinoma	2	NA	NA	0.032876352	0:DiseaseFree	Other, specify	NOT HISPANIC OR LATINO	0.1858	C50.9	NO	8480/3	21	BRCA	10.413929040735873	0:LIVING	a8a199c9-d781-4e6c-af8c-c85d60c7cd40	fa3f34b7-5f69-41f8-9384-42af0260d7ec	M0	N1	Stage IIIA	T3	Other, specify	Breast	True	False	TCGA-BRCA	Invasive Breast Carcinoma	released	ASIAN	1	Primary Tumor	1	Female	0.7	Alive	2010
brca_tcga_gdc	TCGA-C8-A1HM	TCGA-C8-A1HM-01	74	6th	Breast	Invasive Breast Carcinoma	Invasive Breast Carcinoma	6	-27063	NA	9.764276556	0:DiseaseFree	Infiltrating Ductal Carcinoma	NOT HISPANIC OR LATINO	0.5364	C50.9	NO	8500/3	272	BRCA	12.319316688567673	0:LIVING	8b525ec6-d24b-49d4-bfcb-b354de4dae7c	e3118dbe-9f93-45b0-81d3-2e64f06b7c74	M0	N0	Stage IIA	T2	Infiltrating Ductal Carcinoma	Breast	False	False	TCGA-BRCA	Invasive Breast Carcinoma	released	ASIAN	1	Primary Tumor	1	Female	9.033333333333333	Alive	2010
brca_tcga_gdc	TCGA-C8-A1HN	TCGA-C8-A1HN-01	56	6th	Breast	Invasive Breast Carcinoma	Invasive Breast Carcinoma	2	-20712	NA	24.55863497	0:DiseaseFree	Infiltrating Ductal Carcinoma	NOT HISPANIC OR LATINO	0.4481	C50.9	NO	8500/3	40	BRCA	12.943495400788436	0:LIVING	86a18ae0-dfb1-49c3-b5c4-67ec331d6e40	fc3fe505-f138-426f-87d3-c7ae138be02d	M0	N0	Stage IIA	T2	Infiltrating Ductal Carcinoma	Breast	False	False	TCGA-BRCA	Invasive Breast Carcinoma	released	ASIAN	1	Primary Tumor	1	Female	1.3333333333333333	Alive	2010
brca_tcga_gdc	TCGA-C8-A1HO	TCGA-C8-A1HO-01	34	6th	Breast	Invasive Breast Carcinoma	Invasive Breast Carcinoma	0	-12715	NA	14.43271855	0:DiseaseFree	Infiltrating Ductal Carcinoma	NOT HISPANIC OR LATINO	0.3230	C50.9	NO	8500/3	22	BRCA	12.319316688567673	0:LIVING	b3354b72-2637-4edc-9a95-e55801d3ac13	6e7092aa-e92c-4d9b-8ed1-f8c32f39fe80	M0	N3	Stage IIIC	T3	Infiltrating Ductal Carcinoma	Breast	False	False	TCGA-BRCA	Invasive Breast Carcinoma	released	ASIAN	1	Primary Tumor	1	Female	0.7333333333333333	Alive	2010
brca_tcga_gdc	TCGA-C8-A26V	TCGA-C8-A26V-01	47	6th	Breast	Invasive Breast Carcinoma	Invasive Breast Carcinoma	9	-17468	NA	33.99414801	1:Recurred/Progressed	Infiltrating Ductal Carcinoma	NOT HISPANIC OR LATINO	0.1876	C50.9	NO	8500/3	60	BRCA	20.2365308804205	0:LIVING	89414e79-7f89-42d9-8228-101b5bf2f31f	4a299407-b9dc-4500-b6b1-27a474ab4c4a	M0	N2	Stage IIIA	T3	Infiltrating Ductal Carcinoma	Breast	False	False	TCGA-BRCA	Invasive Breast Carcinoma	released	ASIAN	1	Primary Tumor	1	Female	2.0	Alive	2010
brca_tcga_gdc	TCGA-C8-A26W	TCGA-C8-A26W-01	58	6th	Breast	Invasive Breast Carcinoma	Invasive Breast Carcinoma	7	-21391	NA	12.9532827	0:DiseaseFree	Infiltrating Ductal Carcinoma	NOT HISPANIC OR LATINO	0.3200	C50.9	NO	8500/3	41	BRCA	12.516425755584756	0:LIVING	ff0f875f-113a-4c0f-8c0a-4259cd496e6d	317b72a8-0332-4db8-b9d1-9a26d9907a24	M0	N1	Stage IIB	T2	Infiltrating Ductal Carcinoma	Breast	False	False	TCGA-BRCA	Invasive Breast Carcinoma	released	ASIAN	1	Primary Tumor	1	Female	1.3666666666666667	Alive	2010
brca_tcga_gdc	TCGA-C8-A26X	TCGA-C8-A26X-01	58	6th	Breast	Invasive Breast Carcinoma	Invasive Breast Carcinoma	11	-21463	NA	13.01903541	0:DiseaseFree	Infiltrating Ductal Carcinoma	NOT HISPANIC OR LATINO	0.3300	C50.9	NO	8500/3	57	BRCA	12.352168199737187	0:LIVING	70ab4f23-23c4-409f-a5cc-18a010c3a24e	01aeb34a-75e4-446d-97ae-6e32c47158ad	M0	N1	Stage IIA	T1	Infiltrating Ductal Carcinoma	Breast	False	False	TCGA-BRCA	Invasive Breast Carcinoma	released	ASIAN	1	Primary Tumor	1	Female	1.9	Alive	2010
brca_tcga_gdc	TCGA-C8-A26Y	TCGA-C8-A26Y-01	89	6th	Breast	Invasive Breast Carcinoma	Invasive Breast Carcinoma	0	-32872	NA	12.49301378	0:DiseaseFree	Infiltrating Ductal Carcinoma	NOT HISPANIC OR LATINO	0.5873	C50.9	NO	8500/3	566	BRCA	0.0	0:LIVING	4d51159f-ab2f-40e3-a363-847c3654431e	de71b625-2b73-43a7-9bc0-89d6a13d0d52	M0	N0	Stage IIA	T2	Infiltrating Ductal Carcinoma	Breast	False	False	TCGA-BRCA	Invasive Breast Carcinoma	released	ASIAN	1	Primary Tumor	1	Female	18.833333333333332	Alive	2010
brca_tcga_gdc	TCGA-C8-A26Z	TCGA-C8-A26Z-01	NA	6th	Breast	Invasive Breast Carcinoma	Invasive Breast Carcinoma	4	NA	NA	13.41355163	0:DiseaseFree	Infiltrating Ductal Carcinoma	NOT HISPANIC OR LATINO	0.5279	C50.9	NO	8500/3	36	BRCA	15.440210249671484	0:LIVING	dc11b1c7-1f00-4813-b4b5-ecf776b2eb37	5da663cd-e223-41ec-8b2f-796c141ec677	M0	N0	Stage IIA	T2	Infiltrating Ductal Carcinoma	Breast	False	False	TCGA-BRCA	Invasive Breast Carcinoma	released	ASIAN	1	Primary Tumor	1	Female	1.2	Alive	2010
brca_tcga_gdc	TCGA-C8-A273	TCGA-C8-A273-01	NA	6th	Breast	Invasive Breast Carcinoma	Invasive Breast Carcinoma	6	NA	NA	19.46280041	0:DiseaseFree	Infiltrating Ductal Carcinoma	NOT HISPANIC OR LATINO	0.2275	C50.9	NO	8500/3	14	BRCA	16.852825229960576	0:LIVING	5a5f0f48-2b13-4e78-b130-901b85d9a7f3	4bdb6c69-67b3-406b-9ac6-9cca2c15f52f	M0	N1	Stage IIB	T2	Infiltrating Ductal Carcinoma	Breast	False	False	TCGA-BRCA	Invasive Breast Carcinoma	released	ASIAN	1	Primary Tumor	1	Female	0.4666666666666667	Alive	2010
brca_tcga_gdc	TCGA-C8-A274	TCGA-C8-A274-01	63	6th	Breast	Invasive Breast Carcinoma	Invasive Breast Carcinoma	1	-23337	NA	56.81033633	0:DiseaseFree	Infiltrating Ductal Carcinoma	NOT HISPANIC OR LATINO	0.4194	C50.9	NO	8500/3	153	BRCA	16.68856767411301	0:LIVING	dbcad60f-86c7-41e3-b0ae-baa39c9f83dd	7a3cd962-7512-4797-864a-cf374b5cb385	M0	N0	Stage IIA	T2	Infiltrating Ductal Carcinoma	Breast	False	False	TCGA-BRCA	Invasive Breast Carcinoma	released	ASIAN	1	Primary Tumor	1	Female	5.1	Alive	2010
brca_tcga_gdc	TCGA-C8-A275	TCGA-C8-A275-01	56	6th	Breast	Invasive Breast Carcinoma	Invasive Breast Carcinoma	1	-20774	NA	20.87648355	0:DiseaseFree	Infiltrating Ductal Carcinoma	NOT HISPANIC OR LATINO	0.2231	C50.9	NO	8500/3	93	BRCA	0.0328515111695138	0:LIVING	ce887e90-0660-4f44-a3a4-b3b894cb7eda	17f2ecdd-59bb-4251-a1b3-2e0a461ea070	M0	N1	Stage IIA	T1	Infiltrating Ductal Carcinoma	Breast	False	False	TCGA-BRCA	Invasive Breast Carcinoma	released	ASIAN	1	Primary Tumor	1	Female	3.1	Alive	2010
brca_tcga_gdc	TCGA-C8-A278	TCGA-C8-A278-01	61	6th	Breast	Invasive Breast Carcinoma	Invasive Breast Carcinoma	9	-22598	NA	13.24916987	0:DiseaseFree	Infiltrating Ductal Carcinoma	NOT HISPANIC OR LATINO	0.1955	C50.9	NO	8500/3	30	BRCA	9.756898817345597	0:LIVING	65077db7-dd59-4362-9d28-d5a9154e9be0	112649f5-133d-4c45-a66f-4fe9a70bd5b7	M0	N2	Stage IIIA	T2	Infiltrating Ductal Carcinoma	Breast	False	False	TCGA-BRCA	Invasive Breast Carcinoma	released	ASIAN	1	Primary Tumor	1	Female	1.0	Alive	2010
brca_tcga_gdc	TCGA-C8-A27A	TCGA-C8-A27A-01	48	6th	Breast	Invasive Breast Carcinoma	Invasive Breast Carcinoma	371	-17779	NA	20.58059638	0:DiseaseFree	Infiltrating Ductal Carcinoma	NOT HISPANIC OR LATINO	0.3962	C50.9	NO	8500/3	18	BRCA	24.540078843626805	0:LIVING	3b1f7e48-216d-47de-ba79-db350f52bff0	b692cb10-ff2f-456b-a2c0-706b608d4e7e	M0	N1	Stage IIB	T2	Infiltrating Ductal Carcinoma	Breast	False	False	TCGA-BRCA	Invasive Breast Carcinoma	released	ASIAN	1	Primary Tumor	1	Female	0.6	Alive	2010
brca_tcga_gdc	TCGA-C8-A27B	TCGA-C8-A27B-01	48	6th	Breast	Invasive Breast Carcinoma	Invasive Breast Carcinoma	30	-17763	NA	13.97244962	0:DiseaseFree	Infiltrating Ductal Carcinoma	NOT HISPANIC OR LATINO	0.7151	C50.9	NO	8500/3	126	BRCA	14.421813403416557	0:LIVING	f0d8a1fe-e313-44f1-99cc-b965cbeeff0e	67d804d7-b6a5-4a70-92cd-f93195d928a4	M0	N0	Stage IIB	T3	Infiltrating Ductal Carcinoma	Breast	False	False	TCGA-BRCA	Invasive Breast Carcinoma	released	ASIAN	1	Primary Tumor	1	Female	4.166666666666667	Alive	2011
brca_tcga_gdc	TCGA-C8-A3M7	TCGA-C8-A3M7-01	60	7th	Breast	Invasive Breast Carcinoma	Invasive Breast Carcinoma	1	-22096	1034	14.16970773	0:DiseaseFree	Infiltrating Lobular Carcinoma	NOT HISPANIC OR LATINO	0.1818	C50.9	NO	8520/3	NA	BRCA	33.96846254927726	1:DECEASED	959ff069-8a49-4c9b-85c2-5291cac0acff	668220ce-7e03-4ccf-99f9-99127ddf9806	M0	N0	Stage IIIB	T4b	Infiltrating Lobular Carcinoma	Breast	False	False	TCGA-BRCA	Invasive Breast Carcinoma	released	ASIAN	1	Primary Tumor	1	Female	NA	Dead	2010
brca_tcga_gdc	TCGA-C8-A3M8	TCGA-C8-A3M8-01	68	7th	Breast	Invasive Breast Carcinoma	Invasive Breast Carcinoma	7	-24877	NA	13.47930434	0:DiseaseFree	Infiltrating Lobular Carcinoma	NOT HISPANIC OR LATINO	0.2592	C50.9	NO	8520/3	NA	BRCA	12.943495400788436	0:LIVING	c1e704d6-a33b-4891-90bd-992b0040c075	122305ed-ca1e-431f-a332-0ac3409cded2	M0	N0	Stage IA	T1c	Infiltrating Lobular Carcinoma	Breast	False	False	TCGA-BRCA	Invasive Breast Carcinoma	released	ASIAN	1	Primary Tumor	1	Female	NA	Alive	2011
brca_tcga_gdc	TCGA-C8-A8HP	TCGA-C8-A8HP-01	59	7th	Breast	Invasive Breast Carcinoma	Invasive Breast Carcinoma	8	-21613	NA	19.19978959	0:DiseaseFree	Metaplastic Carcinoma	NOT HISPANIC OR LATINO	0.0433	C50.9	NO	8575/3	114	BRCA	13.009198423127463	0:LIVING	8db69f1d-72e2-40ba-ad8a-cf228499840d	8a384d0c-be3c-4a35-8b57-2c48de743ebe	M0	N2	Stage IIIA	T2	Metaplastic Carcinoma	Breast	False	False	TCGA-BRCA	Invasive Breast Carcinoma	released	ASIAN	1	Primary Tumor	1	Female	3.8	Alive	2013
brca_tcga_gdc	TCGA-C8-A8HQ	TCGA-C8-A8HQ-01	53	7th	Breast	Invasive Breast Carcinoma	Invasive Breast Carcinoma	9	-19432	NA	14.16970773	0:DiseaseFree	Mucinous Carcinoma	NOT HISPANIC OR LATINO	0.2292	C50.9	NO	8480/3	190	BRCA	12.483574244415243	0:LIVING	6951fe6a-d7d1-4f41-85af-76655b5d1f62	e24e7c7e-1cd5-4c45-b50c-a731f894cdbe	M0	N1	Stage IIB	T2	Mucinous Carcinoma	Breast	False	False	TCGA-BRCA	Invasive Breast Carcinoma	released	ASIAN	1	Primary Tumor	1	Female	6.333333333333333	Alive	2013
brca_tcga_gdc	TCGA-C8-A8HR	TCGA-C8-A8HR-01	49	7th	Breast	Invasive Breast Carcinoma	Invasive Breast Carcinoma	10	-17921	NA	17.49021929	0:DiseaseFree	Infiltrating Lobular Carcinoma	NOT HISPANIC OR LATINO	0.0218	C50.9	NO	8520/3	29	BRCA	13.403416557161629	0:LIVING	dcb68327-1537-4ca6-81de-3910d0663cb8	88bfa581-96c7-4d12-b76a-630f44087833	M0	N2	Stage IIIA	T3	Infiltrating Lobular Carcinoma	Breast	False	False	TCGA-BRCA	Invasive Breast Carcinoma	released	ASIAN	1	Primary Tumor	1	Female	0.9666666666666667	Alive	2013
brca_tcga_gdc	TCGA-C8-A9FZ	TCGA-C8-A9FZ-01	49	7th	Breast	Invasive Breast Carcinoma	Invasive Breast Carcinoma	7	-18038	NA	14.16970773	1:Recurred/Progressed	Mixed Histology (please specify)	NOT HISPANIC OR LATINO	0.6115	C50.9	NO	8524/3	16	BRCA	19.44809461235217	0:LIVING	726c6892-0dce-4869-a7a7-cc44c26fe843	0e20bd04-fdc5-4dbf-b132-5e4562e59413	M0	N1	Stage IIB	T2	Mixed Histology (please specify)	Breast	False	False	TCGA-BRCA	Invasive Breast Carcinoma	released	WHITE	1	Primary Tumor	1	Female	0.5333333333333333	Alive	2013
brca_tcga_gdc	TCGA-D8-A13Y	TCGA-D8-A13Y-01	52	NA	Breast	Invasive Breast Carcinoma	Invasive Breast Carcinoma	264	-19028	NA	55.49528224	0:DiseaseFree	Infiltrating Ductal Carcinoma	NOT HISPANIC OR LATINO	0.9339	C50.9	NO	8500/3	59	BRCA	56.76741130091984	0:LIVING	17f275c1-a0d4-487d-8f02-ea279584b4cd	0dcfd67b-64b2-4333-af18-a2638dd82952	M0	N0	Stage IA	T1c	Infiltrating Ductal Carcinoma	Breast	False	False	TCGA-BRCA	Invasive Breast Carcinoma	released	WHITE	1	Primary Tumor	1	Female	1.9666666666666666	Alive	2010
brca_tcga_gdc	TCGA-D8-A13Z	TCGA-D8-A13Z-01	51	7th	Breast	Invasive Breast Carcinoma	Invasive Breast Carcinoma	210	-18942	NA	15.78064898	0:DiseaseFree	Infiltrating Ductal Carcinoma	NOT HISPANIC OR LATINO	0.5507	C50.9	NO	8500/3	74	BRCA	20.86070959264126	0:LIVING	5a17dcd9-5ced-4a69-8069-23c7fd0649d1	8caec376-1f90-4802-947f-b893c370f219	M0	N2a	NA	T2	Infiltrating Ductal Carcinoma	Breast	False	False	TCGA-BRCA	Invasive Breast Carcinoma	released	WHITE	1	Primary Tumor	1	Female	2.466666666666667	Alive	2010
brca_tcga_gdc	TCGA-D8-A140	TCGA-D8-A140-01	62	7th	Breast	Invasive Breast Carcinoma	Invasive Breast Carcinoma	27	-22900	NA	18.14774633	0:DiseaseFree	Infiltrating Ductal Carcinoma	NOT HISPANIC OR LATINO	0.2333	C50.9	NO	8500/3	84	BRCA	13.23915900131406	0:LIVING	2585edbd-3488-4100-a4ab-a161252a31ee	660954c6-51ed-4b74-8eb0-65c282da3971	M0	N1a	Stage IIB	T2	Infiltrating Ductal Carcinoma	Breast	False	False	TCGA-BRCA	Invasive Breast Carcinoma	released	WHITE	1	Primary Tumor	1	Female	2.8	Alive	2010
brca_tcga_gdc	TCGA-D8-A141	TCGA-D8-A141-01	40	7th	Breast	Invasive Breast Carcinoma	Invasive Breast Carcinoma	113	-14626	NA	18.90390242	0:DiseaseFree	Infiltrating Ductal Carcinoma	NOT HISPANIC OR LATINO	0.0516	C50.9	NO	8500/3	15	BRCA	20.565045992115635	0:LIVING	42f6f503-4cf6-4a8e-b5fe-b44bccf6b38b	be0c070b-a114-4bae-9409-33f216bbfd4f	M0	N1	NA	T1c	Infiltrating Ductal Carcinoma	Breast	False	False	TCGA-BRCA	Invasive Breast Carcinoma	released	WHITE	1	Primary Tumor	1	Female	0.5	Alive	2010
brca_tcga_gdc	TCGA-D8-A142	TCGA-D8-A142-01	74	7th	Breast	Invasive Breast Carcinoma	Invasive Breast Carcinoma	61	-27313	NA	12.03274485	0:DiseaseFree	Infiltrating Ductal Carcinoma	NOT HISPANIC OR LATINO	0.5419	C50.9	NO	8500/3	92	BRCA	13.961892247043364	0:LIVING	ccb22ecc-6e18-44b8-ad48-6ab51314b16e	530315de-d048-40f6-b0cc-3c7fb9875e46	M0	N0	Stage IIB	T3	Infiltrating Ductal Carcinoma	Breast	False	False	TCGA-BRCA	Invasive Breast Carcinoma	released	WHITE	1	Primary Tumor	1	Female	3.066666666666667	Alive	2010
brca_tcga_gdc	TCGA-D8-A143	TCGA-D8-A143-01	51	7th	Breast	Invasive Breast Carcinoma	Invasive Breast Carcinoma	172	-18984	NA	52.99667949	0:DiseaseFree	Infiltrating Ductal Carcinoma	NOT HISPANIC OR LATINO	0.5027	C50.9	NO	8500/3	42	BRCA	14.159001314060447	0:LIVING	1c40b84e-a0e3-429f-a48c-21566cf881c0	1bab00ca-778e-48ac-ac59-ce2b99d84403	M0	N0	Stage IIA	T2	Infiltrating Ductal Carcinoma	Breast	False	False	TCGA-BRCA	Invasive Breast Carcinoma	released	WHITE	1	Primary Tumor	1	Female	1.4	Alive	2010
brca_tcga_gdc	TCGA-D8-A145	TCGA-D8-A145-01	80	7th	Breast	Invasive Breast Carcinoma	Invasive Breast Carcinoma	49	-29280	NA	14.00532597	0:DiseaseFree	Infiltrating Ductal Carcinoma	NOT HISPANIC OR LATINO	0.0862	C50.9	NO	8500/3	35	BRCA	13.469119579500656	0:LIVING	4958c36f-1dc7-4f14-9dec-36e14107dbe3	429d3dc6-452e-48fc-9dce-e418317a77d3	M0	N1a	Stage IIA	T1c	Infiltrating Ductal Carcinoma	Breast	False	False	TCGA-BRCA	Invasive Breast Carcinoma	released	WHITE	1	Primary Tumor	1	Female	1.1666666666666667	Alive	2010
brca_tcga_gdc	TCGA-D8-A146	TCGA-D8-A146-01	57	7th	Breast	Invasive Breast Carcinoma	Invasive Breast Carcinoma	344	-20861	NA	NA	NA	Infiltrating Ductal Carcinoma	NOT HISPANIC OR LATINO	0.1929	C50.9	NO	8500/3	29	BRCA	21.12352168199737	0:LIVING	03da7a65-fa2f-42cb-a709-5fe8736f21d3	e8232960-f69e-4491-9cf0-ed7bdcf20031	MX	N0	Stage IIA	T2	Infiltrating Ductal Carcinoma	Breast	True	True	TCGA-BRCA	Invasive Breast Carcinoma	released	WHITE	1	Primary Tumor	1	Female	0.9666666666666667	Alive	2010
brca_tcga_gdc	TCGA-D8-A147	TCGA-D8-A147-01	45	7th	Breast	Invasive Breast Carcinoma	Invasive Breast Carcinoma	2	-16736	NA	20.0874511	0:DiseaseFree	Infiltrating Ductal Carcinoma	NOT HISPANIC OR LATINO	0.5378	C50.9	NO	8500/3	133	BRCA	19.185282522996058	0:LIVING	fc18d029-9be2-4fa0-9aef-6d647dc55f0b	f984e167-e005-438d-ac04-d4825043b128	M0	N0	NA	T2	Infiltrating Ductal Carcinoma	Breast	False	False	TCGA-BRCA	Invasive Breast Carcinoma	released	WHITE	1	Primary Tumor	1	Female	4.433333333333334	Alive	2010
brca_tcga_gdc	TCGA-D8-A1J8	TCGA-D8-A1J8-01	77	7th	Breast	Invasive Breast Carcinoma	Invasive Breast Carcinoma	256	-28444	NA	20.12032745	0:DiseaseFree	Infiltrating Ductal Carcinoma	NOT HISPANIC OR LATINO	0.8515	C50.9	NO	8500/3	616	BRCA	14.159001314060447	0:LIVING	62d70067-ff77-4f95-8b69-f537abaf74ce	781d285c-5b2a-4d42-b35e-3840d954070b	M0	N1a	Stage IIB	T2	Infiltrating Ductal Carcinoma	Breast	False	False	TCGA-BRCA	Invasive Breast Carcinoma	released	WHITE	1	Primary Tumor	1	Female	20.533333333333335	Alive	2010
brca_tcga_gdc	TCGA-D8-A1J9	TCGA-D8-A1J9-01	48	7th	Breast	Invasive Breast Carcinoma	Invasive Breast Carcinoma	248	-17879	NA	20.0874511	0:DiseaseFree	Infiltrating Ductal Carcinoma	NOT HISPANIC OR LATINO	0.3534	C50.9	NO	8500/3	147	BRCA	17.47700394218134	0:LIVING	d5e9a403-88ce-40fc-bb85-80cf3f8ff6bc	ed00a16b-6b8e-44e4-998a-ae4dcca5a93c	M0	N0	Stage IA	T1c	Infiltrating Ductal Carcinoma	Breast	False	False	TCGA-BRCA	Invasive Breast Carcinoma	released	WHITE	1	Primary Tumor	1	Female	4.9	Alive	2010
brca_tcga_gdc	TCGA-D8-A1JA	TCGA-D8-A1JA-01	60	7th	Breast	Invasive Breast Carcinoma	Invasive Breast Carcinoma	18	-21918	NA	19.3970477	0:DiseaseFree	Infiltrating Ductal Carcinoma	NOT HISPANIC OR LATINO	0.2587	C50.9	NO	8500/3	702	BRCA	16.491458607095925	0:LIVING	9ced0c70-c46c-4f98-8f48-840defe4b8b1	4584c7e2-8011-4231-a5e6-26a264f6d1b1	M0	NX	NA	T4b	Infiltrating Ductal Carcinoma	Breast	False	False	TCGA-BRCA	Invasive Breast Carcinoma	released	WHITE	1	Primary Tumor	1	Female	23.333333333333332	Alive	2010
brca_tcga_gdc	TCGA-D8-A1JB	TCGA-D8-A1JB-01	54	7th	Breast	Invasive Breast Carcinoma	Invasive Breast Carcinoma	365	-19822	NA	20.38333827	0:DiseaseFree	Infiltrating Ductal Carcinoma	NOT HISPANIC OR LATINO	0.0708	C50.9	NO	8500/3	30	BRCA	55.45335085413929	0:LIVING	dd96a9c7-899c-47cd-a0f9-b149ed07a5d6	940d64bd-8c96-476f-84f9-678d1ed3500f	M0	N1a	Stage IIB	T2	Infiltrating Ductal Carcinoma	Breast	False	False	TCGA-BRCA	Invasive Breast Carcinoma	released	WHITE	1	Primary Tumor	1	Female	1.0	Alive	2010
brca_tcga_gdc	TCGA-D8-A1JC	TCGA-D8-A1JC-01	59	7th	Breast	Invasive Breast Carcinoma	Invasive Breast Carcinoma	178	-21898	NA	21.00798895	0:DiseaseFree	Infiltrating Ductal Carcinoma	NOT HISPANIC OR LATINO	0.3731	C50.9	NO	8500/3	75	BRCA	15.768725361366622	0:LIVING	02e6f999-24f2-4ad2-9b92-df3ee2b082e5	3182e60d-be44-4f03-ba0c-431e0c1f1d5e	M0	N2a	Stage IIIA	T2	Infiltrating Ductal Carcinoma	Breast	False	False	TCGA-BRCA	Invasive Breast Carcinoma	released	WHITE	1	Primary Tumor	1	Female	2.5	Alive	2010
brca_tcga_gdc	TCGA-D8-A1JD	TCGA-D8-A1JD-01	41	7th	Breast	Invasive Breast Carcinoma	Invasive Breast Carcinoma	273	-15166	NA	12.19712661	0:DiseaseFree	Infiltrating Ductal Carcinoma	NOT HISPANIC OR LATINO	0.5102	C50.9	NO	8500/3	79	BRCA	18.134034165571617	0:LIVING	530ad151-703d-4638-851f-0b5111ff318b	50111388-1058-413a-ac2a-3fd4f84091aa	M0	N1a	Stage IIB	T2	Infiltrating Ductal Carcinoma	Breast	False	False	TCGA-BRCA	Invasive Breast Carcinoma	released	WHITE	1	Primary Tumor	1	Female	2.6333333333333333	Alive	2010
brca_tcga_gdc	TCGA-D8-A1JE	TCGA-D8-A1JE-01	62	7th	Breast	Invasive Breast Carcinoma	Invasive Breast Carcinoma	57	-22683	NA	13.31492258	0:DiseaseFree	Infiltrating Ductal Carcinoma	NOT HISPANIC OR LATINO	0.6241	C50.9	NO	8500/3	27	BRCA	18.889618922470433	0:LIVING	115bc72c-116f-40c1-be9b-e3dd7650efae	0d7511fd-b57f-4bba-abc2-38b24ba4a15a	M0	N1a	Stage IIA	T1c	Infiltrating Ductal Carcinoma	Breast	False	False	TCGA-BRCA	Invasive Breast Carcinoma	released	WHITE	1	Primary Tumor	1	Female	0.9	Alive	2010
brca_tcga_gdc	TCGA-D8-A1JF	TCGA-D8-A1JF-01	79	7th	Breast	Invasive Breast Carcinoma	Invasive Breast Carcinoma	96	-29199	NA	14.69572936	0:DiseaseFree	Infiltrating Ductal Carcinoma	NOT HISPANIC OR LATINO	0.4218	C50.9	NO	8500/3	38	BRCA	12.02365308804205	0:LIVING	dcd5e079-813a-4c1a-b320-0931468d2bbc	f642ec37-b771-4b55-a133-a54f3b54ac99	M0	N2a	Stage IIIA	T1c	Infiltrating Ductal Carcinoma	Breast	False	False	TCGA-BRCA	Invasive Breast Carcinoma	released	WHITE	1	Primary Tumor	1	Female	1.2333333333333334	Alive	2010
brca_tcga_gdc	TCGA-D8-A1JG	TCGA-D8-A1JG-01	62	7th	Breast	Invasive Breast Carcinoma	Invasive Breast Carcinoma	187	-22878	NA	18.5751389	0:DiseaseFree	Infiltrating Ductal Carcinoma	NOT HISPANIC OR LATINO	0.2840	C50.9	NO	8500/3	103	BRCA	52.95663600525624	0:LIVING	7f2a63e6-64d5-4be1-9814-e8416fc9e688	9bd5963e-d8f4-4eed-b32b-2eedb00db268	M0	N0	Stage IIA	T2	Infiltrating Ductal Carcinoma	Breast	False	False	TCGA-BRCA	Invasive Breast Carcinoma	released	WHITE	1	Primary Tumor	1	Female	3.4	Alive	2010
brca_tcga_gdc	TCGA-D8-A1JH	TCGA-D8-A1JH-01	56	7th	Breast	Invasive Breast Carcinoma	Invasive Breast Carcinoma	284	-20497	NA	17.78610645	0:DiseaseFree	Infiltrating Ductal Carcinoma	NOT HISPANIC OR LATINO	0.0003	C50.9	NO	8500/3	17	BRCA	13.994743758212877	0:LIVING	4d1bf9e6-5837-4aed-b568-92f014ed5a4b	8d84c9f4-6f19-42a6-9f55-8b4ccafc6117	M0	N0	Stage IA	T1c	Infiltrating Ductal Carcinoma	Breast	False	False	TCGA-BRCA	Invasive Breast Carcinoma	released	WHITE	1	Primary Tumor	1	Female	0.5666666666666667	Alive	2010
brca_tcga_gdc	TCGA-D8-A1JI	TCGA-D8-A1JI-01	54	7th	Breast	Invasive Breast Carcinoma	Invasive Breast Carcinoma	21	-20072	NA	16.73406319	0:DiseaseFree	Infiltrating Ductal Carcinoma	NOT HISPANIC OR LATINO	0.4880	C50.9	NO	8500/3	24	BRCA	18.95532194480946	0:LIVING	baf2afc8-f16c-488f-947c-efc9083c6bef	5a4c0145-86eb-40ae-9983-adb13652a9a2	MX	N1a	Stage IIA	T1c	Infiltrating Ductal Carcinoma	Breast	False	False	TCGA-BRCA	Invasive Breast Carcinoma	released	WHITE	1	Primary Tumor	1	Female	0.8	Alive	2010
brca_tcga_gdc	TCGA-D8-A1JJ	TCGA-D8-A1JJ-01	54	7th	Breast	Invasive Breast Carcinoma	Invasive Breast Carcinoma	274	-19966	NA	25.74218365	0:DiseaseFree	Infiltrating Ductal Carcinoma	NOT HISPANIC OR LATINO	0.4193	C50.9	NO	8500/3	53	BRCA	20.07227332457293	0:LIVING	f7ab565c-83b5-4988-b9be-8a46f65dca8c	ae28fd1e-2445-47ad-8c01-1b47d6396694	M0	N0	Stage IIA	T2	Infiltrating Ductal Carcinoma	Breast	False	False	TCGA-BRCA	Invasive Breast Carcinoma	released	WHITE	1	Primary Tumor	1	Female	1.7666666666666666	Alive	2010
brca_tcga_gdc	TCGA-D8-A1JK	TCGA-D8-A1JK-01	89	7th	Breast	Invasive Breast Carcinoma	Invasive Breast Carcinoma	0	-32872	NA	NA	NA	Infiltrating Ductal Carcinoma	NOT HISPANIC OR LATINO	0.5193	C50.9	NO	8500/3	168	BRCA	0.0	0:LIVING	56203436-8634-4fd0-96b5-ba6be9d87857	eae4c66c-03a5-4663-a484-a01612602409	M0	N0	Stage IIA	T2	Infiltrating Ductal Carcinoma	Breast	False	False	TCGA-BRCA	Invasive Breast Carcinoma	released	WHITE	1	Primary Tumor	1	Female	5.6	Alive	2010
brca_tcga_gdc	TCGA-D8-A1JL	TCGA-D8-A1JL-01	72	7th	Breast	Invasive Breast Carcinoma	Invasive Breast Carcinoma	265	-26484	NA	27.58325936	0:DiseaseFree	Infiltrating Ductal Carcinoma	NOT HISPANIC OR LATINO	0.3281	C50.9	NO	8500/3	83	BRCA	20.07227332457293	0:LIVING	aa4244a8-0454-4247-a1c3-357fd51746fa	b32287fb-5ff5-4f5f-a9dc-0c0d514351b4	M0	N0	Stage IIA	T2	Infiltrating Ductal Carcinoma	Breast	False	False	TCGA-BRCA	Invasive Breast Carcinoma	released	WHITE	1	Primary Tumor	1	Female	2.7666666666666666	Alive	2010
brca_tcga_gdc	TCGA-D8-A1JM	TCGA-D8-A1JM-01	59	7th	Breast	Invasive Breast Carcinoma	Invasive Breast Carcinoma	238	-21602	NA	18.14774633	0:DiseaseFree	Infiltrating Ductal Carcinoma	NOT HISPANIC OR LATINO	0.7476	C50.9	NO	8500/3	28	BRCA	19.38239159001314	0:LIVING	3e775c99-ceda-4246-8d6f-0f58ca5097c8	c6ba5d28-97b4-4f07-b91c-997b286dff03	M0	N1a	Stage IIB	T2	Infiltrating Ductal Carcinoma	Breast	False	False	TCGA-BRCA	Invasive Breast Carcinoma	released	WHITE	1	Primary Tumor	1	Female	0.9333333333333333	Alive	2010
brca_tcga_gdc	TCGA-D8-A1JN	TCGA-D8-A1JN-01	80	7th	Breast	Invasive Breast Carcinoma	Invasive Breast Carcinoma	217	-29331	NA	NA	NA	Infiltrating Lobular Carcinoma	NOT HISPANIC OR LATINO	0.1288	C50.9	NO	8520/3	116	BRCA	20.367936925098554	0:LIVING	28911b97-42bf-4189-9961-522fc0aeebc6	80265a56-75ca-479d-b92b-4fdaeb18ed17	MX	N3a	Stage IIIC	T3	Infiltrating Lobular Carcinoma	Breast	False	False	TCGA-BRCA	Invasive Breast Carcinoma	released	WHITE	1	Primary Tumor	1	Female	3.8666666666666667	Alive	2010
brca_tcga_gdc	TCGA-D8-A1JP	TCGA-D8-A1JP-01	73	7th	Breast	Invasive Breast Carcinoma	Invasive Breast Carcinoma	167	-26862	NA	17.16145577	0:DiseaseFree	Infiltrating Ductal Carcinoma	NOT HISPANIC OR LATINO	0.4394	C50.9	NO	8500/3	94	BRCA	20.992115637319316	0:LIVING	752f4773-5a12-4485-a1f6-896e148ddf4d	bdc13064-e554-4a1e-9037-03187bcb3507	M0	N0	Stage IA	T1c	Infiltrating Ductal Carcinoma	Breast	False	False	TCGA-BRCA	Invasive Breast Carcinoma	released	WHITE	1	Primary Tumor	1	Female	3.1	Alive	2010
brca_tcga_gdc	TCGA-D8-A1JS	TCGA-D8-A1JS-01	77	7th	Breast	Invasive Breast Carcinoma	Invasive Breast Carcinoma	105	-28178	NA	NA	NA	Other, specify	NOT HISPANIC OR LATINO	0.0630	C50.9	NO	8503/3	16	BRCA	12.187910643889618	0:LIVING	0d03055c-186b-418a-b614-e2035757bc3b	aa5103b4-c25d-4ca4-847b-a1ece4c14aff	M0	N0	Stage IA	T1c	Other, specify	Breast	False	False	TCGA-BRCA	Invasive Breast Carcinoma	released	WHITE	1	Primary Tumor	1	Female	0.5333333333333333	Alive	2010
brca_tcga_gdc	TCGA-D8-A1JT	TCGA-D8-A1JT-01	70	7th	Breast	Invasive Breast Carcinoma	Invasive Breast Carcinoma	123	-25677	NA	14.72860571	0:DiseaseFree	Other, specify	NOT HISPANIC OR LATINO	0.4129	C50.9	NO	8523/3	24	BRCA	13.304862023653088	0:LIVING	cd781589-3820-45a2-906b-8d60cd02f3ef	f5678056-2dc2-4f1c-87e9-4fba6c78b460	M0	N0	Stage IIA	T2	Other, specify	Breast	False	False	TCGA-BRCA	Invasive Breast Carcinoma	released	WHITE	1	Primary Tumor	1	Female	0.8	Alive	2010
brca_tcga_gdc	TCGA-D8-A1JU	TCGA-D8-A1JU-01	51	7th	Breast	Invasive Breast Carcinoma	Invasive Breast Carcinoma	106	-18733	NA	21.82989776	0:DiseaseFree	Infiltrating Ductal Carcinoma	NOT HISPANIC OR LATINO	0.1035	C50.9	NO	8500/3	11	BRCA	14.684625492772668	0:LIVING	af2a8e2f-2ae1-48bc-bba5-0e2c077c4e48	a56aa062-cc7f-4ceb-96d6-2a6c251fc9b5	M0	N0	Stage IA	T1c	Infiltrating Ductal Carcinoma	Breast	False	False	TCGA-BRCA	Invasive Breast Carcinoma	released	WHITE	1	Primary Tumor	1	Female	0.36666666666666664	Alive	2010
brca_tcga_gdc	TCGA-D8-A1X5	TCGA-D8-A1X5-01	81	7th	Breast	Invasive Breast Carcinoma	Invasive Breast Carcinoma	171	-29734	NA	14.49847125	0:DiseaseFree	Infiltrating Ductal Carcinoma	NOT HISPANIC OR LATINO	0.6345	C50.9	NO	8500/3	37	BRCA	18.561103810775293	0:LIVING	eb93df3d-9e25-4e4c-9a5d-350f296e5acf	ae5c9a58-e3ae-420f-8f72-1e4ffdd3df24	MX	N3a	Stage IIIC	T2	Infiltrating Ductal Carcinoma	Breast	False	False	TCGA-BRCA	Invasive Breast Carcinoma	released	WHITE	1	Primary Tumor	1	Female	1.2333333333333334	Alive	2010
brca_tcga_gdc	TCGA-D8-A1X6	TCGA-D8-A1X6-01	80	7th	Breast	Invasive Breast Carcinoma	Invasive Breast Carcinoma	236	-29256	NA	19.92306934	0:DiseaseFree	Infiltrating Ductal Carcinoma	NOT HISPANIC OR LATINO	0.3606	C50.9	NO	8500/3	30	BRCA	17.772667542706962	0:LIVING	42e47f3a-dff7-41e4-8f84-146d97e8ab72	63963cdd-909a-47d8-bae5-965aa9d1cb99	MX	N2a	Stage IIIA	T3	Infiltrating Ductal Carcinoma	Breast	False	False	TCGA-BRCA	Invasive Breast Carcinoma	released	WHITE	1	Primary Tumor	1	Female	1.0	Alive	2010
brca_tcga_gdc	TCGA-D8-A1X7	TCGA-D8-A1X7-01	40	7th	Breast	Invasive Breast Carcinoma	Invasive Breast Carcinoma	85	-14858	NA	17.6874774	0:DiseaseFree	Other, specify	NOT HISPANIC OR LATINO	0.0864	C50.9	NO	8503/3	17	BRCA	16.72141918528252	0:LIVING	cdab777e-62de-4d51-92af-b6eb089c111f	70d8df1b-251c-4b3d-9de8-c20facd4cad8	MX	N0	Stage IIA	T2	Other, specify	Breast	False	False	TCGA-BRCA	Invasive Breast Carcinoma	released	WHITE	1	Primary Tumor	1	Female	0.5666666666666667	Alive	2010
brca_tcga_gdc	TCGA-D8-A1X8	TCGA-D8-A1X8-01	62	7th	Breast	Invasive Breast Carcinoma	Invasive Breast Carcinoma	272	-22995	NA	55.29802413	0:DiseaseFree	Infiltrating Lobular Carcinoma	NOT HISPANIC OR LATINO	0.1204	C50.9	NO	8520/3	22	BRCA	25.7227332457293	0:LIVING	8624354c-af25-423c-9c71-48a5dd821097	b4402906-2bfa-4b75-b479-4e660556fbe5	M0	N2a	Stage IIIA	T1c	Infiltrating Lobular Carcinoma	Breast	False	False	TCGA-BRCA	Invasive Breast Carcinoma	released	WHITE	1	Primary Tumor	1	Female	0.7333333333333333	Alive	2010
brca_tcga_gdc	TCGA-D8-A1X9	TCGA-D8-A1X9-01	66	7th	Breast	Invasive Breast Carcinoma	Invasive Breast Carcinoma	380	-24417	NA	16.40529967	0:DiseaseFree	Infiltrating Ductal Carcinoma	NOT HISPANIC OR LATINO	0.2815	C50.9	NO	8500/3	76	BRCA	23.88304862023653	0:LIVING	34a74805-300c-4773-ab59-2085fcc2e6cc	eee3738e-89d5-41be-8f9d-564e46b4e065	M0	N1a	Stage IIB	T2	Infiltrating Ductal Carcinoma	Breast	False	False	TCGA-BRCA	Invasive Breast Carcinoma	released	WHITE	1	Primary Tumor	1	Female	2.533333333333333	Alive	2010
brca_tcga_gdc	TCGA-D8-A1XA	TCGA-D8-A1XA-01	64	7th	Breast	Invasive Breast Carcinoma	Invasive Breast Carcinoma	274	-23387	NA	15.84640168	0:DiseaseFree	Infiltrating Ductal Carcinoma	NOT HISPANIC OR LATINO	0.8219	C50.9	NO	8500/3	20	BRCA	27.562417871222074	0:LIVING	739cb132-51e9-41be-8064-311a13da0d74	4068463b-8568-4bdb-8db0-19390ec0c7f8	M0	N0	Stage IA	T1c	Infiltrating Ductal Carcinoma	Breast	False	False	TCGA-BRCA	Invasive Breast Carcinoma	released	WHITE	1	Primary Tumor	1	Female	0.6666666666666666	Alive	2010
brca_tcga_gdc	TCGA-D8-A1XB	TCGA-D8-A1XB-01	62	7th	Breast	Invasive Breast Carcinoma	Invasive Breast Carcinoma	201	-22976	NA	16.30667061	0:DiseaseFree	Infiltrating Ductal Carcinoma	NOT HISPANIC OR LATINO	0.2167	C50.9	NO	8500/3	27	BRCA	18.134034165571617	0:LIVING	d2694b09-7844-4496-865c-5d3d8cd03330	5faa442d-a995-48aa-a52c-a7efe6f56cab	M0	N1a	Stage IIB	T2	Infiltrating Ductal Carcinoma	Breast	False	False	TCGA-BRCA	Invasive Breast Carcinoma	released	WHITE	1	Primary Tumor	1	Female	0.9	Alive	2010
brca_tcga_gdc	TCGA-D8-A1XC	TCGA-D8-A1XC-01	85	7th	Breast	Invasive Breast Carcinoma	Invasive Breast Carcinoma	81	-31220	377	16.63543413	0:DiseaseFree	Mucinous Carcinoma	NOT HISPANIC OR LATINO	0.0528	C50.9	NO	8480/3	26	BRCA	12.3850197109067	1:DECEASED	ee14e049-b891-4dda-a730-8ce99bd93baf	7fb4bff6-4385-4503-9016-f9b620af3f8c	M0	N1a	Stage IIIB	T4b	Mucinous Carcinoma	Breast	False	False	TCGA-BRCA	Invasive Breast Carcinoma	released	WHITE	1	Primary Tumor	1	Female	0.8666666666666667	Dead	2010
brca_tcga_gdc	TCGA-D8-A1XD	TCGA-D8-A1XD-01	36	7th	Breast	Invasive Breast Carcinoma	Invasive Breast Carcinoma	155	-13510	NA	12.98615906	0:DiseaseFree	Infiltrating Ductal Carcinoma	NOT HISPANIC OR LATINO	0.1483	C50.9	NO	8500/3	NA	BRCA	17.1484888304862	0:LIVING	c4699748-f01d-4b30-9c74-1ca77fb84ac1	bc220c5a-7255-40be-9c68-2997f0b0d319	M0	N2a	Stage IIIA	T1c	Infiltrating Ductal Carcinoma	Breast	False	False	TCGA-BRCA	Invasive Breast Carcinoma	released	WHITE	1	Primary Tumor	1	Female	NA	Alive	2010
brca_tcga_gdc	TCGA-D8-A1XF	TCGA-D8-A1XF-01	45	7th	Breast	Invasive Breast Carcinoma	Invasive Breast Carcinoma	97	-16787	NA	15.15599829	0:DiseaseFree	Infiltrating Ductal Carcinoma	NOT HISPANIC OR LATINO	0.6670	C50.9	NO	8500/3	31	BRCA	15.210249671484888	0:LIVING	6f6afd31-b5dd-48ab-b18f-6390ba18a5f0	3b675bbd-b18e-4b72-b3c3-30527a9c157a	M0	N0	Stage IIA	T2	Infiltrating Ductal Carcinoma	Breast	False	False	TCGA-BRCA	Invasive Breast Carcinoma	released	WHITE	1	Primary Tumor	1	Female	1.0333333333333334	Alive	2010
brca_tcga_gdc	TCGA-D8-A1XG	TCGA-D8-A1XG-01	86	7th	Breast	Invasive Breast Carcinoma	Invasive Breast Carcinoma	75	-31748	NA	43.03514482	0:DiseaseFree	Infiltrating Ductal Carcinoma	NOT HISPANIC OR LATINO	0.1538	C50.9	NO	8500/3	15	BRCA	14.71747700394218	0:LIVING	de531604-bd1a-49df-96c2-6de3ae703f1d	be145e7b-25ee-409a-8c9c-5e17c9b6c5aa	M0	N1a	Stage IIIB	T4b	Infiltrating Ductal Carcinoma	Breast	False	False	TCGA-BRCA	Invasive Breast Carcinoma	released	WHITE	1	Primary Tumor	1	Female	0.5	Alive	2010
brca_tcga_gdc	TCGA-D8-A1XJ	TCGA-D8-A1XJ-01	76	7th	Breast	Invasive Breast Carcinoma	Invasive Breast Carcinoma	352	-27967	NA	NA	NA	Other, specify	NOT HISPANIC OR LATINO	0.3659	C50.9	NO	8523/3	65	BRCA	21.81340341655716	0:LIVING	cc510968-fe52-4109-a79f-74f216b48c78	989450c7-cf32-4ed9-a74e-259a9be428ac	MX	N1a	Stage IIIA	T3	Other, specify	Breast	False	False	TCGA-BRCA	Invasive Breast Carcinoma	released	WHITE	1	Primary Tumor	1	Female	2.1666666666666665	Alive	2010
brca_tcga_gdc	TCGA-D8-A1XK	TCGA-D8-A1XK-01	55	7th	Breast	Invasive Breast Carcinoma	Invasive Breast Carcinoma	326	-20092	NA	15.32038005	0:DiseaseFree	Infiltrating Ductal Carcinoma	NOT HISPANIC OR LATINO	0.6370	C50.9	NO	8500/3	888	BRCA	14.487516425755585	0:LIVING	97943d87-fed7-4f14-a0a7-c5bfee64c392	41af42ec-7521-4783-916e-2c982eef0f98	MX	N1a	Stage IIB	T2	Infiltrating Ductal Carcinoma	Breast	False	False	TCGA-BRCA	Invasive Breast Carcinoma	released	WHITE	1	Primary Tumor	1	Female	29.6	Alive	2010
brca_tcga_gdc	TCGA-D8-A1XL	TCGA-D8-A1XL-01	34	7th	Breast	Invasive Breast Carcinoma	Invasive Breast Carcinoma	319	-12668	NA	NA	NA	Infiltrating Ductal Carcinoma	NOT HISPANIC OR LATINO	0.5859	C50.9	NO	8500/3	83	BRCA	19.90801576872536	0:LIVING	2b19a6b4-7a17-4452-b4aa-6fc18adc0c3c	e5053de2-2a3b-4559-a166-35df5386d644	MX	N1a	Stage IIB	T2	Infiltrating Ductal Carcinoma	Breast	False	False	TCGA-BRCA	Invasive Breast Carcinoma	released	WHITE	1	Primary Tumor	1	Female	2.7666666666666666	Alive	2010
brca_tcga_gdc	TCGA-D8-A1XM	TCGA-D8-A1XM-01	57	7th	Breast	Invasive Breast Carcinoma	Invasive Breast Carcinoma	218	-21056	NA	NA	NA	Infiltrating Ductal Carcinoma	NOT HISPANIC OR LATINO	0.1685	C50.9	NO	8500/3	42	BRCA	17.67411300919842	0:LIVING	92529232-8504-4541-b7e2-4df8f497c413	086eac10-6ea8-4cc4-a6e5-91f051e50c54	M0	N0	Stage IA	T1c	Infiltrating Ductal Carcinoma	Breast	False	False	TCGA-BRCA	Invasive Breast Carcinoma	released	WHITE	1	Primary Tumor	1	Female	1.4	Alive	2010
brca_tcga_gdc	TCGA-D8-A1XO	TCGA-D8-A1XO-01	56	7th	Breast	Invasive Breast Carcinoma	Invasive Breast Carcinoma	242	-20606	NA	14.23546043	0:DiseaseFree	Infiltrating Lobular Carcinoma	NOT HISPANIC OR LATINO	0.2248	C50.9	NO	8520/3	12	BRCA	55.25624178712221	0:LIVING	6a186809-3422-41d0-83d2-867145830936	633ef184-2257-4cbd-90e8-64e92d91abb2	M0	N1a	Stage IIB	T2	Infiltrating Lobular Carcinoma	Breast	False	False	TCGA-BRCA	Invasive Breast Carcinoma	released	WHITE	1	Primary Tumor	1	Female	0.4	Alive	2010
brca_tcga_gdc	TCGA-D8-A1XQ	TCGA-D8-A1XQ-01	69	7th	Breast	Invasive Breast Carcinoma	Invasive Breast Carcinoma	177	-25345	NA	14.13683138	0:DiseaseFree	Infiltrating Ductal Carcinoma	NOT HISPANIC OR LATINO	0.4074	C50.9	NO	8500/3	742	BRCA	16.392904073587385	0:LIVING	3886b4fb-ba22-4a50-b11a-a6893951f170	93324982-7cfa-477c-88a0-b6eef61f6ca2	M0	N0	Stage IIA	T2	Infiltrating Ductal Carcinoma	Breast	False	False	TCGA-BRCA	Invasive Breast Carcinoma	released	WHITE	1	Primary Tumor	1	Female	24.7	Alive	2010
brca_tcga_gdc	TCGA-D8-A1XR	TCGA-D8-A1XR-01	56	7th	Breast	Invasive Breast Carcinoma	Invasive Breast Carcinoma	168	-20488	NA	17.42446658	0:DiseaseFree	Infiltrating Ductal Carcinoma	NOT HISPANIC OR LATINO	0.2175	C50.9	NO	8500/3	21	BRCA	15.83442838370565	0:LIVING	70f34c5c-3671-44c8-9469-99f9786efec1	a582257d-4bf7-416b-a465-29a3220bc8c3	M0	N1a	Stage IIB	T2	Infiltrating Ductal Carcinoma	Breast	False	False	TCGA-BRCA	Invasive Breast Carcinoma	released	WHITE	1	Primary Tumor	1	Female	0.7	Alive	2010
brca_tcga_gdc	TCGA-D8-A1XS	TCGA-D8-A1XS-01	48	7th	Breast	Invasive Breast Carcinoma	Invasive Breast Carcinoma	50	-17708	NA	16.0436598	0:DiseaseFree	Other, specify	NOT HISPANIC OR LATINO	0.2282	C50.9	NO	8507/3	15	BRCA	16.294349540078844	0:LIVING	1026e0bf-5640-4fa5-b65f-4f11e8e76b18	ef5821f3-677a-4bd3-9d99-d9cdd533cdb5	M0	N3a	Stage IIIC	T2	Other, specify	Breast	False	False	TCGA-BRCA	Invasive Breast Carcinoma	released	WHITE	1	Primary Tumor	1	Male	0.5	Alive	2010
brca_tcga_gdc	TCGA-D8-A1XT	TCGA-D8-A1XT-01	61	7th	Breast	Invasive Breast Carcinoma	Invasive Breast Carcinoma	193	-22448	NA	13.44642798	0:DiseaseFree	Infiltrating Ductal Carcinoma	NOT HISPANIC OR LATINO	0.3972	C50.9	NO	8500/3	28	BRCA	16.62286465177398	0:LIVING	64975923-d032-4182-8565-59fc37127d8d	b58f47b2-c3ce-49a2-9bd2-f4c2cbda734c	M0	N1a	Stage IIA	T1c	Infiltrating Ductal Carcinoma	Breast	False	False	TCGA-BRCA	Invasive Breast Carcinoma	released	WHITE	1	Primary Tumor	1	Female	0.9333333333333333	Alive	2010
brca_tcga_gdc	TCGA-D8-A1XU	TCGA-D8-A1XU-01	56	7th	Breast	Invasive Breast Carcinoma	Invasive Breast Carcinoma	150	-20715	NA	13.05191176	0:DiseaseFree	Infiltrating Ductal Carcinoma	NOT HISPANIC OR LATINO	0.9426	C50.9	NO	8500/3	18	BRCA	12.976346911957949	0:LIVING	332148f5-f070-4c20-8eb1-4d8c0673aa52	4fbe5e67-d18a-48d5-bd88-19a2f4c01c8d	M0	N0	Stage IA	T1c	Infiltrating Ductal Carcinoma	Breast	False	False	TCGA-BRCA	Invasive Breast Carcinoma	released	WHITE	1	Primary Tumor	1	Female	0.6	Alive	2010
brca_tcga_gdc	TCGA-D8-A1XV	TCGA-D8-A1XV-01	84	7th	Breast	Invasive Breast Carcinoma	Invasive Breast Carcinoma	147	-30830	NA	14.43271855	0:DiseaseFree	Mucinous Carcinoma	NOT HISPANIC OR LATINO	0.0445	C50.9	NO	8480/3	21	BRCA	15.14454664914586	0:LIVING	87b85935-a058-44ad-8fb6-8511130eaffe	a9d130f4-84e6-4f3c-982f-69971b5b7a46	M0	N0	Stage IIA	T2	Mucinous Carcinoma	Breast	False	False	TCGA-BRCA	Invasive Breast Carcinoma	released	WHITE	1	Primary Tumor	1	Female	0.7	Alive	2010
brca_tcga_gdc	TCGA-D8-A1XW	TCGA-D8-A1XW-01	53	7th	Breast	Invasive Breast Carcinoma	Invasive Breast Carcinoma	118	-19478	NA	48.03235033	0:DiseaseFree	Infiltrating Ductal Carcinoma	NOT HISPANIC OR LATINO	0.3760	C50.9	NO	8500/3	75	BRCA	43.00262812089356	0:LIVING	887b9e5b-99db-44ac-9c30-c0dc6877b41c	48c16c0d-085f-4266-b729-13bfd7aa9dab	M0	N0	Stage IIA	T2	Infiltrating Ductal Carcinoma	Breast	False	False	TCGA-BRCA	Invasive Breast Carcinoma	released	WHITE	1	Primary Tumor	1	Female	2.466666666666667	Alive	2011
brca_tcga_gdc	TCGA-D8-A1XY	TCGA-D8-A1XY-01	74	7th	Breast	Invasive Breast Carcinoma	Invasive Breast Carcinoma	81	-27106	NA	16.40529967	0:DiseaseFree	Infiltrating Ductal Carcinoma	NOT HISPANIC OR LATINO	0.3172	C50.9	NO	8500/3	33	BRCA	16.52431011826544	0:LIVING	0130d616-885e-4a6c-9d03-2f17dd692a05	c216cce6-3e13-466e-942d-348f9f803ab2	MX	N0	Stage IIA	T2	Infiltrating Ductal Carcinoma	Breast	False	False	TCGA-BRCA	Invasive Breast Carcinoma	released	WHITE	1	Primary Tumor	1	Female	1.1	Alive	2010
brca_tcga_gdc	TCGA-D8-A1XZ	TCGA-D8-A1XZ-01	81	7th	Breast	Invasive Breast Carcinoma	Invasive Breast Carcinoma	121	-29916	NA	13.47930434	0:DiseaseFree	Infiltrating Ductal Carcinoma	NOT HISPANIC OR LATINO	0.3849	C50.9	NO	8500/3	64	BRCA	15.308804204993429	0:LIVING	2c90d5e3-ac8c-4c86-a06f-42ccc064eb49	eadfbcf9-0058-4021-8dde-7296d441e42f	MX	N2a	Stage IIIA	T1c	Infiltrating Ductal Carcinoma	Breast	False	False	TCGA-BRCA	Invasive Breast Carcinoma	released	WHITE	1	Primary Tumor	1	Female	2.1333333333333333	Alive	2010
brca_tcga_gdc	TCGA-D8-A1Y0	TCGA-D8-A1Y0-01	65	7th	Breast	Invasive Breast Carcinoma	Invasive Breast Carcinoma	167	-24083	NA	17.06282671	0:DiseaseFree	Infiltrating Ductal Carcinoma	NOT HISPANIC OR LATINO	0.3861	C50.9	NO	8500/3	49	BRCA	15.505913272010512	0:LIVING	ced2c048-b047-43ff-b0e7-cd7ad480850c	92f1452b-54af-408f-98a8-cd76191f472b	MX	N2a	Stage IIIA	T1c	Infiltrating Ductal Carcinoma	Breast	False	False	TCGA-BRCA	Invasive Breast Carcinoma	released	WHITE	1	Primary Tumor	1	Female	1.6333333333333333	Alive	2010
brca_tcga_gdc	TCGA-D8-A1Y1	TCGA-D8-A1Y1-01	80	7th	Breast	Invasive Breast Carcinoma	Invasive Breast Carcinoma	116	-29474	302	1.61094125	0:DiseaseFree	Infiltrating Ductal Carcinoma	NOT HISPANIC OR LATINO	0.5333	C50.9	NO	8500/3	183	BRCA	9.921156373193167	1:DECEASED	38a631a1-6875-4216-a335-ee93c90a86d6	4c7ed667-0015-48e5-a262-cabd54a35244	MX	N1a	Stage IIIA	T3	Infiltrating Ductal Carcinoma	Breast	False	False	TCGA-BRCA	Invasive Breast Carcinoma	released	WHITE	1	Primary Tumor	1	Female	6.1	Dead	2010
brca_tcga_gdc	TCGA-D8-A1Y2	TCGA-D8-A1Y2-01	71	7th	Breast	Invasive Breast Carcinoma	Invasive Breast Carcinoma	73	-26021	NA	10.09304008	0:DiseaseFree	Infiltrating Ductal Carcinoma	NOT HISPANIC OR LATINO	0.3296	C50.9	NO	8500/3	12	BRCA	14.224704336399475	0:LIVING	c7d7a770-23c0-4310-ab48-1f6152dc2849	4c6bdfb2-3438-4216-b76d-d87c386bfa96	MX	N0	Stage IIA	T2	Infiltrating Ductal Carcinoma	Breast	False	False	TCGA-BRCA	Invasive Breast Carcinoma	released	WHITE	1	Primary Tumor	1	Female	0.4	Alive	2011
brca_tcga_gdc	TCGA-D8-A1Y3	TCGA-D8-A1Y3-01	61	7th	Breast	Invasive Breast Carcinoma	Invasive Breast Carcinoma	125	-22317	NA	13.08478811	0:DiseaseFree	Infiltrating Ductal Carcinoma	NOT HISPANIC OR LATINO	0.6132	C50.9	NO	8500/3	37	BRCA	14.126149802890932	0:LIVING	632984bd-dc81-42b6-b024-476cfd0bb2ae	9ae58006-9650-4494-991a-6ee217331740	MX	N2a	Stage IIIA	T2	Infiltrating Ductal Carcinoma	Breast	False	False	TCGA-BRCA	Invasive Breast Carcinoma	released	WHITE	1	Primary Tumor	1	Female	1.2333333333333334	Alive	2011
brca_tcga_gdc	TCGA-D8-A27E	TCGA-D8-A27E-01	66	7th	Breast	Invasive Breast Carcinoma	Invasive Breast Carcinoma	182	-24315	NA	12.52589013	0:DiseaseFree	Other, specify	NOT HISPANIC OR LATINO	0.0001	C50.9	NO	8523/3	11	BRCA	17.41130091984231	0:LIVING	680f23a9-fcce-493e-b908-27c1ad202e4c	0190a751-0a1f-4911-b5dd-26964b7fa5a5	M0	N0	Stage IA	T1c	Other, specify	Breast	False	False	TCGA-BRCA	Invasive Breast Carcinoma	released	WHITE	1	Primary Tumor	1	Female	0.36666666666666664	Alive	2010
brca_tcga_gdc	TCGA-D8-A27F	TCGA-D8-A27F-01	40	7th	Breast	Invasive Breast Carcinoma	Invasive Breast Carcinoma	106	-14731	NA	12.26287931	0:DiseaseFree	Infiltrating Ductal Carcinoma	NOT HISPANIC OR LATINO	0.7463	C50.9	NO	8500/3	51	BRCA	16.031537450722734	0:LIVING	1549dc64-3dab-43fc-96e9-b07d520957e1	7e9145f7-ccff-4132-b2b7-9b992eebebf4	M0	N0	Stage IIA	T2	Infiltrating Ductal Carcinoma	Breast	False	False	TCGA-BRCA	Invasive Breast Carcinoma	released	WHITE	1	Primary Tumor	1	Female	1.7	Alive	2010
brca_tcga_gdc	TCGA-D8-A27G	TCGA-D8-A27G-01	75	7th	Breast	Invasive Breast Carcinoma	Invasive Breast Carcinoma	210	-27521	NA	33.36949732	0:DiseaseFree	Infiltrating Lobular Carcinoma	NOT HISPANIC OR LATINO	0.1118	C50.9	NO	8520/3	696	BRCA	13.436268068331144	0:LIVING	6f6e7356-3521-4674-8eec-ad01340d4b8e	e11babda-c07c-4406-85ed-0b1d45985017	M0	N0	Stage IIA	T2	Infiltrating Lobular Carcinoma	Breast	False	False	TCGA-BRCA	Invasive Breast Carcinoma	released	WHITE	1	Primary Tumor	1	Female	23.133333333333333	Alive	2010
brca_tcga_gdc	TCGA-D8-A27H	TCGA-D8-A27H-01	72	7th	Breast	Invasive Breast Carcinoma	Invasive Breast Carcinoma	19	-26588	NA	18.5093862	0:DiseaseFree	Infiltrating Ductal Carcinoma	NOT HISPANIC OR LATINO	0.4913	C50.9	NO	8500/3	112	BRCA	13.042049934296976	0:LIVING	0dca98b0-f43e-45b6-9a02-00092c78678c	b7542984-1410-45e6-b936-8333ff902eb4	M0	N0	Stage IIA	T2	Infiltrating Ductal Carcinoma	Breast	False	False	TCGA-BRCA	Invasive Breast Carcinoma	released	WHITE	1	Primary Tumor	1	Female	3.7333333333333334	Alive	2011
brca_tcga_gdc	TCGA-D8-A27I	TCGA-D8-A27I-01	58	7th	Breast	Invasive Breast Carcinoma	Invasive Breast Carcinoma	186	-21327	NA	21.66551599	0:DiseaseFree	Infiltrating Lobular Carcinoma	NOT HISPANIC OR LATINO	0.0771	C50.9	NO	8520/3	23	BRCA	14.421813403416557	0:LIVING	9c55032f-4db7-4026-ae83-8d060dd8e3fe	be694dea-a16a-4841-9588-89bba1b37dc6	M0	N2a	Stage IIIA	T1c	Infiltrating Lobular Carcinoma	Breast	False	False	TCGA-BRCA	Invasive Breast Carcinoma	released	WHITE	1	Primary Tumor	1	Female	0.7666666666666667	Alive	2010
brca_tcga_gdc	TCGA-D8-A27K	TCGA-D8-A27K-01	47	7th	Breast	Invasive Breast Carcinoma	Invasive Breast Carcinoma	119	-17426	NA	16.1751652	0:DiseaseFree	Infiltrating Ductal Carcinoma	NOT HISPANIC OR LATINO	0.1187	C50.9	NO	8500/3	17	BRCA	47.99605781865966	0:LIVING	7f97971b-2818-4e4b-9c9e-7c0246f9484c	9e163b4c-d624-4c71-9d68-8f002aee6fec	M0	N1a	Stage IIB	T2	Infiltrating Ductal Carcinoma	Breast	False	False	TCGA-BRCA	Invasive Breast Carcinoma	released	WHITE	1	Primary Tumor	1	Female	0.5666666666666667	Alive	2011
brca_tcga_gdc	TCGA-D8-A27L	TCGA-D8-A27L-01	49	7th	Breast	Invasive Breast Carcinoma	Invasive Breast Carcinoma	126	-18025	NA	0.690403393	1:Recurred/Progressed	Infiltrating Ductal Carcinoma	NOT HISPANIC OR LATINO	0.1114	C50.9	NO	8500/3	35	BRCA	16.392904073587385	0:LIVING	6020d1b4-ee20-4cc9-82a3-340b5e3122f1	29ba933a-c5f0-4637-b741-ee9739f02cd2	M0	N2a	Stage IIIA	T1c	Infiltrating Ductal Carcinoma	Breast	False	False	TCGA-BRCA	Invasive Breast Carcinoma	released	WHITE	1	Primary Tumor	1	Female	1.1666666666666667	Alive	2011
brca_tcga_gdc	TCGA-D8-A27M	TCGA-D8-A27M-01	59	7th	Breast	Invasive Breast Carcinoma	Invasive Breast Carcinoma	145	-21910	NA	25.21616202	0:DiseaseFree	Infiltrating Ductal Carcinoma	NOT HISPANIC OR LATINO	0.2885	C50.9	NO	8500/3	49	BRCA	13.469119579500656	0:LIVING	ae65baeb-6b78-492a-8c63-bb7e93e83dc2	d4371446-8326-4e35-9e86-d8a48393efae	M0	N0	Stage IA	T1c	Infiltrating Ductal Carcinoma	Breast	False	False	TCGA-BRCA	Invasive Breast Carcinoma	released	WHITE	1	Primary Tumor	1	Female	1.6333333333333333	Alive	2011
brca_tcga_gdc	TCGA-D8-A27N	TCGA-D8-A27N-01	36	7th	Breast	Invasive Breast Carcinoma	Invasive Breast Carcinoma	146	-13243	NA	43.00226847	0:DiseaseFree	Infiltrating Ductal Carcinoma	NOT HISPANIC OR LATINO	0.2570	C50.9	NO	8500/3	36	BRCA	17.04993429697766	0:LIVING	d5be2ab3-f748-480d-954b-385cf01b4c81	4f69c5f3-4e8c-4b71-a5fe-3179412c17e6	M0	N2a	Stage IIIA	T2	Infiltrating Ductal Carcinoma	Breast	False	False	TCGA-BRCA	Invasive Breast Carcinoma	released	WHITE	1	Primary Tumor	1	Female	1.2	Alive	2011
brca_tcga_gdc	TCGA-D8-A27P	TCGA-D8-A27P-01	64	7th	Breast	Invasive Breast Carcinoma	Invasive Breast Carcinoma	23	-23576	NA	34.42154059	0:DiseaseFree	Infiltrating Ductal Carcinoma	NOT HISPANIC OR LATINO	0.0487	C50.9	NO	8500/3	17	BRCA	1.609724047306176	0:LIVING	c54d5507-bba5-4a1e-8885-3c3b1eed13c1	6fe6d586-3b5d-4cd4-acb8-5691936441b9	M0	N0	Stage IA	T1c	Infiltrating Ductal Carcinoma	Breast	False	False	TCGA-BRCA	Invasive Breast Carcinoma	released	WHITE	1	Primary Tumor	1	Female	0.5666666666666667	Alive	2011
brca_tcga_gdc	TCGA-D8-A27R	TCGA-D8-A27R-01	41	7th	Breast	Invasive Breast Carcinoma	Invasive Breast Carcinoma	29	-15122	NA	27.51750666	0:DiseaseFree	Infiltrating Ductal Carcinoma	NOT HISPANIC OR LATINO	0.3784	C50.9	NO	8500/3	23	BRCA	10.085413929040735	0:LIVING	0b23b5fe-6c7e-4297-bc55-f93fcb830ac4	b10e80e2-6ded-42f8-beab-b436e0286be1	M0	N3a	Stage IIIC	T2	Infiltrating Ductal Carcinoma	Breast	False	False	TCGA-BRCA	Invasive Breast Carcinoma	released	WHITE	1	Primary Tumor	1	Female	0.7666666666666667	Alive	2011
brca_tcga_gdc	TCGA-D8-A27T	TCGA-D8-A27T-01	53	7th	Breast	Invasive Breast Carcinoma	Invasive Breast Carcinoma	136	-19591	NA	46.58579084	0:DiseaseFree	Infiltrating Lobular Carcinoma	NOT HISPANIC OR LATINO	0.1866	C50.9	NO	8520/3	17	BRCA	13.074901445466491	0:LIVING	27c1c094-690b-4973-8900-a797ad88f98c	0f6ed829-a59b-48b7-a2ca-3aa9db40e4c2	M0	N3a	Stage IIIC	T2	Infiltrating Lobular Carcinoma	Breast	False	False	TCGA-BRCA	Invasive Breast Carcinoma	released	WHITE	1	Primary Tumor	1	Female	0.5666666666666667	Alive	2011
brca_tcga_gdc	TCGA-D8-A27V	TCGA-D8-A27V-01	62	7th	Breast	Invasive Breast Carcinoma	Invasive Breast Carcinoma	73	-22958	NA	2.465726403	1:Recurred/Progressed	Infiltrating Lobular Carcinoma	NOT HISPANIC OR LATINO	0.3723	C50.9	NO	8520/3	289	BRCA	12.516425755584756	0:LIVING	ad6d26ab-6568-40db-bfb0-394d40e801cf	d32e480b-d1ee-4bae-af15-8b5b94c1cc8a	M0	N0	Stage IIA	T2	Infiltrating Lobular Carcinoma	Breast	False	False	TCGA-BRCA	Invasive Breast Carcinoma	released	WHITE	1	Primary Tumor	1	Female	9.6	Alive	2011
brca_tcga_gdc	TCGA-D8-A27W	TCGA-D8-A27W-01	55	7th	Breast	Invasive Breast Carcinoma	Invasive Breast Carcinoma	15	-20173	NA	NA	NA	Mucinous Carcinoma	NOT HISPANIC OR LATINO	0.4156	C50.9	NO	8480/3	29	BRCA	12.253613666228645	0:LIVING	bfa3dbc0-361c-400e-8c10-0aca7049fce9	e1c492c0-cf81-445d-8aa2-a8e8068ead1d	M0	N0	Stage IIIB	T4b	Mucinous Carcinoma	Breast	False	False	TCGA-BRCA	Invasive Breast Carcinoma	released	WHITE	1	Primary Tumor	1	Female	0.9666666666666667	Alive	2011
brca_tcga_gdc	TCGA-D8-A3Z5	TCGA-D8-A3Z5-01	54	7th	Breast	Invasive Breast Carcinoma	Invasive Breast Carcinoma	441	-19846	NA	40.10914949	0:DiseaseFree	Infiltrating Lobular Carcinoma	NOT HISPANIC OR LATINO	0.1276	C50.9	NO	8520/3	NA	BRCA	33.3442838370565	0:LIVING	77e25ae8-82ec-4dea-8e62-1176f27e47ba	ba0b6f0b-4e90-40b5-a47b-44ed4eb5dde2	M0	N3a	Stage IIIC	T2	Infiltrating Lobular Carcinoma	Breast	False	False	TCGA-BRCA	Invasive Breast Carcinoma	released	WHITE	1	Primary Tumor	1	Female	NA	Alive	2011
brca_tcga_gdc	TCGA-D8-A3Z6	TCGA-D8-A3Z6-01	56	7th	Breast	Invasive Breast Carcinoma	Invasive Breast Carcinoma	185	-20629	NA	28.43804452	0:DiseaseFree	Infiltrating Lobular Carcinoma	NOT HISPANIC OR LATINO	0.2609	C50.9	NO	8520/3	22	BRCA	18.495400788436267	0:LIVING	a6e5f869-1182-4f81-b4bb-cf55261c8f3f	287b037a-c32a-49f0-bed6-7674d2e26574	M0	N3a	Stage IIIC	T3	Infiltrating Lobular Carcinoma	Breast	False	False	TCGA-BRCA	Invasive Breast Carcinoma	released	WHITE	1	Primary Tumor	1	Female	0.7333333333333333	Alive	2011
brca_tcga_gdc	TCGA-D8-A4Z1	TCGA-D8-A4Z1-01	68	7th	Breast	Invasive Breast Carcinoma	Invasive Breast Carcinoma	223	-25097	NA	28.86543709	0:DiseaseFree	Infiltrating Lobular Carcinoma	NOT HISPANIC OR LATINO	0.0128	C50.9	NO	8520/3	38	BRCA	21.64914586070959	0:LIVING	80419545-4e5d-4baf-8948-f84589b5ef3e	d36bac7b-872b-44a8-8c7f-8cb850b49603	M0	N0	Stage IA	T1c	Infiltrating Lobular Carcinoma	Breast	False	False	TCGA-BRCA	Invasive Breast Carcinoma	released	WHITE	1	Primary Tumor	1	Female	1.2666666666666666	Alive	2012
brca_tcga_gdc	TCGA-D8-A73U	TCGA-D8-A73U-01	88	7th	Breast	Invasive Breast Carcinoma	Invasive Breast Carcinoma	492	-32208	NA	47.14468883	0:DiseaseFree	Infiltrating Lobular Carcinoma	NOT HISPANIC OR LATINO	0.0537	C50.9	NO	8520/3	104	BRCA	16.16294349540079	0:LIVING	96f02be7-f2df-483c-8968-a5bd2d887206	32915a08-0985-4232-bb08-a4b0850cb11c	M0	N0	Stage IIA	T2	Infiltrating Lobular Carcinoma	Breast	False	False	TCGA-BRCA	Invasive Breast Carcinoma	released	WHITE	1	Primary Tumor	1	Female	3.466666666666667	Alive	2012
brca_tcga_gdc	TCGA-D8-A73W	TCGA-D8-A73W-01	79	7th	Breast	Invasive Breast Carcinoma	Invasive Breast Carcinoma	244	-29125	385	44.67896242	0:DiseaseFree	Mucinous Carcinoma	NOT HISPANIC OR LATINO	0.1368	C50.9	NO	8480/3	35	BRCA	12.64783180026281	1:DECEASED	ea8dbc7a-54c6-469c-865e-f49d00b0223d	a6c10459-25fb-486d-a027-d17f1941b5ae	MX	N1a	Stage IIIA	T3	Mucinous Carcinoma	Breast	False	False	TCGA-BRCA	Invasive Breast Carcinoma	released	WHITE	1	Primary Tumor	1	Female	1.1666666666666667	Dead	2013
brca_tcga_gdc	TCGA-D8-A73X	TCGA-D8-A73X-01	53	7th	Breast	Invasive Breast Carcinoma	Invasive Breast Carcinoma	368	-19607	NA	40.96393464	0:DiseaseFree	Other, specify	NOT HISPANIC OR LATINO	0.0998	C50.9	NO	8211/3	29	BRCA	25.19710906701708	0:LIVING	1be375fe-5ae5-4e75-a729-69f86a661d9a	d189e6c5-830e-4624-9df4-cef3301d0fbc	M0	N0	Stage IIA	T2	Other, specify	Breast	False	False	TCGA-BRCA	Invasive Breast Carcinoma	released	WHITE	1	Primary Tumor	1	Female	0.9666666666666667	Alive	2013
brca_tcga_gdc	TCGA-E2-A105	TCGA-E2-A105-01	79	6th	Breast	Invasive Breast Carcinoma	Invasive Breast Carcinoma	1163	-28855	NA	38.23519742	0:DiseaseFree	Infiltrating Ductal Carcinoma	NOT HISPANIC OR LATINO	0.1342	C50.9	NO	8500/3	NA	BRCA	42.96977660972404	0:LIVING	b0bcb829-cee0-4247-bb75-093a5bea89ee	daf94b80-d57a-4525-be1d-6ca0f83204e3	M0	N0 (i-)	Stage IIA	T2	Infiltrating Ductal Carcinoma	Breast	False	False	TCGA-BRCA	Invasive Breast Carcinoma	released	WHITE	1	Primary Tumor	1	Female	NA	Alive	2007
brca_tcga_gdc	TCGA-E2-A106	TCGA-E2-A106-01	34	NA	Breast	Invasive Breast Carcinoma	Invasive Breast Carcinoma	1555	-12528	NA	NA	NA	Infiltrating Ductal Carcinoma	NOT HISPANIC OR LATINO	0.1886	C50.9	NO	8500/3	NA	BRCA	83.47568988173455	0:LIVING	87e09544-eddb-473b-8617-212407ce644e	73b3be1b-c125-487c-943d-908f31220e20	M0	N1mi	Stage IB	T1c	Infiltrating Ductal Carcinoma	Breast	False	False	TCGA-BRCA	Invasive Breast Carcinoma	released	ASIAN	1	Primary Tumor	1	Female	NA	Alive	2006
brca_tcga_gdc	TCGA-E2-A107	TCGA-E2-A107-01	54	6th	Breast	Invasive Breast Carcinoma	Invasive Breast Carcinoma	763	-20065	NA	33.17223921	0:DiseaseFree	Infiltrating Lobular Carcinoma	NOT HISPANIC OR LATINO	0.3976	C50.9	NO	8520/3	NA	BRCA	34.39553219448094	0:LIVING	eff2360e-399a-4167-ab2b-798e27bef739	22848a4a-ed0d-4efb-850f-a49f11cd77ec	M0	N2a	Stage IIIA	T3	Infiltrating Lobular Carcinoma	Breast	False	False	TCGA-BRCA	Invasive Breast Carcinoma	released	WHITE	1	Primary Tumor	1	Female	NA	Alive	2008
brca_tcga_gdc	TCGA-E2-A108	TCGA-E2-A108-01	64	6th	Breast	Invasive Breast Carcinoma	Invasive Breast Carcinoma	124	-23530	NA	75.97724956	0:DiseaseFree	Infiltrating Ductal Carcinoma	NOT HISPANIC OR LATINO	0.0375	C50.9	NO	8500/3	NA	BRCA	27.496714848883048	0:LIVING	4f04bd10-9902-4a23-b15d-4f4409d79499	24e9d23a-1340-4074-9268-ca85896569cf	M0	N2a	Stage IIIA	T2	Infiltrating Ductal Carcinoma	Breast	False	False	TCGA-BRCA	Invasive Breast Carcinoma	released	WHITE	1	Primary Tumor	1	Female	NA	Alive	2009
brca_tcga_gdc	TCGA-E2-A109	TCGA-E2-A109-01	64	6th	Breast	Invasive Breast Carcinoma	Invasive Breast Carcinoma	1172	-23521	NA	43.33103199	0:DiseaseFree	Infiltrating Ductal Carcinoma	NOT HISPANIC OR LATINO	0.3571	C50.9	NO	8500/3	NA	BRCA	46.55059132720105	0:LIVING	f0787165-6f58-4d67-b510-928eea2c4882	710eae35-a21d-4939-8414-d2af4ea02fdd	M0	N0 (i-)	Stage IIA	T2	Infiltrating Ductal Carcinoma	Breast	False	False	TCGA-BRCA	Invasive Breast Carcinoma	released	WHITE	1	Primary Tumor	1	Female	NA	Alive	2007
brca_tcga_gdc	TCGA-E2-A10A	TCGA-E2-A10A-01	41	6th	Breast	Invasive Breast Carcinoma	Invasive Breast Carcinoma	352	-15085	NA	34.25715883	0:DiseaseFree	Infiltrating Ductal Carcinoma	NOT HISPANIC OR LATINO	0.1967	C50.9	NO	8500/3	17	BRCA	40.37450722733246	0:LIVING	4da7abaf-ac7a-41c0-8033-5780a398545c	0c8615d8-e7a2-465a-8de3-961734941c16	M0	N0 (i-)	Stage IIB	T3	Infiltrating Ductal Carcinoma	Breast	False	False	TCGA-BRCA	Invasive Breast Carcinoma	released	WHITE	1	Primary Tumor	1	Female	0.5666666666666667	Alive	2007
brca_tcga_gdc	TCGA-E2-A10B	TCGA-E2-A10B-01	67	6th	Breast	Invasive Breast Carcinoma	Invasive Breast Carcinoma	748	-24577	NA	32.02156689	0:DiseaseFree	Infiltrating Ductal Carcinoma	NOT HISPANIC OR LATINO	0.2330	C50.9	NO	8500/3	NA	BRCA	37.483574244415244	0:LIVING	f801aeed-dc43-49d7-a319-84c8851979d9	5f5cddc0-71d3-4bf4-a67c-66550596cf8d	M0	N1a	Stage IIB	T2	Infiltrating Ductal Carcinoma	Breast	False	False	TCGA-BRCA	Invasive Breast Carcinoma	released	WHITE	1	Primary Tumor	1	Female	NA	Alive	2007
brca_tcga_gdc	TCGA-E2-A10C	TCGA-E2-A10C-01	54	6th	Breast	Invasive Breast Carcinoma	Invasive Breast Carcinoma	854	-19849	NA	31.95581418	0:DiseaseFree	Infiltrating Ductal Carcinoma	NOT HISPANIC OR LATINO	0.6356	C50.9	NO	8500/3	286	BRCA	40.07884362680683	0:LIVING	9ac44381-5d43-4f63-aa3f-7703bfc923c9	afed1e5d-c6c1-4d95-9e57-d82f6a823543	M0	N1a	Stage IIB	T2	Infiltrating Ductal Carcinoma	Breast	False	False	TCGA-BRCA	Invasive Breast Carcinoma	released	WHITE	1	Primary Tumor	1	Female	9.5	Alive	2008
brca_tcga_gdc	TCGA-E2-A10E	TCGA-E2-A10E-01	64	6th	Breast	Invasive Breast Carcinoma	Invasive Breast Carcinoma	418	-23684	NA	69.33622645	0:DiseaseFree	Infiltrating Ductal Carcinoma	NOT HISPANIC OR LATINO	0.1530	C50.9	NO	8500/3	NA	BRCA	28.416557161629434	0:LIVING	dc15a8ae-991e-421c-bc70-70e94f79dd17	30ce2884-2ce3-4d6a-b758-17a554d6238c	M0	N1a	Stage IIA	T1c	Infiltrating Ductal Carcinoma	Breast	False	False	TCGA-BRCA	Invasive Breast Carcinoma	released	WHITE	1	Primary Tumor	1	Female	NA	Alive	2008
brca_tcga_gdc	TCGA-E2-A10F	TCGA-E2-A10F-01	47	6th	Breast	Invasive Breast Carcinoma	Invasive Breast Carcinoma	360	-17257	NA	6.180754184	1:Recurred/Progressed	Infiltrating Lobular Carcinoma	NOT HISPANIC OR LATINO	0.1411	C50.9	NO	8520/3	NA	BRCA	28.843626806833115	0:LIVING	8e159b50-8136-42d4-b9c7-d579a74e4931	2666d91b-06ca-4987-84a1-4002befc4d8a	M0	N0 (i-)	Stage IIA	T2	Infiltrating Lobular Carcinoma	Breast	False	False	TCGA-BRCA	Invasive Breast Carcinoma	released	WHITE	1	Primary Tumor	1	Female	NA	Alive	2008
brca_tcga_gdc	TCGA-E2-A14N	TCGA-E2-A14N-01	37	6th	Breast	Invasive Breast Carcinoma	Invasive Breast Carcinoma	1350	-13743	NA	63.6157412	0:DiseaseFree	Infiltrating Ductal Carcinoma	NOT HISPANIC OR LATINO	0.0951	C50.9	NO	8500/3	72	BRCA	47.109067017082786	0:LIVING	752ad011-79e0-494f-9868-98bf6feb28f8	caa51a8b-eadc-4d87-b0f8-f6ffc17723b5	M0	N1	Stage IIB	T2	Infiltrating Ductal Carcinoma	Breast	False	False	TCGA-BRCA	Invasive Breast Carcinoma	released	WHITE	1	Primary Tumor	1	Female	2.4	Alive	2007
brca_tcga_gdc	TCGA-E2-A14O	TCGA-E2-A14O-01	76	6th	Breast	Invasive Breast Carcinoma	Invasive Breast Carcinoma	1173	-27837	NA	1.77532301	1:Recurred/Progressed	Infiltrating Ductal Carcinoma	NOT HISPANIC OR LATINO	0.7350	C50.9	NO	8500/3	26	BRCA	44.645203679369246	0:LIVING	fb356957-f620-4d99-b675-1355a1d9f932	565c78a9-ae5b-49ba-b5fa-4c26250e174a	M0	N1a	Stage IIIA	T3	Infiltrating Ductal Carcinoma	Breast	False	False	TCGA-BRCA	Invasive Breast Carcinoma	released	WHITE	1	Primary Tumor	1	Female	0.8666666666666667	Alive	2008
brca_tcga_gdc	TCGA-E2-A14P	TCGA-E2-A14P-01	79	6th	Breast	Invasive Breast Carcinoma	Invasive Breast Carcinoma	487	-28923	NA	23.24358089	0:DiseaseFree	Infiltrating Ductal Carcinoma	NOT HISPANIC OR LATINO	0.2666	C50.9	NO	8500/3	56	BRCA	40.93298291721419	0:LIVING	e4fc0909-f284-4471-866d-d8967b6adcbc	58bfe278-a80f-4722-b286-4d966214d244	M0	N3	Stage IIIC	T2	Infiltrating Ductal Carcinoma	Breast	False	False	TCGA-BRCA	Invasive Breast Carcinoma	released	WHITE	1	Primary Tumor	1	Female	1.8666666666666667	Alive	2008
brca_tcga_gdc	TCGA-E2-A14Q	TCGA-E2-A14Q-01	50	6th	Breast	Invasive Breast Carcinoma	Invasive Breast Carcinoma	974	-18507	NA	19.42992406	0:DiseaseFree	Infiltrating Ductal Carcinoma	NOT HISPANIC OR LATINO	0.1826	C50.9	NO	8500/3	23	BRCA	38.206307490144546	0:LIVING	303a1d77-a37a-4966-a4a4-9981d99ba1b4	10f2905c-6bac-4050-9327-926c5c4de29f	M0	N1mi	Stage IIB	T2	Infiltrating Ductal Carcinoma	Breast	False	False	TCGA-BRCA	Invasive Breast Carcinoma	released	WHITE	1	Primary Tumor	1	Female	0.7666666666666667	Alive	2008
brca_tcga_gdc	TCGA-E2-A14R	TCGA-E2-A14R-01	62	6th	Breast	Invasive Breast Carcinoma	Invasive Breast Carcinoma	845	-22686	NA	21.04086531	0:DiseaseFree	Infiltrating Ductal Carcinoma	NOT HISPANIC OR LATINO	0.7181	C50.9	NO	8500/3	99	BRCA	38.5676741130092	0:LIVING	4fba3deb-db94-44b5-a0f2-a575d270779e	26c43e7a-753c-483b-9ec3-7240efce6c4e	M0	N0	Stage IIA	T2	Infiltrating Ductal Carcinoma	Breast	False	False	TCGA-BRCA	Invasive Breast Carcinoma	released	WHITE	1	Primary Tumor	1	Female	3.3	Alive	2008
brca_tcga_gdc	TCGA-E2-A14S	TCGA-E2-A14S-01	65	6th	Breast	Invasive Breast Carcinoma	Invasive Breast Carcinoma	834	-23878	NA	23.86823158	0:DiseaseFree	Infiltrating Ductal Carcinoma	NOT HISPANIC OR LATINO	0.2491	C50.9	NO	8500/3	NA	BRCA	33.14717477003942	0:LIVING	c2b104ee-f914-4e79-9e1b-56bf88157472	2b795cb0-4f14-4312-b96b-4adfbf9f4124	M0	N0	Stage I	T1c	Infiltrating Ductal Carcinoma	Breast	False	False	TCGA-BRCA	Invasive Breast Carcinoma	released	WHITE	1	Primary Tumor	1	Female	NA	Alive	2008
brca_tcga_gdc	TCGA-E2-A14T	TCGA-E2-A14T-01	52	6th	Breast	Invasive Breast Carcinoma	Invasive Breast Carcinoma	890	-19237	NA	14.79435842	0:DiseaseFree	Infiltrating Ductal Carcinoma	NOT HISPANIC OR LATINO	0.5029	C50.9	NO	8500/3	29	BRCA	75.91984231274638	0:LIVING	e0929c47-cff3-4518-a188-8764af01073a	aeea59ad-9570-41c9-9244-348e1c8350fd	M0	N0	Stage IIA	T2	Infiltrating Ductal Carcinoma	Breast	False	False	TCGA-BRCA	Invasive Breast Carcinoma	released	WHITE	1	Primary Tumor	1	Female	0.9666666666666667	Alive	2008
brca_tcga_gdc	TCGA-E2-A14U	TCGA-E2-A14U-01	74	6th	Breast	Invasive Breast Carcinoma	Invasive Breast Carcinoma	838	-27389	NA	25.05178025	0:DiseaseFree	Infiltrating Lobular Carcinoma	NOT HISPANIC OR LATINO	0.0000	C50.9	NO	8520/3	NA	BRCA	43.29829172141918	0:LIVING	23b7aaea-1119-4b10-aa1a-0ae255d2f2a6	06239773-a7e3-4262-9b5f-0105e3b1467a	M0	N0	Stage I	T1c	Infiltrating Lobular Carcinoma	Breast	False	False	TCGA-BRCA	Invasive Breast Carcinoma	released	WHITE	1	Primary Tumor	1	Female	NA	Alive	2008
brca_tcga_gdc	TCGA-E2-A14V	TCGA-E2-A14V-01	53	6th	Breast	Invasive Breast Carcinoma	Invasive Breast Carcinoma	748	-19643	NA	23.34220995	0:DiseaseFree	Infiltrating Ductal Carcinoma	NOT HISPANIC OR LATINO	0.4359	C50.9	NO	8500/3	84	BRCA	34.23127463863337	0:LIVING	3144f1fb-4342-4079-bfe8-940da4bfd88e	78910f0b-59f1-4b4b-a7de-a6cf2402a097	M0	N1	Stage IIB	T2	Infiltrating Ductal Carcinoma	Breast	False	False	TCGA-BRCA	Invasive Breast Carcinoma	released	WHITE	1	Primary Tumor	1	Female	2.8	Alive	2008
brca_tcga_gdc	TCGA-E2-A14W	TCGA-E2-A14W-01	78	6th	Breast	Invasive Breast Carcinoma	Invasive Breast Carcinoma	834	-28664	NA	22.81618832	0:DiseaseFree	Infiltrating Ductal Carcinoma	NOT HISPANIC OR LATINO	0.3093	C50.9	NO	8500/3	82	BRCA	31.99737187910644	0:LIVING	eadb0562-2165-4adb-ad58-018e73f82780	b4c869f2-6910-4d41-ae52-b08b378bf681	M0	N0	Stage IIA	T2	Infiltrating Ductal Carcinoma	Breast	False	False	TCGA-BRCA	Invasive Breast Carcinoma	released	WHITE	1	Primary Tumor	1	Male	2.7333333333333334	Alive	2008
brca_tcga_gdc	TCGA-E2-A14X	TCGA-E2-A14X-01	55	6th	Breast	Invasive Breast Carcinoma	Invasive Breast Carcinoma	692	-20105	NA	17.29296117	0:DiseaseFree	Infiltrating Ductal Carcinoma	NOT HISPANIC OR LATINO	0.3519	C50.9	NO	8500/3	20	BRCA	31.93166885676741	0:LIVING	60df7543-6da5-4c75-943b-5800c1e08234	a7cc9298-d6f1-48ef-a93a-9c75fc0cb800	M0	N2	Stage IIIA	T2	Infiltrating Ductal Carcinoma	Breast	False	False	TCGA-BRCA	Invasive Breast Carcinoma	released	BLACK OR AFRICAN AMERICAN	1	Primary Tumor	1	Female	0.6666666666666666	Alive	2009
brca_tcga_gdc	TCGA-E2-A14Y	TCGA-E2-A14Y-01	35	6th	Breast	Invasive Breast Carcinoma	Invasive Breast Carcinoma	688	-13004	NA	20.71210179	0:DiseaseFree	Infiltrating Ductal Carcinoma	NOT HISPANIC OR LATINO	0.2362	C50.9	NO	8500/3	30	BRCA	69.2838370565046	0:LIVING	a0576d44-9add-429b-9eeb-f7b234b7385f	1fa2d526-b5d5-47e0-87d1-6ac17add8a0b	M0	N0	Stage IIA	T2	Infiltrating Ductal Carcinoma	Breast	False	False	TCGA-BRCA	Invasive Breast Carcinoma	released	WHITE	1	Primary Tumor	1	Female	1.0	Alive	2009
brca_tcga_gdc	TCGA-E2-A14Z	TCGA-E2-A14Z-01	64	6th	Breast	Invasive Breast Carcinoma	Invasive Breast Carcinoma	518	-23682	563	21.63263964	0:DiseaseFree	Infiltrating Ductal Carcinoma	NOT HISPANIC OR LATINO	0.5210	C50.9	NO	8500/3	51	BRCA	18.495400788436267	1:DECEASED	d7ce6b79-f7c0-481e-9dbd-6273f01c9786	b9ae712b-823b-4ff8-bd1b-2eab4a2b5790	M0	N0	Stage I	T1c	Infiltrating Ductal Carcinoma	Breast	False	False	TCGA-BRCA	Invasive Breast Carcinoma	released	WHITE	1	Primary Tumor	1	Female	1.7	Dead	2009
brca_tcga_gdc	TCGA-E2-A150	TCGA-E2-A150-01	48	6th	Breast	Invasive Breast Carcinoma	Invasive Breast Carcinoma	591	-17580	NA	18.21349903	0:DiseaseFree	Infiltrating Ductal Carcinoma	NOT HISPANIC OR LATINO	0.6693	C50.9	NO	8500/3	58	BRCA	63.5676741130092	0:LIVING	4ac693e9-10f3-46b3-9d46-df3af7b0d259	209bcf2c-dac4-48e4-b47c-5a4c8e8797b9	M0	N0	Stage IIA	T2	Infiltrating Ductal Carcinoma	Breast	False	False	TCGA-BRCA	Invasive Breast Carcinoma	released	WHITE	1	Primary Tumor	1	Female	1.9333333333333333	Alive	2009
brca_tcga_gdc	TCGA-E2-A152	TCGA-E2-A152-01	56	6th	Breast	Invasive Breast Carcinoma	Invasive Breast Carcinoma	588	-20705	NA	12.92040635	0:DiseaseFree	Infiltrating Ductal Carcinoma	NOT HISPANIC OR LATINO	0.6459	C50.9	NO	8500/3	103	BRCA	69.90801576872536	0:LIVING	a8015490-9740-45c9-8bd2-eb6d1beefc2e	0ef32921-bb7a-4055-a6ed-e8ced5f824e4	M0	N0	Stage I	T1c	Infiltrating Ductal Carcinoma	Breast	False	False	TCGA-BRCA	Invasive Breast Carcinoma	released	WHITE	1	Primary Tumor	1	Female	3.433333333333333	Alive	2009
brca_tcga_gdc	TCGA-E2-A153	TCGA-E2-A153-01	51	6th	Breast	Invasive Breast Carcinoma	Invasive Breast Carcinoma	586	-18875	NA	55.62678765	0:DiseaseFree	Infiltrating Ductal Carcinoma	NOT HISPANIC OR LATINO	0.1926	C50.9	NO	8500/3	19	BRCA	23.226018396846253	0:LIVING	be9bf36a-12e1-4386-addf-1686dc8b49de	6526e884-ca7a-4f10-9cb8-fe8fa90f1dbb	M0	N1a	Stage IIB	T2	Infiltrating Ductal Carcinoma	Breast	False	False	TCGA-BRCA	Invasive Breast Carcinoma	released	WHITE	1	Primary Tumor	1	Female	0.6333333333333333	Alive	2009
brca_tcga_gdc	TCGA-E2-A154	TCGA-E2-A154-01	68	6th	Breast	Invasive Breast Carcinoma	Invasive Breast Carcinoma	325	-24999	NA	53.91721735	0:DiseaseFree	Infiltrating Ductal Carcinoma	NOT HISPANIC OR LATINO	0.3786	C50.9	NO	8500/3	38	BRCA	19.415243101182654	0:LIVING	24e39609-9645-43e5-960b-db5446eaea65	093150bc-9ea8-4729-8693-32fe1d9690d2	M0	N0	Stage I	T1c	Infiltrating Ductal Carcinoma	Breast	False	False	TCGA-BRCA	Invasive Breast Carcinoma	released	WHITE	1	Primary Tumor	1	Female	1.2666666666666666	Alive	2009
brca_tcga_gdc	TCGA-E2-A155	TCGA-E2-A155-01	58	6th	Breast	Invasive Breast Carcinoma	Invasive Breast Carcinoma	553	-21348	NA	9.040996811	0:DiseaseFree	Infiltrating Ductal Carcinoma	NOT HISPANIC OR LATINO	0.2212	C50.9	NO	8500/3	51	BRCA	21.02496714848883	0:LIVING	01f50abf-fc15-446e-9d07-edeecc545a32	6ae685e1-cd02-4c07-839d-0f2507077955	M0	N1a	Stage IIB	T2	Infiltrating Ductal Carcinoma	Breast	False	False	TCGA-BRCA	Invasive Breast Carcinoma	released	WHITE	1	Primary Tumor	1	Female	1.7	Alive	2009
brca_tcga_gdc	TCGA-E2-A156	TCGA-E2-A156-01	61	6th	Breast	Invasive Breast Carcinoma	Invasive Breast Carcinoma	481	-22422	NA	20.58059638	0:DiseaseFree	Infiltrating Ductal Carcinoma	NOT HISPANIC OR LATINO	0.0483	C50.9	NO	8500/3	24	BRCA	23.850197109067015	0:LIVING	f05d314c-5ec5-4e2a-b785-9a702716f111	9d39f2cf-84b5-45ba-8c40-0a42d8f303b7	M0	N0	Stage I	T1c	Infiltrating Ductal Carcinoma	Breast	False	False	TCGA-BRCA	Invasive Breast Carcinoma	released	WHITE	1	Primary Tumor	1	Female	0.8	Alive	2009
brca_tcga_gdc	TCGA-E2-A158	TCGA-E2-A158-01	43	6th	Breast	Invasive Breast Carcinoma	Invasive Breast Carcinoma	450	-15903	NA	11.04645429	0:DiseaseFree	Infiltrating Ductal Carcinoma	NOT HISPANIC OR LATINO	0.5021	C50.9	NO	8500/3	74	BRCA	14.783180026281208	0:LIVING	a6edb6ca-ae9f-4da7-8ebe-92d83d2987fb	5ce91cce-a4ac-45e1-bc3e-737494a67769	M0	N1mi	Stage IIA	T1c	Infiltrating Ductal Carcinoma	Breast	True	False	TCGA-BRCA	Invasive Breast Carcinoma	released	WHITE	1	Primary Tumor	1	Female	2.466666666666667	Alive	2009
brca_tcga_gdc	TCGA-E2-A159	TCGA-E2-A159-01	50	6th	Breast	Invasive Breast Carcinoma	Invasive Breast Carcinoma	515	-18621	NA	39.78038597	1:Recurred/Progressed	Infiltrating Ductal Carcinoma	NOT HISPANIC OR LATINO	0.3702	C50.9	NO	8500/3	118	BRCA	25.03285151116951	0:LIVING	d7308344-5bab-4073-bb4f-4d8cd8d7bd17	601e0a1b-309d-41c2-a7ba-a2282db846fa	M0	N0	Stage IIA	T2	Infiltrating Ductal Carcinoma	Breast	False	False	TCGA-BRCA	Invasive Breast Carcinoma	released	WHITE	1	Primary Tumor	1	Female	3.933333333333333	Alive	2009
brca_tcga_gdc	TCGA-E2-A15A	TCGA-E2-A15A-01	45	6th	Breast	Invasive Breast Carcinoma	Invasive Breast Carcinoma	502	-16750	NA	19.56142946	0:DiseaseFree	Infiltrating Ductal Carcinoma	NOT HISPANIC OR LATINO	0.4843	C50.9	NO	8500/3	49	BRCA	23.324572930354794	0:LIVING	73ccc949-01b7-48d3-a7c4-c4bcd261672a	423305a8-f060-44da-a053-18dd8c2b172e	M0	N3a	Stage IIIC	T2	Infiltrating Ductal Carcinoma	Breast	False	False	TCGA-BRCA	Invasive Breast Carcinoma	released	WHITE	2	Primary Tumor	1	Female	1.6333333333333333	Alive	2009
brca_tcga_gdc	TCGA-E2-A15A	TCGA-E2-A15A-06	45	6th	Breast	Invasive Breast Carcinoma	Invasive Breast Carcinoma	502	-16750	NA	19.56142946	0:DiseaseFree	Infiltrating Ductal Carcinoma	NOT HISPANIC OR LATINO	0.2497	C50.9	NO	8500/3	33	BRCA	23.324572930354794	0:LIVING	73ccc949-01b7-48d3-a7c4-c4bcd261672a	98501f0d-8b4b-4783-a242-4a69b081aaf9	M0	N3a	Stage IIIC	T2	Infiltrating Ductal Carcinoma	Breast	False	False	TCGA-BRCA	Invasive Breast Carcinoma	released	WHITE	2	Metastatic	6	Female	1.1	Alive	2009
brca_tcga_gdc	TCGA-E2-A15C	TCGA-E2-A15C-01	61	6th	Breast	Invasive Breast Carcinoma	Invasive Breast Carcinoma	497	-22583	NA	56.94184173	0:DiseaseFree	Infiltrating Ductal Carcinoma	NOT HISPANIC OR LATINO	0.1357	C50.9	NO	8500/3	28	BRCA	22.798948751642573	0:LIVING	da840a22-8d30-4682-bbd0-8fa87bd40528	31f45863-c419-4a07-896c-722b9724ce76	M0	N0	Stage I	T1c	Infiltrating Ductal Carcinoma	Breast	False	False	TCGA-BRCA	Invasive Breast Carcinoma	released	WHITE	1	Primary Tumor	1	Female	0.9333333333333333	Alive	2009
brca_tcga_gdc	TCGA-E2-A15D	TCGA-E2-A15D-01	47	6th	Breast	Invasive Breast Carcinoma	Invasive Breast Carcinoma	316	-17224	NA	14.07107867	0:DiseaseFree	Infiltrating Ductal Carcinoma	NOT HISPANIC OR LATINO	0.2412	C50.9	NO	8500/3	27	BRCA	17.279894875164256	0:LIVING	c85f080a-1075-41df-959f-1b514a11b3c4	6c141702-104f-4ce1-ba82-1add65f07d7f	M0	N0	Stage IIA	T2	Infiltrating Ductal Carcinoma	Breast	False	False	TCGA-BRCA	Invasive Breast Carcinoma	released	WHITE	1	Primary Tumor	1	Female	0.9	Alive	2009
brca_tcga_gdc	TCGA-E2-A15E	TCGA-E2-A15E-01	40	6th	Breast	Invasive Breast Carcinoma	Invasive Breast Carcinoma	518	-14894	NA	51.38573824	0:DiseaseFree	Infiltrating Ductal Carcinoma	NOT HISPANIC OR LATINO	0.2995	C50.9	NO	8500/3	27	BRCA	20.69645203679369	0:LIVING	0a2a3529-f645-4967-9a58-89ee20b8bb62	9992eeb9-901b-4a32-badc-e9be7c9ba4ba	M0	N1a	Stage IIA	T1c	Infiltrating Ductal Carcinoma	Breast	False	False	TCGA-BRCA	Invasive Breast Carcinoma	released	WHITE	2	Primary Tumor	1	Female	0.9	Alive	2009
brca_tcga_gdc	TCGA-E2-A15E	TCGA-E2-A15E-06	40	6th	Breast	Invasive Breast Carcinoma	Invasive Breast Carcinoma	518	-14894	NA	51.38573824	0:DiseaseFree	Infiltrating Ductal Carcinoma	NOT HISPANIC OR LATINO	0.3959	C50.9	NO	8500/3	28	BRCA	20.69645203679369	0:LIVING	0a2a3529-f645-4967-9a58-89ee20b8bb62	28462438-fe47-4880-82d9-ee43d534d8a3	M0	N1a	Stage IIA	T1c	Infiltrating Ductal Carcinoma	Breast	False	False	TCGA-BRCA	Invasive Breast Carcinoma	released	WHITE	2	Metastatic	6	Female	0.9333333333333333	Alive	2009
brca_tcga_gdc	TCGA-E2-A15F	TCGA-E2-A15F-01	64	6th	Breast	Invasive Breast Carcinoma	Invasive Breast Carcinoma	469	-23660	NA	76.5690239	0:DiseaseFree	Infiltrating Ductal Carcinoma	NOT HISPANIC OR LATINO	0.2429	C50.9	NO	8500/3	NA	BRCA	21.616294349540077	0:LIVING	ec77a23d-84f5-47e4-bf2a-fa1c03baf3db	996911f9-c9fe-48d8-aa35-5672610e72fb	M0	N0	Stage I	T1c	Infiltrating Ductal Carcinoma	Breast	False	False	TCGA-BRCA	Invasive Breast Carcinoma	released	WHITE	1	Primary Tumor	1	Female	NA	Alive	2009
brca_tcga_gdc	TCGA-E2-A15G	TCGA-E2-A15G-01	76	6th	Breast	Invasive Breast Carcinoma	Invasive Breast Carcinoma	316	-28013	NA	53.62133018	0:DiseaseFree	Mixed Histology (please specify)	NOT HISPANIC OR LATINO	0.0947	C50.9	NO	8522/3	43	BRCA	18.199737187910642	0:LIVING	271e8024-a008-4bf0-9f6e-177f60096b1b	d6dcbd76-1146-4535-afd6-9a9c0e3c56a9	M0	N0	Stage IIA	T2	Mixed Histology (please specify)	Breast	False	False	TCGA-BRCA	Invasive Breast Carcinoma	released	WHITE	1	Primary Tumor	1	Female	1.4333333333333333	Alive	2009
brca_tcga_gdc	TCGA-E2-A15H	TCGA-E2-A15H-01	38	6th	Breast	Invasive Breast Carcinoma	Invasive Breast Carcinoma	42	-13985	NA	87.22096196	0:DiseaseFree	Infiltrating Ductal Carcinoma	NOT HISPANIC OR LATINO	0.2000	C50.9	NO	8500/3	27	BRCA	12.910643889618921	0:LIVING	5580b21a-2cdb-4777-ad79-6e06654144f5	7cb99442-005b-4611-94f9-03af195ec7e3	M0	N1mi	Stage IIA	T1c	Infiltrating Ductal Carcinoma	Breast	False	False	TCGA-BRCA	Invasive Breast Carcinoma	released	WHITE	1	Primary Tumor	1	Female	0.9	Alive	2009
brca_tcga_gdc	TCGA-E2-A15I	TCGA-E2-A15I-01	44	6th	Breast	Invasive Breast Carcinoma	Invasive Breast Carcinoma	411	-16163	NA	33.00785745	0:DiseaseFree	Infiltrating Ductal Carcinoma	NOT HISPANIC OR LATINO	0.1500	C50.9	NO	8500/3	21	BRCA	55.584756898817346	0:LIVING	64089c20-939f-48b4-ae8b-904ad0597145	c2f00c0c-9ad9-4c1d-912c-52eacedcba12	M0	N0	Stage IIA	T2	Infiltrating Ductal Carcinoma	Breast	False	False	TCGA-BRCA	Invasive Breast Carcinoma	released	WHITE	1	Primary Tumor	1	Female	0.7	Alive	2009
brca_tcga_gdc	TCGA-E2-A15J	TCGA-E2-A15J-01	51	6th	Breast	Invasive Breast Carcinoma	Invasive Breast Carcinoma	464	-18771	NA	32.35033041	0:DiseaseFree	Infiltrating Ductal Carcinoma	NOT HISPANIC OR LATINO	0.1114	C50.9	NO	8500/3	18	BRCA	53.876478318002626	0:LIVING	1fef9454-b3e8-4d9d-a9aa-aa1f1a32b80c	6f68a61c-8aec-42d3-b225-22bc6da3e355	M0	N0	Stage I	T1c	Infiltrating Ductal Carcinoma	Breast	False	False	TCGA-BRCA	Invasive Breast Carcinoma	released	WHITE	1	Primary Tumor	1	Female	0.6	Alive	2009
brca_tcga_gdc	TCGA-E2-A15K	TCGA-E2-A15K-01	58	7th	Breast	Invasive Breast Carcinoma	Invasive Breast Carcinoma	34	-21514	NA	28.50379722	0:DiseaseFree	Infiltrating Ductal Carcinoma	NOT HISPANIC OR LATINO	0.2048	C50.9	NO	8500/3	36	BRCA	9.034165571616294	0:LIVING	17c1d42c-cb84-4655-a4cd-b54bae17ecaf	3a36b403-ea38-49f9-9c28-710c5d141164	M0	N1a	Stage IIB	T2	Infiltrating Ductal Carcinoma	Breast	False	False	TCGA-BRCA	Invasive Breast Carcinoma	released	WHITE	2	Primary Tumor	1	Female	1.2	Alive	2010
brca_tcga_gdc	TCGA-E2-A15K	TCGA-E2-A15K-06	58	7th	Breast	Invasive Breast Carcinoma	Invasive Breast Carcinoma	34	-21514	NA	28.50379722	0:DiseaseFree	Infiltrating Ductal Carcinoma	NOT HISPANIC OR LATINO	0.1531	C50.9	NO	8500/3	41	BRCA	9.034165571616294	0:LIVING	17c1d42c-cb84-4655-a4cd-b54bae17ecaf	4fcf4afe-40be-40eb-95cb-5b172ed83d11	M0	N1a	Stage IIB	T2	Infiltrating Ductal Carcinoma	Breast	False	False	TCGA-BRCA	Invasive Breast Carcinoma	released	WHITE	2	Metastatic	6	Female	1.3666666666666667	Alive	2010
brca_tcga_gdc	TCGA-E2-A15L	TCGA-E2-A15L-01	65	7th	Breast	Invasive Breast Carcinoma	Invasive Breast Carcinoma	331	-23845	NA	NA	NA	Infiltrating Lobular Carcinoma	NOT HISPANIC OR LATINO	0.1039	C50.9	NO	8520/3	28	BRCA	20.565045992115635	0:LIVING	37242f5a-25ae-4b1f-9ce6-09ce1dc92539	66cd1bec-0b4d-4212-ab3f-548ffcfa7dd8	M0	N0	Stage IIA	T2	Infiltrating Lobular Carcinoma	Breast	False	False	TCGA-BRCA	Invasive Breast Carcinoma	released	BLACK OR AFRICAN AMERICAN	1	Primary Tumor	1	Female	0.9333333333333333	Alive	2010
brca_tcga_gdc	TCGA-E2-A15M	TCGA-E2-A15M-01	66	7th	Breast	Invasive Breast Carcinoma	Invasive Breast Carcinoma	235	-24266	336	37.24890686	0:DiseaseFree	Infiltrating Lobular Carcinoma	NOT HISPANIC OR LATINO	0.2227	C50.9	NO	8520/3	61	BRCA	11.038107752956636	1:DECEASED	59be60a3-e0f6-4d63-b98c-574ef92428c4	0177791d-d02d-4433-81ae-458a93fdd60f	M0	N0	Stage IIA	T2	Infiltrating Lobular Carcinoma	Breast	False	False	TCGA-BRCA	Invasive Breast Carcinoma	released	WHITE	1	Primary Tumor	1	Female	2.033333333333333	Dead	2010
brca_tcga_gdc	TCGA-E2-A15O	TCGA-E2-A15O-01	89	7th	Breast	Invasive Breast Carcinoma	Invasive Breast Carcinoma	289	-32583	NA	59.50619719	1:Recurred/Progressed	Infiltrating Ductal Carcinoma	NOT HISPANIC OR LATINO	0.2948	C50.9	NO	8500/3	25	BRCA	9.494086727989487	0:LIVING	eafa45a4-2fd1-4fa3-860c-9d52ed382b7d	cd17957d-1e5c-4874-8070-890c1d692a0b	M0	NX	Stage I	T1c	Infiltrating Ductal Carcinoma	Breast	True	False	TCGA-BRCA	Invasive Breast Carcinoma	released	BLACK OR AFRICAN AMERICAN	1	Primary Tumor	1	Female	0.8333333333333334	Alive	2010
brca_tcga_gdc	TCGA-E2-A15P	TCGA-E2-A15P-01	61	7th	Breast	Invasive Breast Carcinoma	Invasive Breast Carcinoma	315	-22524	NA	37.41328862	0:DiseaseFree	Infiltrating Ductal Carcinoma	NOT HISPANIC OR LATINO	0.1916	C50.9	NO	8500/3	34	BRCA	19.54664914586071	0:LIVING	a1674d7b-787a-45c4-bf16-1b7d0efce207	62ce9f85-13d7-445b-a32a-11f6001617e4	M0	N0	Stage IA	T1c	Infiltrating Ductal Carcinoma	Breast	False	False	TCGA-BRCA	Invasive Breast Carcinoma	released	WHITE	1	Primary Tumor	1	Female	1.1333333333333333	Alive	2010
brca_tcga_gdc	TCGA-E2-A15R	TCGA-E2-A15R-01	64	7th	Breast	Invasive Breast Carcinoma	Invasive Breast Carcinoma	330	-23570	NA	70.35539337	0:DiseaseFree	Infiltrating Ductal Carcinoma	NOT HISPANIC OR LATINO	0.3584	C50.9	NO	8500/3	28	BRCA	56.8988173455979	0:LIVING	33b7bf50-53f4-4839-aa83-9665f85671d8	7295d5c2-d7bc-4d35-bdcb-17c4ec5e5de0	M0	N1a	Stage IIA	T1c	Infiltrating Ductal Carcinoma	Breast	False	False	TCGA-BRCA	Invasive Breast Carcinoma	released	WHITE	1	Primary Tumor	1	Female	0.9333333333333333	Alive	2010
brca_tcga_gdc	TCGA-E2-A15S	TCGA-E2-A15S-01	34	7th	Breast	Invasive Breast Carcinoma	Invasive Breast Carcinoma	274	-12671	NA	33.73113719	0:DiseaseFree	Infiltrating Ductal Carcinoma	NOT HISPANIC OR LATINO	0.4766	C50.9	NO	8500/3	48	BRCA	14.060446780551905	0:LIVING	0f7ab21b-1fd0-45e0-9a47-17c4691eb84f	0ac12a02-8fe3-4c1b-a885-848aa924a339	M0	N1	Stage IIB	T2	Infiltrating Ductal Carcinoma	Breast	False	False	TCGA-BRCA	Invasive Breast Carcinoma	released	WHITE	1	Primary Tumor	1	Female	1.6	Alive	2010
brca_tcga_gdc	TCGA-E2-A15T	TCGA-E2-A15T-01	65	7th	Breast	Invasive Breast Carcinoma	Invasive Breast Carcinoma	267	-24054	NA	33.69826084	0:DiseaseFree	Infiltrating Ductal Carcinoma	NOT HISPANIC OR LATINO	0.1725	C50.9	NO	8500/3	20	BRCA	51.34691195795006	0:LIVING	e68ebfd4-3688-4caa-9e38-7764f9258c30	2dc5d195-dede-4511-9415-c7bd3070bbd3	M0	N0	Stage IIA	T2	Infiltrating Ductal Carcinoma	Breast	False	False	TCGA-BRCA	Invasive Breast Carcinoma	released	WHITE	1	Primary Tumor	1	Female	0.6666666666666666	Alive	2010
brca_tcga_gdc	TCGA-E2-A1AZ	TCGA-E2-A1AZ-01	63	6th	Breast	Invasive Breast Carcinoma	Invasive Breast Carcinoma	1965	-23230	NA	28.43804452	0:DiseaseFree	Infiltrating Ductal Carcinoma	HISPANIC OR LATINO	0.2881	C50.9	NO	8500/3	40	BRCA	76.51116951379763	0:LIVING	89128dba-403f-4a96-bb3b-23ed0d5e2147	758fc615-957e-4bd0-a0c6-bcd23eb7d167	M0	N1a	Stage IIB	T2	Infiltrating Ductal Carcinoma	Breast	False	False	TCGA-BRCA	Invasive Breast Carcinoma	released	WHITE	1	Primary Tumor	1	Female	1.3333333333333333	Alive	2004
brca_tcga_gdc	TCGA-E2-A1B0	TCGA-E2-A1B0-01	50	6th	Breast	Invasive Breast Carcinoma	Invasive Breast Carcinoma	1271	-18346	NA	59.17743367	0:DiseaseFree	Infiltrating Ductal Carcinoma	NOT HISPANIC OR LATINO	0.2522	C50.9	NO	8500/3	36	BRCA	53.580814717477004	0:LIVING	996bd3f0-d767-4eff-9c82-99fcb5a3006a	06479cfc-c43c-43f5-9d2f-44b3adc45d84	M0	N2	Stage IIIA	T2	Infiltrating Ductal Carcinoma	Breast	False	False	TCGA-BRCA	Invasive Breast Carcinoma	released	WHITE	1	Primary Tumor	1	Female	1.2	Alive	2007
brca_tcga_gdc	TCGA-E2-A1B1	TCGA-E2-A1B1-01	45	6th	Breast	Invasive Breast Carcinoma	Invasive Breast Carcinoma	1361	-16603	NA	3.879409541	0:DiseaseFree	Infiltrating Ductal Carcinoma	NOT HISPANIC OR LATINO	0.0193	C50.9	NO	8500/3	40	BRCA	87.1550591327201	0:LIVING	8a0ef221-8070-43fc-9d98-def90abe4871	1cb37b69-c0a9-4b5c-baf5-4107d0e029ad	M0	N1	Stage IIB	T2	Infiltrating Ductal Carcinoma	Breast	False	False	TCGA-BRCA	Invasive Breast Carcinoma	released	WHITE	1	Primary Tumor	1	Female	1.3333333333333333	Alive	2007
brca_tcga_gdc	TCGA-E2-A1B4	TCGA-E2-A1B4-01	74	6th	Breast	Invasive Breast Carcinoma	Invasive Breast Carcinoma	911	-27241	1004	22.19153763	0:DiseaseFree	Infiltrating Ductal Carcinoma	NOT HISPANIC OR LATINO	0.0301	C50.9	NO	8500/3	30	BRCA	32.98291721419185	1:DECEASED	dbb2da92-99dd-400c-bc05-e87d7273656c	0edb299d-861a-4141-9d5c-132d8c970547	M0	N2a	Stage IIIA	T1c	Infiltrating Ductal Carcinoma	Breast	False	False	TCGA-BRCA	Invasive Breast Carcinoma	released	WHITE	1	Primary Tumor	1	Female	1.0	Dead	2008
brca_tcga_gdc	TCGA-E2-A1B5	TCGA-E2-A1B5-01	46	6th	Breast	Invasive Breast Carcinoma	Invasive Breast Carcinoma	774	-17039	NA	60.98563303	0:DiseaseFree	Infiltrating Lobular Carcinoma	NOT HISPANIC OR LATINO	0.0374	C50.9	NO	8520/3	26	BRCA	32.32588699080158	0:LIVING	7241b3d4-31ee-4fd2-a4a5-35a9d5f37d6a	5b01ed81-2119-4797-9be9-67bc21abc7d9	M0	N0	Stage IIA	T2	Infiltrating Lobular Carcinoma	Breast	False	False	TCGA-BRCA	Invasive Breast Carcinoma	released	WHITE	1	Primary Tumor	1	Female	0.8666666666666667	Alive	2008
brca_tcga_gdc	TCGA-E2-A1B6	TCGA-E2-A1B6-01	44	6th	Breast	Invasive Breast Carcinoma	Invasive Breast Carcinoma	338	-16370	NA	11.07933064	0:DiseaseFree	Infiltrating Ductal Carcinoma	NOT HISPANIC OR LATINO	0.0021	C50.9	NO	8500/3	28	BRCA	28.48226018396846	0:LIVING	e0b1bcd2-1139-44b9-98b3-67bcf92bcc39	402aa07d-b3c1-48a6-bf27-36917a30c33d	M0	N0	Stage IIA	T2	Infiltrating Ductal Carcinoma	Breast	False	False	TCGA-BRCA	Invasive Breast Carcinoma	released	WHITE	1	Primary Tumor	1	Female	0.9333333333333333	Alive	2008
brca_tcga_gdc	TCGA-E2-A1BC	TCGA-E2-A1BC-01	63	7th	Breast	Invasive Breast Carcinoma	Invasive Breast Carcinoma	297	-23168	NA	54.18022816	0:DiseaseFree	Infiltrating Ductal Carcinoma	NA	0.1438	C50.9	NO	8524/3	25	BRCA	16.45860709592641	0:LIVING	d8492ebd-3d94-4a4b-8de7-386526691cc2	83ec5738-3a27-4100-83f2-8b30ae3b2fb7	M0	N0	Stage IA	T1c	Infiltrating Ductal Carcinoma	Breast	True	False	TCGA-BRCA	Invasive Breast Carcinoma	released	NA	1	Primary Tumor	1	Female	0.8333333333333334	Alive	2010
brca_tcga_gdc	TCGA-E2-A1BD	TCGA-E2-A1BD-01	53	7th	Breast	Invasive Breast Carcinoma	Invasive Breast Carcinoma	317	-19627	NA	53.22681395	1:Recurred/Progressed	Infiltrating Ductal Carcinoma	NOT HISPANIC OR LATINO	0.4613	C50.9	NO	8500/3	34	BRCA	37.220762155059134	0:LIVING	0e1d0d46-7a7b-4538-95dd-b9fc20a15aec	1ddc4c86-029f-49b5-893c-a218240d3fa4	M0	N0	Stage IIA	T2	Infiltrating Ductal Carcinoma	Breast	False	False	TCGA-BRCA	Invasive Breast Carcinoma	released	WHITE	1	Primary Tumor	1	Female	1.1666666666666667	Alive	2010
brca_tcga_gdc	TCGA-E2-A1IE	TCGA-E2-A1IE-01	61	6th	Breast	Invasive Breast Carcinoma	Invasive Breast Carcinoma	983	-22510	NA	73.64302857	0:DiseaseFree	Infiltrating Ductal Carcinoma	NOT HISPANIC OR LATINO	0.2652	C50.9	NO	8500/3	17	BRCA	77.59526938239159	0:LIVING	2d0d7ff4-7866-4ae1-9cf1-a3c7f4cbe48d	6bbd477d-699c-4988-a27b-0c3233b595eb	M0	N1	Stage IIB	T2	Infiltrating Ductal Carcinoma	Breast	False	False	TCGA-BRCA	Invasive Breast Carcinoma	released	WHITE	1	Primary Tumor	1	Female	0.5666666666666667	Alive	2008
brca_tcga_gdc	TCGA-E2-A1IF	TCGA-E2-A1IF-01	74	6th	Breast	Invasive Breast Carcinoma	Invasive Breast Carcinoma	956	-27341	NA	19.66005852	0:DiseaseFree	Infiltrating Ductal Carcinoma	NOT HISPANIC OR LATINO	0.1279	C50.9	NO	8500/3	15	BRCA	37.3850197109067	0:LIVING	718db047-9f32-48c4-98c9-515218441bca	5b62628a-b301-4d60-9213-396e3fc5a3ed	M0	N0	Stage I	T1c	Infiltrating Ductal Carcinoma	Breast	False	False	TCGA-BRCA	Invasive Breast Carcinoma	released	WHITE	1	Primary Tumor	1	Female	0.5	Alive	2008
brca_tcga_gdc	TCGA-E2-A1IG	TCGA-E2-A1IG-01	45	6th	Breast	Invasive Breast Carcinoma	Invasive Breast Carcinoma	755	-16757	NA	24.59151133	0:DiseaseFree	Infiltrating Ductal Carcinoma	NOT HISPANIC OR LATINO	0.1278	C50.9	NO	8500/3	35	BRCA	70.30223390275953	0:LIVING	bc0bc70f-c6cf-4dbc-9dc3-8b7bc5f381a4	5e429dd7-787c-4e7d-b672-b000b7b57929	M0	N1mi	Stage IIB	T2	Infiltrating Ductal Carcinoma	Breast	False	False	TCGA-BRCA	Invasive Breast Carcinoma	released	WHITE	1	Primary Tumor	1	Female	1.1666666666666667	Alive	2009
brca_tcga_gdc	TCGA-E2-A1IH	TCGA-E2-A1IH-01	80	6th	Breast	Invasive Breast Carcinoma	Invasive Breast Carcinoma	658	-29444	NA	75.8128678	0:DiseaseFree	Infiltrating Lobular Carcinoma	NOT HISPANIC OR LATINO	0.4248	C50.9	NO	8520/3	56	BRCA	33.70565045992115	0:LIVING	ec0155ab-1b14-498d-8fa9-9f63e3ccb990	118fd65d-0b94-4663-a2a3-1f53b278711b	M0	N0	Stage I	T1c	Infiltrating Lobular Carcinoma	Breast	False	False	TCGA-BRCA	Invasive Breast Carcinoma	released	WHITE	1	Primary Tumor	1	Female	1.8666666666666667	Alive	2008
brca_tcga_gdc	TCGA-E2-A1II	TCGA-E2-A1II-01	51	6th	Breast	Invasive Breast Carcinoma	Invasive Breast Carcinoma	850	-18788	NA	11.86836309	1:Recurred/Progressed	Infiltrating Ductal Carcinoma	NOT HISPANIC OR LATINO	0.4497	C50.9	NO	8500/3	22	BRCA	33.67279894875164	0:LIVING	0fe1419e-a005-407c-8ae7-15c4c1579539	e70a8d1b-f29d-412f-8c90-85862a2b75ad	M0	N0	Stage I	T1c	Infiltrating Ductal Carcinoma	Breast	False	False	TCGA-BRCA	Invasive Breast Carcinoma	released	WHITE	1	Primary Tumor	1	Female	0.7333333333333333	Alive	2008
brca_tcga_gdc	TCGA-E2-A1IJ	TCGA-E2-A1IJ-01	57	6th	Breast	Invasive Breast Carcinoma	Invasive Breast Carcinoma	725	-20956	NA	50.07068416	0:DiseaseFree	Infiltrating Lobular Carcinoma	NOT HISPANIC OR LATINO	0.1216	C50.9	NO	8520/3	12	BRCA	28.416557161629434	0:LIVING	b09643c2-ded5-4346-b3c5-90a48f88a02e	0c61c676-2a72-4dbe-8dcb-284bd112570c	M0	N0	Stage I	T1c	Infiltrating Lobular Carcinoma	Breast	False	False	TCGA-BRCA	Invasive Breast Carcinoma	released	WHITE	1	Primary Tumor	1	Female	0.4	Alive	2009
brca_tcga_gdc	TCGA-E2-A1IK	TCGA-E2-A1IK-01	71	6th	Breast	Invasive Breast Carcinoma	Invasive Breast Carcinoma	519	-26052	NA	106.7495151	0:DiseaseFree	Infiltrating Ductal Carcinoma	NOT HISPANIC OR LATINO	0.0000	C50.9	NO	8500/3	11	BRCA	59.13272010512483	0:LIVING	becedbfd-b2aa-4dde-b7f4-29e6f59ec32c	e2da00f3-fdb9-4ab4-964a-6828568e2e6e	M0	N1mi	Stage IIA	T1c	Infiltrating Ductal Carcinoma	Breast	False	False	TCGA-BRCA	Invasive Breast Carcinoma	released	WHITE	1	Primary Tumor	1	Female	0.36666666666666664	Alive	2009
brca_tcga_gdc	TCGA-E2-A1IL	TCGA-E2-A1IL-01	78	6th	Breast	Invasive Breast Carcinoma	Invasive Breast Carcinoma	14	-28495	NA	NA	NA	Infiltrating Lobular Carcinoma	NOT HISPANIC OR LATINO	0.1697	C50.9	NO	8520/3	19	BRCA	3.876478318002628	0:LIVING	b63391a0-73f8-4544-9e94-f6529245ca2a	a63690bb-5761-47d7-854e-7be44d9b0b3a	M0	N1a	Stage IIA	T1c	Infiltrating Lobular Carcinoma	Breast	False	False	TCGA-BRCA	Invasive Breast Carcinoma	released	WHITE	1	Primary Tumor	1	Female	0.6333333333333333	Alive	2009
brca_tcga_gdc	TCGA-E2-A1IN	TCGA-E2-A1IN-01	60	7th	Breast	Invasive Breast Carcinoma	Invasive Breast Carcinoma	392	-22199	NA	5.095834566	1:Recurred/Progressed	Infiltrating Ductal Carcinoma	NOT HISPANIC OR LATINO	0.4480	C50.9	NO	8500/3	141	BRCA	22.174770039421812	0:LIVING	f43d622f-eed5-4933-adc6-ae9ad1e33028	24153fe0-2c47-456a-b344-874a0e28de4d	M0	N0	Stage I	T1c	Infiltrating Ductal Carcinoma	Breast	False	False	TCGA-BRCA	Invasive Breast Carcinoma	released	WHITE	1	Primary Tumor	1	Female	4.7	Alive	2010
brca_tcga_gdc	TCGA-E2-A1IO	TCGA-E2-A1IO-01	37	6th	Breast	Invasive Breast Carcinoma	Invasive Breast Carcinoma	498	-13671	NA	42.83788671	1:Recurred/Progressed	Infiltrating Ductal Carcinoma	NOT HISPANIC OR LATINO	0.4133	C50.9	NO	8500/3	10	BRCA	60.939553219448094	0:LIVING	71fc8941-4cfb-47ea-a533-873d38f8c95c	de6d4267-c1cb-4761-a539-5f83368735af	M0	N0	Stage I	T1c	Infiltrating Ductal Carcinoma	Breast	False	False	TCGA-BRCA	Invasive Breast Carcinoma	released	WHITE	1	Primary Tumor	1	Female	0.3333333333333333	Alive	2009
brca_tcga_gdc	TCGA-E2-A1IU	TCGA-E2-A1IU-01	60	7th	Breast	Invasive Breast Carcinoma	Invasive Breast Carcinoma	127	-22279	NA	52.73366867	0:DiseaseFree	Infiltrating Ductal Carcinoma	NOT HISPANIC OR LATINO	0.0515	C50.9	NO	8500/3	16	BRCA	11.070959264126149	0:LIVING	001cef41-ff86-4d3f-a140-a647ac4b10a1	92058c44-a484-4e08-b1fe-dfe2f03a0aa1	M0	N0 (mol+)	Stage IA	T1c	Infiltrating Ductal Carcinoma	Breast	False	False	TCGA-BRCA	Invasive Breast Carcinoma	released	WHITE	1	Primary Tumor	1	Female	0.5333333333333333	Alive	2010
brca_tcga_gdc	TCGA-E2-A1L6	TCGA-E2-A1L6-01	44	6th	Breast	Invasive Breast Carcinoma	Invasive Breast Carcinoma	1312	-16403	NA	19.62718217	1:Recurred/Progressed	Infiltrating Ductal Carcinoma	NOT HISPANIC OR LATINO	0.1301	C50.9	NO	8500/3	15	BRCA	54.139290407358736	0:LIVING	2e32f31f-9817-4935-b259-96c59936ee33	5854b639-f677-4ee3-9d68-61b1cdd5a647	M0	N1mi	Stage IIA	T1c	Infiltrating Ductal Carcinoma	Breast	False	False	TCGA-BRCA	Invasive Breast Carcinoma	released	WHITE	1	Primary Tumor	1	Female	0.5	Alive	2007
brca_tcga_gdc	TCGA-E2-A1L7	TCGA-E2-A1L7-01	40	6th	Breast	Invasive Breast Carcinoma	Invasive Breast Carcinoma	633	-14854	NA	34.55304599	0:DiseaseFree	Infiltrating Ductal Carcinoma	NOT HISPANIC OR LATINO	0.4838	C50.9	NO	8500/3	56	BRCA	60.31537450722733	0:LIVING	791c5768-f0f5-4ab6-86eb-998e5c4b49e3	09b414c4-a314-43c5-823a-d91442b6b02b	M0	N2	Stage IIIA	T2	Infiltrating Ductal Carcinoma	Breast	False	False	TCGA-BRCA	Invasive Breast Carcinoma	released	WHITE	1	Primary Tumor	1	Female	1.8666666666666667	Alive	2009
brca_tcga_gdc	TCGA-E2-A1L8	TCGA-E2-A1L8-01	52	6th	Breast	Invasive Breast Carcinoma	Invasive Breast Carcinoma	1015	-19187	NA	NA	NA	Infiltrating Lobular Carcinoma	NOT HISPANIC OR LATINO	0.1884	C50.9	NO	8520/3	21	BRCA	73.58738501971091	0:LIVING	eebad74f-5961-4e91-b0eb-157a2f6f952b	91657171-7e5e-4a81-9201-d0b2d5806c04	M0	N1a	Stage IIB	T2	Infiltrating Lobular Carcinoma	Breast	True	False	TCGA-BRCA	Invasive Breast Carcinoma	released	BLACK OR AFRICAN AMERICAN	1	Primary Tumor	1	Female	0.7	Alive	2008
brca_tcga_gdc	TCGA-E2-A1L9	TCGA-E2-A1L9-01	40	6th	Breast	Invasive Breast Carcinoma	Invasive Breast Carcinoma	388	-14868	NA	8.284840714	0:DiseaseFree	Infiltrating Ductal Carcinoma	NOT HISPANIC OR LATINO	0.0993	C50.9	NO	8500/3	22	BRCA	19.64520367936925	0:LIVING	5ea18514-51ad-4844-abea-15e82f0b10c9	644c9a14-09da-4382-a6d1-dce67f25a4ff	M0	N1mi	Stage IIA	T1c	Infiltrating Ductal Carcinoma	Breast	False	False	TCGA-BRCA	Invasive Breast Carcinoma	released	WHITE	1	Primary Tumor	1	Female	0.7333333333333333	Alive	2009
brca_tcga_gdc	TCGA-E2-A1LA	TCGA-E2-A1LA-01	59	6th	Breast	Invasive Breast Carcinoma	Invasive Breast Carcinoma	463	-21773	NA	30.60788375	0:DiseaseFree	Infiltrating Ductal Carcinoma	NOT HISPANIC OR LATINO	0.3781	C50.9	NO	8500/3	69	BRCA	24.57293035479632	0:LIVING	ce9e0309-9756-42d2-ae94-d91264a79498	cef6023a-2fbf-44ee-a9b3-df78707bd85a	M0	N1a	Stage IIA	T1c	Infiltrating Ductal Carcinoma	Breast	False	False	TCGA-BRCA	Invasive Breast Carcinoma	released	NA	1	Primary Tumor	1	Female	2.3	Alive	2009
brca_tcga_gdc	TCGA-E2-A1LB	TCGA-E2-A1LB-01	41	6th	Breast	Invasive Breast Carcinoma	Invasive Breast Carcinoma	972	-15283	NA	34.91468587	0:DiseaseFree	Infiltrating Ductal Carcinoma	NOT HISPANIC OR LATINO	0.1053	C50.9	NO	8500/3	39	BRCA	75.75558475689881	0:LIVING	fa176764-a76f-44c7-b97a-cd6d21e052be	26f9a1ab-fa60-47f3-ac29-96acaa68fb4a	M0	N1	Stage IIB	T2	Infiltrating Ductal Carcinoma	Breast	False	False	TCGA-BRCA	Invasive Breast Carcinoma	released	BLACK OR AFRICAN AMERICAN	1	Primary Tumor	1	Female	1.3	Alive	2008
brca_tcga_gdc	TCGA-E2-A1LE	TCGA-E2-A1LE-01	71	6th	Breast	Invasive Breast Carcinoma	Invasive Breast Carcinoma	NA	-26239	879	38.76121906	0:DiseaseFree	Infiltrating Ductal Carcinoma	NOT HISPANIC OR LATINO	0.4336	C50.9	NO	8500/3	NA	BRCA	28.876478318002626	1:DECEASED	7317e605-93ba-49a9-8743-20613b02767a	ca3a64da-cebc-4451-ad48-5fdb6b9c26cc	M0	N3a	Stage IIIC	T2	Infiltrating Ductal Carcinoma	Breast	False	False	TCGA-BRCA	Invasive Breast Carcinoma	released	WHITE	1	Primary Tumor	1	Female	NA	Dead	2008
brca_tcga_gdc	TCGA-E2-A1LG	TCGA-E2-A1LG-01	50	7th	Breast	Invasive Breast Carcinoma	Invasive Breast Carcinoma	350	-18492	NA	34.29003518	0:DiseaseFree	Infiltrating Lobular Carcinoma	NOT HISPANIC OR LATINO	0.5689	C50.9	NO	8520/3	116	BRCA	50.03285151116951	0:LIVING	ef4cbd38-bc79-4d60-a715-647edd2ebe9e	b462982a-4dd0-425e-bce3-0eb8f5527264	M0	N0	Stage IIA	T2	Infiltrating Lobular Carcinoma	Breast	True	False	TCGA-BRCA	Invasive Breast Carcinoma	released	BLACK OR AFRICAN AMERICAN	1	Primary Tumor	1	Female	3.8666666666666667	Alive	2010
brca_tcga_gdc	TCGA-E2-A1LH	TCGA-E2-A1LH-01	59	5th	Breast	Invasive Breast Carcinoma	Invasive Breast Carcinoma	2876	-21628	NA	17.6874774	0:DiseaseFree	Infiltrating Ductal Carcinoma	NOT HISPANIC OR LATINO	0.1970	C50.9	NO	8500/3	158	BRCA	106.6688567674113	0:LIVING	d8ecba6a-9fff-4993-a799-9a8d2aea524e	c236908e-4814-409b-9fcc-2bedf60aa168	M0	N0	Stage I	T1c	Infiltrating Ductal Carcinoma	Breast	False	False	TCGA-BRCA	Invasive Breast Carcinoma	released	WHITE	1	Primary Tumor	1	Female	5.266666666666667	Alive	2002
brca_tcga_gdc	TCGA-E2-A1LI	TCGA-E2-A1LI-01	57	6th	Breast	Invasive Breast Carcinoma	Invasive Breast Carcinoma	2750	-21064	NA	34.81605681	0:DiseaseFree	Infiltrating Ductal Carcinoma	NOT HISPANIC OR LATINO	0.3966	C50.9	NO	8500/3	NA	BRCA	102.52956636005256	0:LIVING	3558dec7-eae3-4a41-a217-266c6a4535fb	55a21e0c-e8a7-43bf-8b28-0e06211114d7	M0	N1	Stage IIB	T2	Infiltrating Ductal Carcinoma	Breast	False	False	TCGA-BRCA	Invasive Breast Carcinoma	released	WHITE	1	Primary Tumor	1	Female	NA	Alive	2003
brca_tcga_gdc	TCGA-E2-A1LK	TCGA-E2-A1LK-01	84	6th	Breast	Invasive Breast Carcinoma	Invasive Breast Carcinoma	NA	-30757	266	32.87635204	0:DiseaseFree	Infiltrating Ductal Carcinoma	NOT HISPANIC OR LATINO	0.3909	C50.9	NO	8500/3	32	BRCA	8.73850197109067	1:DECEASED	1d27253f-b036-44e7-a04d-8da5bbf57419	cc937913-802f-48cd-a490-e6b90f007c5d	M0	N3a	Stage IIIC	T4b	Infiltrating Ductal Carcinoma	Breast	False	False	TCGA-BRCA	Invasive Breast Carcinoma	released	BLACK OR AFRICAN AMERICAN	1	Primary Tumor	1	Female	1.0666666666666667	Dead	2008
brca_tcga_gdc	TCGA-E2-A1LL	TCGA-E2-A1LL-01	73	6th	Breast	Invasive Breast Carcinoma	Invasive Breast Carcinoma	1014	-27028	NA	36.82151429	0:DiseaseFree	Infiltrating Ductal Carcinoma	NOT HISPANIC OR LATINO	0.3052	C50.9	NO	8500/3	31	BRCA	43.00262812089356	0:LIVING	2a84997d-ccee-4f46-bea2-752534f26416	e57574e4-7e01-4e61-bd29-ee4ec63dddd6	MX	N2a	Stage IIIA	T3	Infiltrating Ductal Carcinoma	Breast	False	False	TCGA-BRCA	Invasive Breast Carcinoma	released	BLACK OR AFRICAN AMERICAN	1	Primary Tumor	1	Female	1.0333333333333334	Alive	2008
brca_tcga_gdc	TCGA-E2-A1LS	TCGA-E2-A1LS-01	46	7th	Breast	Invasive Breast Carcinoma	Invasive Breast Carcinoma	239	-16887	NA	14.56422395	1:Recurred/Progressed	Infiltrating Ductal Carcinoma	NA	NA	C50.9	NO	8500/3	56	BRCA	52.69382391590013	0:LIVING	91a2f2af-e4b1-4a0b-ab20-6a36ce63c533	529056f9-7bdf-4675-bff7-a82abddf5734	M0	N0	Stage IA	T1c	Infiltrating Ductal Carcinoma	Breast	False	False	TCGA-BRCA	Invasive Breast Carcinoma	released	WHITE	1	Primary Tumor	1	Female	1.8666666666666667	Alive	2010
brca_tcga_gdc	TCGA-E2-A2P5	TCGA-E2-A2P5-01	78	7th	Breast	Invasive Breast Carcinoma	Invasive Breast Carcinoma	326	-28621	821	34.15852977	0:DiseaseFree	Infiltrating Lobular Carcinoma	NOT HISPANIC OR LATINO	0.6576	C50.9	NO	8520/3	52	BRCA	26.971090670170828	1:DECEASED	f0de67ff-8967-4fce-9c12-0e07193285cd	cd8ac496-cd1b-426f-8e17-8f15ba8e94d1	M0	N3	Stage IIIC	T2	Infiltrating Lobular Carcinoma	Breast	True	False	TCGA-BRCA	Invasive Breast Carcinoma	released	BLACK OR AFRICAN AMERICAN	1	Primary Tumor	1	Female	1.7333333333333334	Dead	2011
brca_tcga_gdc	TCGA-E2-A2P6	TCGA-E2-A2P6-01	77	7th	Breast	Invasive Breast Carcinoma	Invasive Breast Carcinoma	168	-28411	NA	36.1968636	0:DiseaseFree	Infiltrating Lobular Carcinoma	HISPANIC OR LATINO	0.1422	C50.9	NO	8520/3	NA	BRCA	34.526938239159	0:LIVING	f83b866b-0b2e-4bba-9367-be6dccf56232	3bc62725-ad6d-4685-bc50-0f1127363d90	M0	N1	Stage IIB	T2	Infiltrating Lobular Carcinoma	Breast	False	False	TCGA-BRCA	Invasive Breast Carcinoma	released	NA	1	Primary Tumor	1	Female	NA	Alive	2011
brca_tcga_gdc	TCGA-E2-A3DX	TCGA-E2-A3DX-01	43	7th	Breast	Invasive Breast Carcinoma	Invasive Breast Carcinoma	217	-15969	NA	36.55850347	0:DiseaseFree	Infiltrating Lobular Carcinoma	NOT HISPANIC OR LATINO	0.0198	C50.9	NO	8520/3	NA	BRCA	43.52825229960578	0:LIVING	31427699-e27a-4035-8925-6d8d6900d097	796df715-916f-46e4-9da1-e19c94958e07	M0	N3	Stage IIIC	T2	Infiltrating Lobular Carcinoma	Breast	False	False	TCGA-BRCA	Invasive Breast Carcinoma	released	WHITE	1	Primary Tumor	1	Female	NA	Alive	2011
brca_tcga_gdc	TCGA-E2-A56Z	TCGA-E2-A56Z-01	69	7th	Breast	Invasive Breast Carcinoma	Invasive Breast Carcinoma	219	-25282	NA	39.5502515	0:DiseaseFree	Infiltrating Ductal Carcinoma	NOT HISPANIC OR LATINO	0.4673	C50.9	NO	8500/3	32	BRCA	8.278580814717477	0:LIVING	45c3975c-d333-4237-93f7-e12dc2451c38	ef196594-35dc-4ba9-8beb-1efe72d59e6a	M0	N1a	Stage IIB	T2	Infiltrating Ductal Carcinoma	Breast	False	False	TCGA-BRCA	Invasive Breast Carcinoma	released	BLACK OR AFRICAN AMERICAN	1	Primary Tumor	1	Female	1.0666666666666667	Alive	2012
brca_tcga_gdc	TCGA-E2-A570	TCGA-E2-A570-01	47	7th	Breast	Invasive Breast Carcinoma	Invasive Breast Carcinoma	549	-17456	NA	41.62146168	0:DiseaseFree	Infiltrating Ductal Carcinoma	NOT HISPANIC OR LATINO	0.1436	C50.9	NO	8500/3	18	BRCA	30.584756898817343	0:LIVING	cdd8c046-fd97-482a-a11f-2217b321c4d1	da3319a2-f906-495c-b0de-38cb8672e28f	M0	N1mi	Stage IB	T1c	Infiltrating Ductal Carcinoma	Breast	False	False	TCGA-BRCA	Invasive Breast Carcinoma	released	BLACK OR AFRICAN AMERICAN	1	Primary Tumor	1	Female	0.6	Alive	2011
brca_tcga_gdc	TCGA-E2-A572	TCGA-E2-A572-01	72	7th	Breast	Invasive Breast Carcinoma	Invasive Breast Carcinoma	831	-26399	NA	NA	NA	Infiltrating Ductal Carcinoma	NOT HISPANIC OR LATINO	0.0718	C50.9	NO	8500/3	16	BRCA	39.68462549277267	0:LIVING	06ef6e83-5583-45b9-a0bd-edea68943083	9de14345-b948-4929-aad7-8abc4e2d35ba	M0	N2	Stage IIIA	T2	Infiltrating Ductal Carcinoma	Breast	True	False	TCGA-BRCA	Invasive Breast Carcinoma	released	BLACK OR AFRICAN AMERICAN	1	Primary Tumor	1	Female	0.5333333333333333	Alive	2011
brca_tcga_gdc	TCGA-E2-A573	TCGA-E2-A573-01	48	7th	Breast	Invasive Breast Carcinoma	Invasive Breast Carcinoma	677	-17689	NA	2.958871684	1:Recurred/Progressed	Infiltrating Ductal Carcinoma	NOT HISPANIC OR LATINO	0.2725	C50.9	NO	8500/3	42	BRCA	34.88830486202365	0:LIVING	6429c443-8ac3-407f-bb9c-66420b904bbf	8e324f79-8fbf-4d12-94d2-7b5a978425fc	M0	N0	Stage IA	T1c	Infiltrating Ductal Carcinoma	Breast	False	False	TCGA-BRCA	Invasive Breast Carcinoma	released	BLACK OR AFRICAN AMERICAN	1	Primary Tumor	1	Female	1.4	Alive	2011
brca_tcga_gdc	TCGA-E2-A574	TCGA-E2-A574-01	44	7th	Breast	Invasive Breast Carcinoma	Invasive Breast Carcinoma	605	-16195	NA	25.8408127	0:DiseaseFree	Infiltrating Ductal Carcinoma	NOT HISPANIC OR LATINO	0.6207	C50.9	NO	8500/3	82	BRCA	38.73193166885677	0:LIVING	029ce650-5e5a-4100-8596-cd94300e7ef5	cc3a7053-34f6-412f-85b8-de4c8b481d7e	M0	N0	Stage IIA	T2	Infiltrating Ductal Carcinoma	Breast	False	False	TCGA-BRCA	Invasive Breast Carcinoma	released	BLACK OR AFRICAN AMERICAN	1	Primary Tumor	1	Female	2.7333333333333334	Alive	2011
brca_tcga_gdc	TCGA-E2-A576	TCGA-E2-A576-01	69	7th	Breast	Invasive Breast Carcinoma	Invasive Breast Carcinoma	578	-25350	NA	18.93677878	0:DiseaseFree	Infiltrating Lobular Carcinoma	NOT HISPANIC OR LATINO	0.3024	C50.9	NO	8520/3	39	BRCA	34.26412614980289	0:LIVING	f04dca9e-409b-4300-b11d-12243e5d361d	155daece-cd56-4a90-9ee9-2c291c871bff	MX	N0	Stage IA	T1c	Infiltrating Lobular Carcinoma	Breast	False	False	TCGA-BRCA	Invasive Breast Carcinoma	released	BLACK OR AFRICAN AMERICAN	1	Primary Tumor	1	Female	1.3	Alive	2011
brca_tcga_gdc	TCGA-E2-A9RU	TCGA-E2-A9RU-01	89	7th	Breast	Invasive Breast Carcinoma	Invasive Breast Carcinoma	0	-32873	NA	9.862905612	0:DiseaseFree	Infiltrating Ductal Carcinoma	NOT HISPANIC OR LATINO	0.4687	C50.9	NO	8500/3	53	BRCA	0.0	0:LIVING	6f18f96e-c0c9-4cc4-9fb2-cba8949d5402	71ca5ed1-c8d8-4b05-aaa1-c4051976fe1c	MX	N3a	Stage IIIC	T2	Infiltrating Ductal Carcinoma	Breast	False	False	TCGA-BRCA	Invasive Breast Carcinoma	released	BLACK OR AFRICAN AMERICAN	1	Primary Tumor	1	Female	1.7666666666666666	Alive	2013
brca_tcga_gdc	TCGA-E9-A1N3	TCGA-E9-A1N3-01	70	7th	Breast	Invasive Breast Carcinoma	Invasive Breast Carcinoma	0	-25714	NA	24.82164579	0:DiseaseFree	Mixed Histology (please specify)	NOT HISPANIC OR LATINO	0.0791	C50.9	NO	8522/3	23	BRCA	34.78975032851511	0:LIVING	03c143e0-d8a1-4d60-a4a3-df0501fc6b6e	a3ac21e2-b92b-4597-a870-8444ddc6b4d6	M0	N2	Stage IIIA	T1c	Mixed Histology (please specify)	Breast	False	False	TCGA-BRCA	Invasive Breast Carcinoma	released	WHITE	1	Primary Tumor	1	Female	0.7333333333333333	Alive	2010
brca_tcga_gdc	TCGA-E9-A1N4	TCGA-E9-A1N4-01	41	7th	Breast	Invasive Breast Carcinoma	Invasive Breast Carcinoma	5	-15055	NA	NA	NA	Mixed Histology (please specify)	NOT HISPANIC OR LATINO	0.1916	C50.9	NO	8520/3	18	BRCA	32.8515111695138	0:LIVING	69a68fbc-e43d-4652-85ee-693211bded47	8d122839-4167-48b2-9f3a-7ff7c3f134d8	M0	N2	Stage IIIA	T2	Mixed Histology (please specify)	Breast	False	False	TCGA-BRCA	Invasive Breast Carcinoma	released	WHITE	1	Primary Tumor	1	Female	0.6	Alive	2010
brca_tcga_gdc	TCGA-E9-A1N5	TCGA-E9-A1N5-01	45	7th	Breast	Invasive Breast Carcinoma	Invasive Breast Carcinoma	0	-16736	NA	NA	NA	Mixed Histology (please specify)	NOT HISPANIC OR LATINO	0.1812	C50.9	NO	8522/3	26	BRCA	36.793692509855454	0:LIVING	f954de05-1b44-4087-8933-6cc72d81028d	cc07e1f1-e1e7-4335-ab8b-b7bebef1669f	M0	N1	Stage IIB	T2	Mixed Histology (please specify)	Breast	False	False	TCGA-BRCA	Invasive Breast Carcinoma	released	WHITE	1	Primary Tumor	1	Female	0.8666666666666667	Alive	2010
brca_tcga_gdc	TCGA-E9-A1N6	TCGA-E9-A1N6-01	52	7th	Breast	Invasive Breast Carcinoma	Invasive Breast Carcinoma	0	-19327	678	2.564355459	0:DiseaseFree	Infiltrating Ductal Carcinoma	NOT HISPANIC OR LATINO	0.2536	C50.9	NO	8500/3	NA	BRCA	22.273324572930353	1:DECEASED	955d4263-61f7-42e8-8a6e-772a0d6c209d	50a70e24-2ce8-43fd-87d7-eab2c1fa9a86	M0	N1	Stage IIB	T2	Infiltrating Ductal Carcinoma	Breast	False	False	TCGA-BRCA	Invasive Breast Carcinoma	released	WHITE	1	Primary Tumor	1	Female	NA	Dead	2010
brca_tcga_gdc	TCGA-E9-A1N8	TCGA-E9-A1N8-01	48	7th	Breast	Invasive Breast Carcinoma	Invasive Breast Carcinoma	0	-17652	NA	6.115001479	0:DiseaseFree	Infiltrating Ductal Carcinoma	NOT HISPANIC OR LATINO	0.7834	C50.9	NO	8500/3	24	BRCA	34.13272010512483	0:LIVING	ac075bc0-1b59-4557-beea-541694faee03	28e05d2f-0559-425a-accf-d5b4c1152548	M0	N0	Stage IIA	T2	Infiltrating Ductal Carcinoma	Breast	False	False	TCGA-BRCA	Invasive Breast Carcinoma	released	WHITE	1	Primary Tumor	1	Female	0.8	Alive	2010
brca_tcga_gdc	TCGA-E9-A1N9	TCGA-E9-A1N9-01	58	7th	Breast	Invasive Breast Carcinoma	Invasive Breast Carcinoma	0	-21228	NA	3.024624388	0:DiseaseFree	Mixed Histology (please specify)	NOT HISPANIC OR LATINO	0.4705	C50.9	NO	8522/3	43	BRCA	36.16951379763469	0:LIVING	994ca1f5-ad10-44ec-aa21-71fc2940653b	3c2bed9f-2ab5-4623-b631-99e394d7723d	M0	N0	Stage IIA	T2	Mixed Histology (please specify)	Breast	False	False	TCGA-BRCA	Invasive Breast Carcinoma	released	WHITE	1	Primary Tumor	1	Female	1.4333333333333333	Alive	2011
brca_tcga_gdc	TCGA-E9-A1NA	TCGA-E9-A1NA-01	58	7th	Breast	Invasive Breast Carcinoma	Invasive Breast Carcinoma	0	-21397	NA	11.14508334	0:DiseaseFree	Mixed Histology (please specify)	NOT HISPANIC OR LATINO	0.4287	C50.9	NO	8522/3	74	BRCA	36.530880420499344	0:LIVING	af577366-0258-49e7-b6af-e70056c081a4	e2ef6df2-c375-4c59-ae1b-c8cca22a8387	M0	N0	Stage IIA	T2	Mixed Histology (please specify)	Breast	False	False	TCGA-BRCA	Invasive Breast Carcinoma	released	WHITE	1	Primary Tumor	1	Female	2.466666666666667	Alive	2011
brca_tcga_gdc	TCGA-E9-A1NC	TCGA-E9-A1NC-01	61	7th	Breast	Invasive Breast Carcinoma	Invasive Breast Carcinoma	0	-22355	NA	48.22960844	0:DiseaseFree	Mixed Histology (please specify)	NOT HISPANIC OR LATINO	0.4475	C50.9	NO	8522/3	64	BRCA	39.5203679369251	0:LIVING	e74aea7c-ca14-49df-b5cf-dacb839ac27a	cb5043e3-c1c1-4b06-9135-1aada484ba4b	M0	N1	Stage IIB	T2	Mixed Histology (please specify)	Breast	False	False	TCGA-BRCA	Invasive Breast Carcinoma	released	WHITE	1	Primary Tumor	1	Female	2.1333333333333333	Alive	2011
brca_tcga_gdc	TCGA-E9-A1ND	TCGA-E9-A1ND-01	75	7th	Breast	Invasive Breast Carcinoma	Invasive Breast Carcinoma	0	-27400	NA	45.00772594	0:DiseaseFree	Infiltrating Ductal Carcinoma	NOT HISPANIC OR LATINO	0.1886	C50.9	NO	8500/3	63	BRCA	41.59001314060447	0:LIVING	f06f09f3-8133-4a92-ac86-fbe64295e0d8	b41b1f04-226e-466c-b5e1-f61e45ad3210	M0	N1	Stage IIB	T2	Infiltrating Ductal Carcinoma	Breast	False	False	TCGA-BRCA	Invasive Breast Carcinoma	released	WHITE	1	Primary Tumor	1	Female	2.1	Alive	2011
brca_tcga_gdc	TCGA-E9-A1NE	TCGA-E9-A1NE-01	28	7th	Breast	Invasive Breast Carcinoma	Invasive Breast Carcinoma	0	-10564	NA	32.08731959	0:DiseaseFree	Infiltrating Ductal Carcinoma	NOT HISPANIC OR LATINO	0.0547	C50.9	NO	8522/3	46	BRCA	35.74244415243101	0:LIVING	3d676bba-154b-4d22-ab59-d4d4da051b94	0ca24149-4cc4-4ad1-b448-4cc33fef851e	M0	N1	Stage IIB	T2	Infiltrating Ductal Carcinoma	Breast	False	False	TCGA-BRCA	Invasive Breast Carcinoma	released	WHITE	1	Primary Tumor	1	Female	1.5333333333333334	Alive	2011
brca_tcga_gdc	TCGA-E9-A1NF	TCGA-E9-A1NF-01	60	7th	Breast	Invasive Breast Carcinoma	Invasive Breast Carcinoma	0	-21981	1072	40.2406549	0:DiseaseFree	Mixed Histology (please specify)	NOT HISPANIC OR LATINO	0.5025	C50.9	NO	8522/3	42	BRCA	35.21681997371879	1:DECEASED	a8b1f6e7-2bcf-460d-b1c6-1792a9801119	0c30cd0e-a2d2-42b0-9ca9-8297de64e4a8	M0	N0	Stage IIA	T2	Mixed Histology (please specify)	Breast	False	False	TCGA-BRCA	Invasive Breast Carcinoma	released	WHITE	1	Primary Tumor	1	Female	1.4	Dead	2011
brca_tcga_gdc	TCGA-E9-A1NG	TCGA-E9-A1NG-01	62	7th	Breast	Invasive Breast Carcinoma	Invasive Breast Carcinoma	0	-22896	786	1.117795969	0:DiseaseFree	Infiltrating Ductal Carcinoma	NOT HISPANIC OR LATINO	0.0767	C50.9	NO	8500/3	14	BRCA	25.821287779237842	1:DECEASED	659b0170-e914-45ff-aa55-fcb8d3dc7b8a	7adf414b-c3f7-4e2c-aa80-81d3edd9764e	M0	N0	Stage IIA	T2	Infiltrating Ductal Carcinoma	Breast	False	False	TCGA-BRCA	Invasive Breast Carcinoma	released	WHITE	1	Primary Tumor	1	Female	0.4666666666666667	Dead	2011
brca_tcga_gdc	TCGA-E9-A1NH	TCGA-E9-A1NH-01	71	7th	Breast	Invasive Breast Carcinoma	Invasive Breast Carcinoma	0	-26221	NA	46.65154355	0:DiseaseFree	Infiltrating Ductal Carcinoma	NOT HISPANIC OR LATINO	0.1375	C50.9	NO	8500/3	23	BRCA	18.922470433639948	0:LIVING	b2aac45b-2073-4c7a-adb9-769a4fdcc111	fb0b2d84-d982-4d3a-9803-36420f2e7e46	M0	N1	Stage IIB	T2	Infiltrating Ductal Carcinoma	Breast	False	False	TCGA-BRCA	Invasive Breast Carcinoma	released	WHITE	1	Primary Tumor	1	Female	0.7666666666666667	Alive	2011
brca_tcga_gdc	TCGA-E9-A1NI	TCGA-E9-A1NI-01	51	7th	Breast	Invasive Breast Carcinoma	Invasive Breast Carcinoma	-7	-18985	NA	6.575270408	0:DiseaseFree	Mixed Histology (please specify)	NOT HISPANIC OR LATINO	0.3903	C50.9	NO	8522/3	28	BRCA	9.85545335085414	0:LIVING	c65b835a-2d38-4250-a173-0780d2c2cf58	558c43ad-12ad-42dd-94b2-80a607465fcb	M0	N0	Stage IIA	T2	Mixed Histology (please specify)	Breast	False	False	TCGA-BRCA	Invasive Breast Carcinoma	released	WHITE	1	Primary Tumor	1	Female	0.9333333333333333	Alive	2011
brca_tcga_gdc	TCGA-E9-A1QZ	TCGA-E9-A1QZ-01	61	7th	Breast	Invasive Breast Carcinoma	Invasive Breast Carcinoma	0	-22397	NA	21.27099977	0:DiseaseFree	Infiltrating Ductal Carcinoma	NOT HISPANIC OR LATINO	0.0910	C50.9	NO	8500/3	17	BRCA	24.802890932982915	0:LIVING	b6b932ce-6856-4d94-9e6c-16dfbe51906f	ec76e770-ba6b-4294-a992-993183640ff8	M0	N0	Stage IIA	T2	Infiltrating Ductal Carcinoma	Breast	False	False	TCGA-BRCA	Invasive Breast Carcinoma	released	WHITE	1	Primary Tumor	1	Female	0.5666666666666667	Alive	2011
brca_tcga_gdc	TCGA-E9-A1R0	TCGA-E9-A1R0-01	58	7th	Breast	Invasive Breast Carcinoma	Invasive Breast Carcinoma	0	-21394	NA	46.58579084	0:DiseaseFree	Infiltrating Ductal Carcinoma	NOT HISPANIC OR LATINO	0.0970	C50.9	NO	8500/3	22	BRCA	28.252299605781864	0:LIVING	f2da1d3f-f226-4c99-a97e-9b26f67d7a5d	e61781e7-6c4e-4a6f-8f8d-22896b1243ca	M0	N1	Stage IIA	T1c	Infiltrating Ductal Carcinoma	Breast	False	False	TCGA-BRCA	Invasive Breast Carcinoma	released	WHITE	1	Primary Tumor	1	Female	0.7333333333333333	Alive	2011
brca_tcga_gdc	TCGA-E9-A1R2	TCGA-E9-A1R2-01	51	7th	Breast	Invasive Breast Carcinoma	Invasive Breast Carcinoma	19	-18936	NA	47.63783411	0:DiseaseFree	Infiltrating Ductal Carcinoma	NOT HISPANIC OR LATINO	0.3292	C50.9	NO	8500/3	48	BRCA	34.92115637319316	0:LIVING	8631969d-4ac6-4fe1-9db3-d47db604494a	92b16015-e552-48e3-a095-0197b99b52a8	MX	N3	Stage IIIC	T2	Infiltrating Ductal Carcinoma	Breast	False	False	TCGA-BRCA	Invasive Breast Carcinoma	released	WHITE	1	Primary Tumor	1	Female	1.6	Alive	2011
brca_tcga_gdc	TCGA-E9-A1R3	TCGA-E9-A1R3-01	70	7th	Breast	Invasive Breast Carcinoma	Invasive Breast Carcinoma	64	-25693	NA	25.97231811	1:Recurred/Progressed	Infiltrating Ductal Carcinoma	NOT HISPANIC OR LATINO	0.4436	C50.9	NO	8500/3	22	BRCA	2.562417871222076	0:LIVING	4922cddc-575c-4b8a-8245-ce5f6876760c	27c9fa1c-e5e1-40d3-8d25-81f10d27d984	M0	N3	Stage IIIC	T2	Infiltrating Ductal Carcinoma	Breast	False	False	TCGA-BRCA	Invasive Breast Carcinoma	released	WHITE	1	Primary Tumor	1	Female	0.7333333333333333	Alive	2010
brca_tcga_gdc	TCGA-E9-A1R4	TCGA-E9-A1R4-01	66	7th	Breast	Invasive Breast Carcinoma	Invasive Breast Carcinoma	29	-24181	NA	32.05444324	0:DiseaseFree	Infiltrating Ductal Carcinoma	NOT HISPANIC OR LATINO	0.3098	C50.9	NO	8500/3	98	BRCA	6.110381077529566	0:LIVING	b7a4df9a-4e25-4550-9c10-338ca1921c2f	ea78a749-5aee-44e6-9592-b2e20eeb7ff9	M0	N0	Stage IA	T1c	Infiltrating Ductal Carcinoma	Breast	False	False	TCGA-BRCA	Invasive Breast Carcinoma	released	WHITE	1	Primary Tumor	1	Female	3.2666666666666666	Alive	2011
brca_tcga_gdc	TCGA-E9-A1R5	TCGA-E9-A1R5-01	63	7th	Breast	Invasive Breast Carcinoma	Invasive Breast Carcinoma	42	-23116	NA	42.24611237	0:DiseaseFree	Infiltrating Ductal Carcinoma	NOT HISPANIC OR LATINO	0.2595	C50.9	NO	8500/3	38	BRCA	3.0223390275952693	0:LIVING	23c21dea-3713-408f-ba56-f7c586e9f206	9f6511cf-f17a-48b9-8e58-9c251bd5e8f4	M0	N0	Stage IA	T1c	Infiltrating Ductal Carcinoma	Breast	False	False	TCGA-BRCA	Invasive Breast Carcinoma	released	WHITE	1	Primary Tumor	1	Female	1.2666666666666666	Alive	2011
brca_tcga_gdc	TCGA-E9-A1R6	TCGA-E9-A1R6-01	63	7th	Breast	Invasive Breast Carcinoma	Invasive Breast Carcinoma	84	-23347	NA	37.74205214	0:DiseaseFree	Infiltrating Ductal Carcinoma	NOT HISPANIC OR LATINO	0.4534	C50.9	NO	8500/3	23	BRCA	11.136662286465176	0:LIVING	4842bac3-abaa-4900-871f-f2c3ba6457f5	061e539b-4cde-4e37-bbcf-30937ce689c9	M0	N0	Stage IIA	T2	Infiltrating Ductal Carcinoma	Breast	False	False	TCGA-BRCA	Invasive Breast Carcinoma	released	WHITE	1	Primary Tumor	1	Female	0.7666666666666667	Alive	2010
brca_tcga_gdc	TCGA-E9-A1R7	TCGA-E9-A1R7-01	64	7th	Breast	Invasive Breast Carcinoma	Invasive Breast Carcinoma	34	-23397	NA	39.08998258	0:DiseaseFree	Infiltrating Ductal Carcinoma	NOT HISPANIC OR LATINO	0.3779	C50.9	NO	8500/3	36	BRCA	48.19316688567674	0:LIVING	2680da86-c977-4611-b75f-df015283c023	8d9f2037-1c1f-4c73-a993-dc4c2aa67d30	M0	N0	Stage IIA	T2	Infiltrating Ductal Carcinoma	Breast	False	False	TCGA-BRCA	Invasive Breast Carcinoma	released	WHITE	1	Primary Tumor	1	Female	1.2	Alive	2011
brca_tcga_gdc	TCGA-E9-A1RA	TCGA-E9-A1RA-01	48	7th	Breast	Invasive Breast Carcinoma	Invasive Breast Carcinoma	29	-17699	NA	38.36670283	0:DiseaseFree	Infiltrating Ductal Carcinoma	NOT HISPANIC OR LATINO	0.0838	C50.9	NO	8500/3	14	BRCA	44.973718791064385	0:LIVING	4b4e4ea8-6eb9-49ad-b880-c5065fe6517f	60cfca96-802d-4a36-8c14-fc0bed308bc3	M0	N0	Stage IA	T1c	Infiltrating Ductal Carcinoma	Breast	False	False	TCGA-BRCA	Invasive Breast Carcinoma	released	WHITE	1	Primary Tumor	1	Female	0.4666666666666667	Alive	2011
brca_tcga_gdc	TCGA-E9-A1RB	TCGA-E9-A1RB-01	40	7th	Breast	Invasive Breast Carcinoma	Invasive Breast Carcinoma	21	-14755	976	41.02968735	0:DiseaseFree	Infiltrating Ductal Carcinoma	NOT HISPANIC OR LATINO	0.6420	C50.9	NO	8500/3	25	BRCA	32.06307490144547	1:DECEASED	94b95984-b2fb-4e42-8887-45e7086c3179	43993e01-588a-40de-80ec-72c1a66fe70b	M0	N0	Stage IIA	T2	Infiltrating Ductal Carcinoma	Breast	False	False	TCGA-BRCA	Invasive Breast Carcinoma	released	WHITE	1	Primary Tumor	1	Female	0.8333333333333334	Dead	2011
brca_tcga_gdc	TCGA-E9-A1RC	TCGA-E9-A1RC-01	56	7th	Breast	Invasive Breast Carcinoma	Invasive Breast Carcinoma	1224	-20795	NA	41.72009074	0:DiseaseFree	Mixed Histology (please specify)	NOT HISPANIC OR LATINO	0.3424	C50.9	NO	8522/3	38	BRCA	40.21024967148489	0:LIVING	5cdae21d-eee5-478f-932a-0f51fcf5f031	9eaa7f15-8a97-4a49-9e93-b5790a1fade0	M0	N3	Stage IIIC	T4b	Mixed Histology (please specify)	Breast	False	False	TCGA-BRCA	Invasive Breast Carcinoma	released	WHITE	1	Primary Tumor	1	Female	1.2333333333333334	Alive	2007
brca_tcga_gdc	TCGA-E9-A1RD	TCGA-E9-A1RD-01	67	7th	Breast	Invasive Breast Carcinoma	Invasive Breast Carcinoma	20	-24719	NA	40.73380018	0:DiseaseFree	Infiltrating Ductal Carcinoma	NOT HISPANIC OR LATINO	0.2389	C50.9	NO	8500/3	18	BRCA	1.1169513797634691	0:LIVING	5fe3c51f-65e2-4da6-8924-a6fae17c022d	d19fe184-84a8-4a49-a4d4-75891670da4d	M0	N0	Stage IIA	T2	Infiltrating Ductal Carcinoma	Breast	False	False	TCGA-BRCA	Invasive Breast Carcinoma	released	WHITE	1	Primary Tumor	1	Female	0.6	Alive	2011
brca_tcga_gdc	TCGA-E9-A1RE	TCGA-E9-A1RE-01	74	7th	Breast	Invasive Breast Carcinoma	Invasive Breast Carcinoma	47	-27392	NA	40.50366571	0:DiseaseFree	Infiltrating Ductal Carcinoma	NOT HISPANIC OR LATINO	0.5146	C50.9	NO	8500/3	41	BRCA	46.61629434954008	0:LIVING	24046547-d038-4616-b190-52ac93f4965f	d2d7f976-2330-47aa-b1b3-947b3182b0b0	M0	N2	Stage IIIA	T2	Infiltrating Ductal Carcinoma	Breast	False	False	TCGA-BRCA	Invasive Breast Carcinoma	released	WHITE	1	Primary Tumor	1	Female	1.3666666666666667	Alive	2011
brca_tcga_gdc	TCGA-E9-A1RF	TCGA-E9-A1RF-01	68	7th	Breast	Invasive Breast Carcinoma	Invasive Breast Carcinoma	38	-25119	NA	10.02728737	1:Recurred/Progressed	Infiltrating Ductal Carcinoma	NOT HISPANIC OR LATINO	0.4102	C50.9	NO	8500/3	116	BRCA	6.570302233902759	0:LIVING	c694615c-b1c6-499c-8058-995633ebf948	ca0d78dc-c860-4835-ad07-052f176804a4	M0	N2	Stage IIIA	T2	Infiltrating Ductal Carcinoma	Breast	False	False	TCGA-BRCA	Invasive Breast Carcinoma	released	WHITE	1	Primary Tumor	1	Female	3.8666666666666667	Alive	2011
brca_tcga_gdc	TCGA-E9-A1RG	TCGA-E9-A1RG-01	62	7th	Breast	Invasive Breast Carcinoma	Invasive Breast Carcinoma	35	-22788	NA	0.690403393	0:DiseaseFree	Infiltrating Ductal Carcinoma	NOT HISPANIC OR LATINO	0.5905	C50.9	NO	8500/3	31	BRCA	21.254927726675426	0:LIVING	8744733a-7b46-43aa-bdef-64876816adbb	990eab72-718f-4d71-aa03-892fdfdfa365	M0	N2	Stage IIIA	T1c	Infiltrating Ductal Carcinoma	Breast	False	False	TCGA-BRCA	Invasive Breast Carcinoma	released	WHITE	1	Primary Tumor	1	Female	1.0	Alive	2011
brca_tcga_gdc	TCGA-E9-A1RH	TCGA-E9-A1RH-01	63	7th	Breast	Invasive Breast Carcinoma	Invasive Breast Carcinoma	14	-23224	NA	0.854785153	0:DiseaseFree	Infiltrating Ductal Carcinoma	NOT HISPANIC OR LATINO	0.4922	C50.9	NO	8500/3	71	BRCA	46.55059132720105	0:LIVING	408cb583-6dc3-4698-8bd2-e284042bd5ef	6b1bb382-0103-4207-a0e8-871aa6aae81c	M0	N0	Stage IIA	T2	Infiltrating Ductal Carcinoma	Breast	False	False	TCGA-BRCA	Invasive Breast Carcinoma	released	WHITE	1	Primary Tumor	1	Female	2.3666666666666667	Alive	2011
brca_tcga_gdc	TCGA-E9-A1RI	TCGA-E9-A1RI-01	43	7th	Breast	Invasive Breast Carcinoma	Invasive Breast Carcinoma	48	-15942	NA	38.99135352	0:DiseaseFree	Mixed Histology (please specify)	NOT HISPANIC OR LATINO	0.1250	C50.9	NO	8522/3	9	BRCA	47.60183968462549	0:LIVING	dd3bfb26-b534-4917-9c4d-9fe7b6477762	7423f6fa-4f31-46b1-a391-b5fc45833c2b	M0	N2	Stage IIIA	T1c	Mixed Histology (please specify)	Breast	False	False	TCGA-BRCA	Invasive Breast Carcinoma	released	WHITE	1	Primary Tumor	1	Female	0.3	Alive	2011
brca_tcga_gdc	TCGA-E9-A226	TCGA-E9-A226-01	45	7th	Breast	Invasive Breast Carcinoma	Invasive Breast Carcinoma	16	-16511	1048	1.93970477	0:DiseaseFree	Infiltrating Ductal Carcinoma	NOT HISPANIC OR LATINO	0.2581	C50.9	NO	8500/3	45	BRCA	34.42838370565046	1:DECEASED	dd67408e-46ba-4573-9415-d4814e9f84de	c1adf54e-8248-4b44-a9a1-e883fcc4f702	M0	N2	Stage IIIA	T2	Infiltrating Ductal Carcinoma	Breast	False	False	TCGA-BRCA	Invasive Breast Carcinoma	released	WHITE	1	Primary Tumor	1	Female	1.5	Dead	2011
brca_tcga_gdc	TCGA-E9-A227	TCGA-E9-A227-01	42	7th	Breast	Invasive Breast Carcinoma	Invasive Breast Carcinoma	24	-15602	NA	7.134168393	0:DiseaseFree	Infiltrating Ductal Carcinoma	NOT HISPANIC OR LATINO	0.0612	C50.9	NO	8500/3	14	BRCA	32.03022339027595	0:LIVING	89a8da07-4487-47c6-8d3c-442a87e4f632	409b906a-5e2c-4ce6-bc85-20a59fa383f4	M0	N1	Stage IIB	T2	Infiltrating Ductal Carcinoma	Breast	False	False	TCGA-BRCA	Invasive Breast Carcinoma	released	WHITE	1	Primary Tumor	1	Female	0.4666666666666667	Alive	2011
brca_tcga_gdc	TCGA-E9-A228	TCGA-E9-A228-01	58	7th	Breast	Invasive Breast Carcinoma	Invasive Breast Carcinoma	0	-21294	NA	24.55863497	0:DiseaseFree	Infiltrating Ductal Carcinoma	NOT HISPANIC OR LATINO	0.1677	C50.9	NO	8500/3	35	BRCA	42.21419185282523	0:LIVING	b95eef8a-205f-4cf8-9d3c-ae51d406e1e0	6d129f34-7de2-4f8a-b150-e6111c5845cc	M0	N1	Stage IIB	T2	Infiltrating Ductal Carcinoma	Breast	False	False	TCGA-BRCA	Invasive Breast Carcinoma	released	WHITE	1	Primary Tumor	1	Female	1.1666666666666667	Alive	2011
brca_tcga_gdc	TCGA-E9-A229	TCGA-E9-A229-01	37	7th	Breast	Invasive Breast Carcinoma	Invasive Breast Carcinoma	0	-13817	NA	12.32863202	0:DiseaseFree	Infiltrating Ductal Carcinoma	NOT HISPANIC OR LATINO	0.1720	C50.9	NO	8500/3	17	BRCA	37.71353482260184	0:LIVING	cea9d8f9-e18c-4947-a461-5f712e3c1e6d	c3927b5c-d641-45e5-87ea-9cc18c7ec85e	M0	N0	Stage IA	T1c	Infiltrating Ductal Carcinoma	Breast	False	False	TCGA-BRCA	Invasive Breast Carcinoma	released	WHITE	1	Primary Tumor	1	Female	0.5666666666666667	Alive	2011
brca_tcga_gdc	TCGA-E9-A22A	TCGA-E9-A22A-01	74	7th	Breast	Invasive Breast Carcinoma	Invasive Breast Carcinoma	0	-27288	NA	17.22720847	1:Recurred/Progressed	Infiltrating Ductal Carcinoma	NOT HISPANIC OR LATINO	0.3200	C50.9	NO	8500/3	23	BRCA	39.060446780551906	0:LIVING	4aacbc42-5ac5-4339-b9fa-c6e812084837	0f0cca8e-770c-45df-a6cc-466cc9328637	M0	N0	Stage IIA	T2	Infiltrating Ductal Carcinoma	Breast	False	False	TCGA-BRCA	Invasive Breast Carcinoma	released	WHITE	1	Primary Tumor	1	Female	0.7666666666666667	Alive	2011
brca_tcga_gdc	TCGA-E9-A22B	TCGA-E9-A22B-01	71	7th	Breast	Invasive Breast Carcinoma	Invasive Breast Carcinoma	0	-26278	NA	9.468389388	0:DiseaseFree	Mixed Histology (please specify)	NOT HISPANIC OR LATINO	0.2666	C50.9	NO	8522/3	50	BRCA	38.3377135348226	0:LIVING	b956df1b-bc77-4bdb-a5bd-5dda7b4c8da7	3f1e9bda-addf-4e24-a92f-123085bf40bc	M0	N0	Stage IA	T1c	Mixed Histology (please specify)	Breast	False	False	TCGA-BRCA	Invasive Breast Carcinoma	released	WHITE	1	Primary Tumor	1	Female	1.6666666666666667	Alive	2011
brca_tcga_gdc	TCGA-E9-A22D	TCGA-E9-A22D-01	38	7th	Breast	Invasive Breast Carcinoma	Invasive Breast Carcinoma	0	-14115	NA	38.07081566	0:DiseaseFree	Infiltrating Ductal Carcinoma	NOT HISPANIC OR LATINO	0.2578	C50.9	NO	8500/3	18	BRCA	40.99868593955322	0:LIVING	cf0a3f38-5850-44e1-8574-808bd37d84a3	0d7c1a37-5da1-4257-a118-b7d0717f23da	M0	N0	Stage IIA	T2	Infiltrating Ductal Carcinoma	Breast	False	False	TCGA-BRCA	Invasive Breast Carcinoma	released	WHITE	1	Primary Tumor	1	Female	0.6	Alive	2011
brca_tcga_gdc	TCGA-E9-A22E	TCGA-E9-A22E-01	56	7th	Breast	Invasive Breast Carcinoma	Invasive Breast Carcinoma	0	-20574	NA	32.90922839	0:DiseaseFree	Infiltrating Ductal Carcinoma	NOT HISPANIC OR LATINO	0.4570	C50.9	NO	8500/3	95	BRCA	41.68856767411301	0:LIVING	64d4dfae-8d91-464b-adc3-80ba7caf54ae	147a9822-8704-4a7f-b856-9a659f4717b3	M0	N2	Stage IIIA	T2	Infiltrating Ductal Carcinoma	Breast	False	False	TCGA-BRCA	Invasive Breast Carcinoma	released	WHITE	1	Primary Tumor	1	Female	3.1666666666666665	Alive	2011
brca_tcga_gdc	TCGA-E9-A22G	TCGA-E9-A22G-01	47	7th	Breast	Invasive Breast Carcinoma	Invasive Breast Carcinoma	0	-17300	NA	30.18049117	0:DiseaseFree	Infiltrating Ductal Carcinoma	NOT HISPANIC OR LATINO	0.8842	C50.9	NO	8500/3	73	BRCA	40.70302233902759	0:LIVING	56033839-35d5-4d72-8b8c-400cb345263d	55e28aaf-8025-4b46-97d3-96cdf512a609	M0	N0	Stage IIA	T2	Infiltrating Ductal Carcinoma	Breast	False	False	TCGA-BRCA	Invasive Breast Carcinoma	released	WHITE	1	Primary Tumor	1	Female	2.433333333333333	Alive	2011
brca_tcga_gdc	TCGA-E9-A22H	TCGA-E9-A22H-01	42	7th	Breast	Invasive Breast Carcinoma	Invasive Breast Carcinoma	0	-15504	NA	30.44350199	0:DiseaseFree	Infiltrating Ductal Carcinoma	NOT HISPANIC OR LATINO	0.1142	C50.9	NO	8500/3	21	BRCA	40.473061760841	0:LIVING	161917b8-88ad-407b-ade6-d6b98478b359	9ff0477c-10cd-47d6-8d0d-4e763ea185a8	M0	N1	Stage IIB	T2	Infiltrating Ductal Carcinoma	Breast	False	False	TCGA-BRCA	Invasive Breast Carcinoma	released	WHITE	1	Primary Tumor	1	Female	0.7	Alive	2011
brca_tcga_gdc	TCGA-E9-A243	TCGA-E9-A243-01	52	7th	Breast	Invasive Breast Carcinoma	Invasive Breast Carcinoma	43	-19035	NA	23.90110793	0:DiseaseFree	Infiltrating Ductal Carcinoma	NOT HISPANIC OR LATINO	0.1078	C50.9	NO	8500/3	57	BRCA	20.105124835742444	0:LIVING	d4a1ecdc-399c-4f82-aa7a-68a0c82ded3f	ae72a901-e7b7-41cf-8eeb-2a7fb51e14f0	M0	N0 (i-)	Stage IIA	T2	Infiltrating Ductal Carcinoma	Breast	False	False	TCGA-BRCA	Invasive Breast Carcinoma	released	WHITE	1	Primary Tumor	1	Female	1.9	Alive	2011
brca_tcga_gdc	TCGA-E9-A244	TCGA-E9-A244-01	54	7th	Breast	Invasive Breast Carcinoma	Invasive Breast Carcinoma	21	-19778	NA	23.83535523	0:DiseaseFree	Infiltrating Ductal Carcinoma	NOT HISPANIC OR LATINO	0.4011	C50.9	NO	8500/3	74	BRCA	0.6898817345597897	0:LIVING	a4c59287-1ad5-46a5-8040-e591e6ce064f	51e96168-f2d8-4827-9910-66264b410b4c	M0	N0 (i-)	Stage IIA	T2	Infiltrating Ductal Carcinoma	Breast	False	False	TCGA-BRCA	Invasive Breast Carcinoma	released	WHITE	1	Primary Tumor	1	Female	2.466666666666667	Alive	2011
brca_tcga_gdc	TCGA-E9-A245	TCGA-E9-A245-01	47	7th	Breast	Invasive Breast Carcinoma	Invasive Breast Carcinoma	26	-17363	NA	26.69559786	0:DiseaseFree	Infiltrating Ductal Carcinoma	NOT HISPANIC OR LATINO	0.0344	C50.9	NO	8500/3	15	BRCA	0.8541392904073587	1:DECEASED	8218119a-f68b-4ea7-9ee4-5e2edc2ae342	dc85267a-0ce1-439e-9ecf-e5a13ad06f26	M0	N1	Stage IIB	T2	Infiltrating Ductal Carcinoma	Breast	False	False	TCGA-BRCA	Invasive Breast Carcinoma	released	WHITE	1	Primary Tumor	1	Female	0.5	Dead	2011
brca_tcga_gdc	TCGA-E9-A247	TCGA-E9-A247-01	59	7th	Breast	Invasive Breast Carcinoma	Invasive Breast Carcinoma	13	-21562	NA	0.789032449	0:DiseaseFree	Infiltrating Ductal Carcinoma	NOT HISPANIC OR LATINO	0.6883	C50.9	NO	8500/3	30	BRCA	38.96189224704336	0:LIVING	636b0a90-c8c2-4ad6-a77d-6cd428a826d1	c6f8aca1-259f-48ab-a470-a1afecb8a2a9	M0	N0 (i-)	Stage IA	T1c	Infiltrating Ductal Carcinoma	Breast	False	False	TCGA-BRCA	Invasive Breast Carcinoma	released	WHITE	1	Primary Tumor	1	Female	1.0	Alive	2011
brca_tcga_gdc	TCGA-E9-A248	TCGA-E9-A248-01	51	7th	Breast	Invasive Breast Carcinoma	Invasive Breast Carcinoma	22	-18684	NA	25.80793635	0:DiseaseFree	Infiltrating Ductal Carcinoma	NOT HISPANIC OR LATINO	0.1090	C50.9	NO	8500/3	19	BRCA	1.938239159001314	0:LIVING	539bbbed-43fb-4fef-9c67-6406f58b186a	02ec11f4-1d26-4d2f-babe-d576ebfff1c7	M0	N0 (i-)	Stage IIA	T2	Infiltrating Ductal Carcinoma	Breast	False	False	TCGA-BRCA	Invasive Breast Carcinoma	released	WHITE	1	Primary Tumor	1	Female	0.6333333333333333	Alive	2011
brca_tcga_gdc	TCGA-E9-A249	TCGA-E9-A249-01	45	7th	Breast	Invasive Breast Carcinoma	Invasive Breast Carcinoma	29	-16689	NA	26.39971069	0:DiseaseFree	Infiltrating Ductal Carcinoma	NOT HISPANIC OR LATINO	0.3846	C50.9	NO	8500/3	NA	BRCA	7.128777923784494	0:LIVING	fb3607eb-858e-4ecd-8477-95140658c6d2	bf8eb507-a277-4f3a-a605-313cd37f18b4	M0	N0 (i-)	Stage IIA	T2	Infiltrating Ductal Carcinoma	Breast	False	False	TCGA-BRCA	Invasive Breast Carcinoma	released	WHITE	1	Primary Tumor	1	Female	NA	Alive	2011
brca_tcga_gdc	TCGA-E9-A24A	TCGA-E9-A24A-01	69	7th	Breast	Invasive Breast Carcinoma	Invasive Breast Carcinoma	11	-25370	NA	27.84627018	0:DiseaseFree	Infiltrating Ductal Carcinoma	NOT HISPANIC OR LATINO	0.1358	C50.9	NO	8500/3	22	BRCA	24.540078843626805	0:LIVING	9f3cc92b-fa22-478e-a2e4-6b4c8afb93d6	91202959-0b44-43ba-961c-58c9de842d76	M0	N1	Stage IIA	T1c	Infiltrating Ductal Carcinoma	Breast	False	False	TCGA-BRCA	Invasive Breast Carcinoma	released	WHITE	1	Primary Tumor	1	Female	0.7333333333333333	Alive	2011
brca_tcga_gdc	TCGA-E9-A295	TCGA-E9-A295-01	71	7th	Breast	Invasive Breast Carcinoma	Invasive Breast Carcinoma	22	-25957	NA	12.19712661	0:DiseaseFree	Infiltrating Lobular Carcinoma	NOT HISPANIC OR LATINO	0.4376	C50.9	NO	8520/3	70	BRCA	12.319316688567673	0:LIVING	fec0da58-1047-44d2-b6d1-c18cceed43dc	3944bcd6-1a95-4297-8cf3-7e7d38b9390e	M0	N0 (i-)	Stage IIA	T2	Infiltrating Lobular Carcinoma	Breast	False	False	TCGA-BRCA	Invasive Breast Carcinoma	released	WHITE	1	Primary Tumor	1	Female	2.3333333333333335	Alive	2011
brca_tcga_gdc	TCGA-E9-A2JS	TCGA-E9-A2JS-01	72	7th	Breast	Invasive Breast Carcinoma	Invasive Breast Carcinoma	13	-26407	904	39.71463326	0:DiseaseFree	Infiltrating Lobular Carcinoma	NOT HISPANIC OR LATINO	0.6065	C50.9	NO	8520/3	46	BRCA	29.69776609724047	1:DECEASED	4a831893-f4ca-4357-a756-b5e954e35dd7	c18a3e05-f8ee-454c-89b2-5659045ba68e	M0	N1	Stage IIB	T2	Infiltrating Lobular Carcinoma	Breast	False	False	TCGA-BRCA	Invasive Breast Carcinoma	released	WHITE	1	Primary Tumor	1	Female	1.5333333333333334	Dead	2011
brca_tcga_gdc	TCGA-E9-A2JT	TCGA-E9-A2JT-01	63	7th	Breast	Invasive Breast Carcinoma	Invasive Breast Carcinoma	23	-23318	NA	8.482098826	0:DiseaseFree	Infiltrating Lobular Carcinoma	NOT HISPANIC OR LATINO	0.0012	C50.9	NO	8520/3	16	BRCA	9.461235216819974	0:LIVING	b35fbe19-0e6d-427e-b9be-ee3527b5fca6	5fce29d3-4250-4696-b691-d4bc953c21cd	M0	N0 (i-)	Stage IIA	T2	Infiltrating Lobular Carcinoma	Breast	False	False	TCGA-BRCA	Invasive Breast Carcinoma	released	WHITE	1	Primary Tumor	1	Female	0.5333333333333333	Alive	2011
brca_tcga_gdc	TCGA-E9-A3HO	TCGA-E9-A3HO-01	49	7th	Breast	Invasive Breast Carcinoma	Invasive Breast Carcinoma	19	-18046	NA	18.21349903	0:DiseaseFree	Infiltrating Lobular Carcinoma	NOT HISPANIC OR LATINO	0.3742	C50.9	NO	8520/3	NA	BRCA	38.042049934296976	0:LIVING	807b62ed-d3f7-4211-83be-754386ff2c96	4949d427-3b3c-408d-8035-c884bb41e41c	M0	N0 (i-)	Stage IIA	T2	Infiltrating Lobular Carcinoma	Breast	False	False	TCGA-BRCA	Invasive Breast Carcinoma	released	WHITE	1	Primary Tumor	1	Female	NA	Alive	2011
brca_tcga_gdc	TCGA-E9-A3Q9	TCGA-E9-A3Q9-01	78	7th	Breast	Invasive Breast Carcinoma	Invasive Breast Carcinoma	31	-28715	NA	18.90390242	0:DiseaseFree	Infiltrating Lobular Carcinoma	NOT HISPANIC OR LATINO	0.0272	C50.9	NO	8520/3	NA	BRCA	32.88436268068331	0:LIVING	e36e985d-2c44-4e14-854a-7dbca4bb0304	5d1cb65a-7798-455d-8100-25871cec5a47	M0	N3	Stage IIIC	T3	Infiltrating Lobular Carcinoma	Breast	False	False	TCGA-BRCA	Invasive Breast Carcinoma	released	WHITE	1	Primary Tumor	1	Female	NA	Alive	2011
brca_tcga_gdc	TCGA-E9-A3QA	TCGA-E9-A3QA-01	33	7th	Breast	Invasive Breast Carcinoma	Invasive Breast Carcinoma	19	-12142	NA	13.24916987	0:DiseaseFree	Medullary Carcinoma	NOT HISPANIC OR LATINO	0.1183	C50.9	NO	8510/3	NA	BRCA	30.157687253613666	0:LIVING	f3cb557d-23e4-4fd1-81ca-db1a3f56d56e	27e8b056-063f-4742-a591-b98fb9a948a5	M0	N0 (i-)	Stage IIA	T2	Medullary Carcinoma	Breast	False	False	TCGA-BRCA	Invasive Breast Carcinoma	released	WHITE	1	Primary Tumor	1	Female	NA	Alive	2011
brca_tcga_gdc	TCGA-E9-A3X8	TCGA-E9-A3X8-01	48	7th	Breast	Invasive Breast Carcinoma	Invasive Breast Carcinoma	23	-17588	NA	16.56968143	0:DiseaseFree	Infiltrating Lobular Carcinoma	NOT HISPANIC OR LATINO	0.0715	C50.9	NO	8520/3	22	BRCA	30.420499342969777	0:LIVING	95873e61-afdb-496c-9f77-3f9beb008cda	c9e12d18-6092-499f-92ae-6fd6b16f2acd	M0	N1	Stage IIB	T2	Infiltrating Lobular Carcinoma	Breast	False	False	TCGA-BRCA	Invasive Breast Carcinoma	released	WHITE	1	Primary Tumor	1	Female	0.7333333333333333	Alive	2011
brca_tcga_gdc	TCGA-E9-A54X	TCGA-E9-A54X-01	85	7th	Breast	Invasive Breast Carcinoma	Invasive Breast Carcinoma	0	-31173	NA	15.68201992	0:DiseaseFree	Mucinous Carcinoma	NOT HISPANIC OR LATINO	0.2208	C50.9	NO	8480/3	NA	BRCA	23.88304862023653	0:LIVING	3dbc8d60-3a97-47b2-91d0-c18fb46b4365	076736e4-6b47-40f4-bbd6-3868dfd1b9c5	M0	N0 (i-)	Stage IA	T1b	Mucinous Carcinoma	Breast	False	False	TCGA-BRCA	Invasive Breast Carcinoma	released	WHITE	1	Primary Tumor	1	Female	NA	Alive	2012
brca_tcga_gdc	TCGA-E9-A54Y	TCGA-E9-A54Y-01	63	7th	Breast	Invasive Breast Carcinoma	Invasive Breast Carcinoma	7	-23057	NA	28.76680804	0:DiseaseFree	Infiltrating Lobular Carcinoma	NOT HISPANIC OR LATINO	0.5455	C50.9	NO	8520/3	28	BRCA	23.817345597897503	0:LIVING	182c4bdf-2c58-4303-b034-459da86b9d90	4c42ec4c-0ebd-41ff-8758-1e6a69cf7eb3	M0	N2	Stage IIIA	T2	Infiltrating Lobular Carcinoma	Breast	False	False	TCGA-BRCA	Invasive Breast Carcinoma	released	WHITE	1	Primary Tumor	1	Female	0.9333333333333333	Alive	2012
brca_tcga_gdc	TCGA-E9-A5FK	TCGA-E9-A5FK-01	60	7th	Breast	Invasive Breast Carcinoma	Invasive Breast Carcinoma	12	-22199	NA	25.93944176	0:DiseaseFree	Infiltrating Lobular Carcinoma	NOT HISPANIC OR LATINO	0.1002	C50.9	NO	8520/3	20	BRCA	26.675427069645202	0:LIVING	b304302a-f2b9-4cd7-ab14-c21edf7778ea	ad9e6197-47ac-454c-9c33-1988e9b66611	M0	N3	Stage IIIC	T2	Infiltrating Lobular Carcinoma	Breast	False	False	TCGA-BRCA	Invasive Breast Carcinoma	released	WHITE	1	Primary Tumor	1	Female	0.6666666666666666	Alive	2012
brca_tcga_gdc	TCGA-E9-A5FL	TCGA-E9-A5FL-01	65	7th	Breast	Invasive Breast Carcinoma	Invasive Breast Carcinoma	8	-24053	NA	22.81618832	0:DiseaseFree	Metaplastic Carcinoma	NOT HISPANIC OR LATINO	0.4437	C50.9	NO	8575/3	77	BRCA	0.7884362680683311	0:LIVING	e3935ce4-64d3-4a66-ba11-d308b844b410	c677f76a-9a14-455b-b53b-1de5cd448678	M0	N0	Stage IIB	T3	Metaplastic Carcinoma	Breast	False	False	TCGA-BRCA	Invasive Breast Carcinoma	released	WHITE	1	Primary Tumor	1	Female	2.566666666666667	Alive	2012
brca_tcga_gdc	TCGA-E9-A5UO	TCGA-E9-A5UO-01	41	7th	Breast	Invasive Breast Carcinoma	Invasive Breast Carcinoma	7	-15050	NA	29.95035671	0:DiseaseFree	Mucinous Carcinoma	NOT HISPANIC OR LATINO	0.2369	C50.9	NO	8480/3	20	BRCA	25.78843626806833	0:LIVING	ed2617c3-5d3b-4688-9283-0f8a10e0b10d	ece822af-ea84-419b-99f1-6ce53e4c1e8a	M0	N0	Stage IIA	T2	Mucinous Carcinoma	Breast	False	False	TCGA-BRCA	Invasive Breast Carcinoma	released	WHITE	1	Primary Tumor	1	Female	0.6666666666666666	Alive	2012
brca_tcga_gdc	TCGA-E9-A5UP	TCGA-E9-A5UP-01	63	7th	Breast	Invasive Breast Carcinoma	Invasive Breast Carcinoma	0	-23371	NA	29.85172765	0:DiseaseFree	Other, specify	NOT HISPANIC OR LATINO	0.5955	C50.9	NO	8503/3	NA	BRCA	26.379763469119577	0:LIVING	a412b374-4d25-491f-b76f-ddaa989acf59	d5de71c5-b810-426d-a1f9-7f7ff07b775f	M0	N0	Stage IIA	T2	Other, specify	Breast	False	False	TCGA-BRCA	Invasive Breast Carcinoma	released	WHITE	1	Primary Tumor	1	Female	NA	Alive	2012
brca_tcga_gdc	TCGA-E9-A6HE	TCGA-E9-A6HE-01	45	7th	Breast	Invasive Breast Carcinoma	Invasive Breast Carcinoma	92	-16697	NA	40.40503666	0:DiseaseFree	Infiltrating Lobular Carcinoma	NOT HISPANIC OR LATINO	0.1633	C50.9	NO	8520/3	20	BRCA	27.825229960578184	0:LIVING	7e9c8d3c-790c-46ad-8f31-b557b7c26f69	ce4833ca-7926-4c85-9a2d-1def273d4f77	MX	N3	Stage IIIC	T3	Infiltrating Lobular Carcinoma	Breast	False	False	TCGA-BRCA	Invasive Breast Carcinoma	released	WHITE	1	Primary Tumor	1	Female	0.6666666666666666	Alive	2012
brca_tcga_gdc	TCGA-EW-A1IW	TCGA-EW-A1IW-01	80	7th	Breast	Invasive Breast Carcinoma	Invasive Breast Carcinoma	252	-29529	NA	35.96672913	1:Recurred/Progressed	Infiltrating Lobular Carcinoma	HISPANIC OR LATINO	0.1746	C50.9	NO	8520/3	62	BRCA	12.187910643889618	0:LIVING	5e2cbc56-97f9-4b94-ade2-a3f739bcc7be	bfd30c90-9b30-4e7b-96f5-1f1b2ce23f04	MX	N1a	Stage IIB	T2	Infiltrating Lobular Carcinoma	Breast	False	False	TCGA-BRCA	Invasive Breast Carcinoma	released	WHITE	1	Primary Tumor	1	Female	2.066666666666667	Alive	2010
brca_tcga_gdc	TCGA-EW-A1IX	TCGA-EW-A1IX-01	48	6th	Breast	Invasive Breast Carcinoma	Invasive Breast Carcinoma	1082	-17597	NA	33.33662097	1:Recurred/Progressed	Other, specify	HISPANIC OR LATINO	0.0678	C50.9	NO	8524/3	25	BRCA	39.68462549277267	0:LIVING	e8614b7d-132e-4b4e-b1ae-df8bb4f2d4d4	142d082f-444c-4384-97c0-bbc78e228470	MX	N1a	Stage IIA	T1b	Other, specify	Breast	False	False	TCGA-BRCA	Invasive Breast Carcinoma	released	ASIAN	1	Primary Tumor	1	Female	0.8333333333333334	Alive	2008
brca_tcga_gdc	TCGA-EW-A1IY	TCGA-EW-A1IY-01	38	6th	Breast	Invasive Breast Carcinoma	Invasive Breast Carcinoma	258	-14122	NA	52.96380314	0:DiseaseFree	Infiltrating Ductal Carcinoma	NOT HISPANIC OR LATINO	0.0509	C50.9	NO	8500/3	18	BRCA	8.47568988173456	0:LIVING	5ff12cbe-a3e0-4ce6-8452-12b984a1baaf	d728c743-10a6-4ac4-8725-61c0d2980057	MX	N0	Stage I	T1c	Infiltrating Ductal Carcinoma	Breast	False	False	TCGA-BRCA	Invasive Breast Carcinoma	released	ASIAN	1	Primary Tumor	1	Female	0.6	Alive	2009
brca_tcga_gdc	TCGA-EW-A1IZ	TCGA-EW-A1IZ-01	53	7th	Breast	Invasive Breast Carcinoma	Invasive Breast Carcinoma	260	-19706	NA	29.8188513	0:DiseaseFree	Infiltrating Ductal Carcinoma	NOT HISPANIC OR LATINO	0.0162	C50.9	NO	8500/3	325	BRCA	18.199737187910642	0:LIVING	c0f88fc5-56b0-4255-bbd1-9a21ced8b37b	ca459603-f477-4ff4-9d47-902b3cbad196	MX	N2a	Stage IIIA	T2	Infiltrating Ductal Carcinoma	Breast	False	False	TCGA-BRCA	Invasive Breast Carcinoma	released	WHITE	1	Primary Tumor	1	Female	10.833333333333334	Alive	2010
brca_tcga_gdc	TCGA-EW-A1J1	TCGA-EW-A1J1-01	38	7th	Breast	Invasive Breast Carcinoma	Invasive Breast Carcinoma	282	-14122	NA	23.11207548	0:DiseaseFree	Infiltrating Ductal Carcinoma	HISPANIC OR LATINO	0.2793	C50.9	NO	8500/3	14	BRCA	18.889618922470433	0:LIVING	ed6cef77-1bd9-4e3b-b576-550a91e4253a	af9f631b-2857-48e2-8d77-34f66c1c6149	M0	N1a	Stage IIB	T2	Infiltrating Ductal Carcinoma	Breast	False	False	TCGA-BRCA	Invasive Breast Carcinoma	released	WHITE	1	Primary Tumor	1	Female	0.4666666666666667	Alive	2010
brca_tcga_gdc	TCGA-EW-A1J2	TCGA-EW-A1J2-01	50	7th	Breast	Invasive Breast Carcinoma	Invasive Breast Carcinoma	140	-18558	NA	NA	NA	Infiltrating Lobular Carcinoma	NOT HISPANIC OR LATINO	0.1445	C50.9	NO	8520/3	25	BRCA	13.23915900131406	0:LIVING	a381275f-8858-4793-a8a2-0ca9db7274c8	2556d93d-9252-4248-a044-91deaa7f02df	MX	N1mi	NA	T1c	Infiltrating Lobular Carcinoma	Breast	False	False	TCGA-BRCA	Invasive Breast Carcinoma	released	BLACK OR AFRICAN AMERICAN	1	Primary Tumor	1	Female	0.8333333333333334	Alive	2010
brca_tcga_gdc	TCGA-EW-A1J3	TCGA-EW-A1J3-01	61	7th	Breast	Invasive Breast Carcinoma	Invasive Breast Carcinoma	252	-22332	NA	23.96686064	1:Recurred/Progressed	Infiltrating Lobular Carcinoma	HISPANIC OR LATINO	0.1847	C50.9	NO	8520/3	18	BRCA	16.557161629434955	0:LIVING	bb1de798-0c02-437e-b539-33cb556d3993	3e2102ac-0d18-4cf5-8617-863245e21b3f	M0	N0	Stage IA	T1c	Infiltrating Lobular Carcinoma	Breast	False	False	TCGA-BRCA	Invasive Breast Carcinoma	released	WHITE	1	Primary Tumor	1	Female	0.6	Alive	2010
brca_tcga_gdc	TCGA-EW-A1J5	TCGA-EW-A1J5-01	59	7th	Breast	Invasive Breast Carcinoma	Invasive Breast Carcinoma	227	-21559	NA	6.805404872	1:Recurred/Progressed	Infiltrating Lobular Carcinoma	NOT HISPANIC OR LATINO	0.1799	C50.9	NO	8520/3	327	BRCA	15.670170827858081	0:LIVING	5d8ed961-a012-4b6b-bffb-9468d3953646	bf42e8ce-cd3e-46c8-92f9-ea5cda443a6f	M0	N0 (i-)	Stage IIB	T3	Infiltrating Lobular Carcinoma	Breast	False	False	TCGA-BRCA	Invasive Breast Carcinoma	released	WHITE	1	Primary Tumor	1	Female	10.9	Alive	2010
brca_tcga_gdc	TCGA-EW-A1J6	TCGA-EW-A1J6-01	70	6th	Breast	Invasive Breast Carcinoma	Invasive Breast Carcinoma	595	-25830	NA	18.90390242	0:DiseaseFree	Infiltrating Ductal Carcinoma	HISPANIC OR LATINO	0.9031	C50.9	NO	8500/3	30	BRCA	28.74507227332457	0:LIVING	87281a89-91d2-44f7-9f80-668567ad5c72	1e20ead6-a07f-4f0d-962a-a3a240722fb6	M0	N0 (i-)	Stage I	T1c	Infiltrating Ductal Carcinoma	Breast	False	False	TCGA-BRCA	Invasive Breast Carcinoma	released	WHITE	1	Primary Tumor	1	Female	1.0	Alive	2009
brca_tcga_gdc	TCGA-EW-A1OV	TCGA-EW-A1OV-01	56	6th	Breast	Invasive Breast Carcinoma	Invasive Breast Carcinoma	523	-20764	NA	19.98882204	0:DiseaseFree	Infiltrating Ductal Carcinoma	HISPANIC OR LATINO	0.3958	C50.9	NO	8500/3	81	BRCA	25.919842312746386	0:LIVING	ac68d219-5670-4ddd-8df6-8aa7ad59e5c7	684196da-0213-497f-b239-7b5e76b01d0e	MX	N1mi	Stage IIB	T2	Infiltrating Ductal Carcinoma	Breast	False	False	TCGA-BRCA	Invasive Breast Carcinoma	released	WHITE	1	Primary Tumor	1	Female	2.7	Alive	2009
brca_tcga_gdc	TCGA-EW-A1OW	TCGA-EW-A1OW-01	58	6th	Breast	Invasive Breast Carcinoma	Invasive Breast Carcinoma	464	-21465	NA	6.147877832	0:DiseaseFree	Infiltrating Ductal Carcinoma	NOT HISPANIC OR LATINO	0.5647	C50.9	NO	8090/3	NA	BRCA	22.798948751642573	0:LIVING	f55dd73d-8c36-440b-84e5-9aae53107775	9f55d963-2c1d-4886-980e-edff099babf5	MX	N0	Stage IIA	T2	Infiltrating Ductal Carcinoma	Breast	False	False	TCGA-BRCA	Invasive Breast Carcinoma	released	BLACK OR AFRICAN AMERICAN	1	Primary Tumor	1	Female	NA	Alive	2009
brca_tcga_gdc	TCGA-EW-A1OX	TCGA-EW-A1OX-01	43	6th	Breast	Invasive Breast Carcinoma	Invasive Breast Carcinoma	562	-15837	NA	13.93957327	0:DiseaseFree	Mucinous Carcinoma	HISPANIC OR LATINO	0.0937	C50.9	NO	8523/3	8	BRCA	29.927726675427067	0:LIVING	5fc7ff35-d3f7-4687-8759-3542bd58e988	8ba7248f-69cd-4b16-8900-ad2feec2eab8	MX	N0	Stage IIA	T2	Mucinous Carcinoma	Breast	False	False	TCGA-BRCA	Invasive Breast Carcinoma	released	WHITE	1	Primary Tumor	1	Female	0.26666666666666666	Alive	2009
brca_tcga_gdc	TCGA-EW-A1OY	TCGA-EW-A1OY-01	63	6th	Breast	Invasive Breast Carcinoma	Invasive Breast Carcinoma	593	-23266	NA	10.52043265	0:DiseaseFree	Infiltrating Ductal Carcinoma	HISPANIC OR LATINO	0.5836	C50.9	NO	8500/3	49	BRCA	29.829172141918527	0:LIVING	53ff5893-7d5e-4bcb-be9c-665fa34b7824	22ebe36e-3c42-4ca0-a624-c4219074bab9	MX	N0	Stage IIA	T2	Infiltrating Ductal Carcinoma	Breast	False	False	TCGA-BRCA	Invasive Breast Carcinoma	released	WHITE	1	Primary Tumor	1	Female	1.6333333333333333	Alive	2009
brca_tcga_gdc	TCGA-EW-A1OZ	TCGA-EW-A1OZ-01	56	6th	Breast	Invasive Breast Carcinoma	Invasive Breast Carcinoma	941	-20664	NA	14.43271855	0:DiseaseFree	Infiltrating Ductal Carcinoma	NOT HISPANIC OR LATINO	0.6133	C50.9	NO	8500/3	46	BRCA	40.37450722733246	0:LIVING	8f912a40-3251-4e1f-ae65-1f93d71f9881	ac0612f6-3d84-44d5-a224-6cbe65531505	M0	N0 (i-)	Stage IIA	T2	Infiltrating Ductal Carcinoma	Breast	False	False	TCGA-BRCA	Invasive Breast Carcinoma	released	BLACK OR AFRICAN AMERICAN	1	Primary Tumor	1	Female	1.5333333333333334	Alive	2008
brca_tcga_gdc	TCGA-EW-A1P0	TCGA-EW-A1P0-01	55	6th	Breast	Invasive Breast Carcinoma	Invasive Breast Carcinoma	1121	-20107	NA	34.55304599	0:DiseaseFree	Other, specify	NOT HISPANIC OR LATINO	0.2520	C50.9	NO	8523/3	15	BRCA	41.09724047306176	0:LIVING	81e32f39-3aa0-468b-87ed-dd2eb6165ddf	f2b7091e-ed85-4546-8f11-307154153d31	MX	N1b	Stage IIB	T2	Other, specify	Breast	False	False	TCGA-BRCA	Invasive Breast Carcinoma	released	WHITE	1	Primary Tumor	1	Female	0.5	Alive	2008
brca_tcga_gdc	TCGA-EW-A1P1	TCGA-EW-A1P1-01	68	6th	Breast	Invasive Breast Carcinoma	Invasive Breast Carcinoma	920	-24923	NA	19.95594569	0:DiseaseFree	Infiltrating Ductal Carcinoma	HISPANIC OR LATINO	0.0008	C50.9	NO	8500/3	1	BRCA	39.7503285151117	0:LIVING	f2e28af9-c40e-41c4-9e82-205cca38f26a	652c3b39-d1cb-42e8-98e1-2acb0011bd50	MX	N3b	Stage IIIC	T2	Infiltrating Ductal Carcinoma	Breast	False	False	TCGA-BRCA	Invasive Breast Carcinoma	released	WHITE	1	Primary Tumor	1	Female	0.03333333333333333	Alive	2008
brca_tcga_gdc	TCGA-EW-A1P3	TCGA-EW-A1P3-01	48	6th	Breast	Invasive Breast Carcinoma	Invasive Breast Carcinoma	987	-17637	NA	55.00213696	0:DiseaseFree	Infiltrating Ductal Carcinoma	NOT HISPANIC OR LATINO	0.2443	C50.9	NO	8500/3	18	BRCA	52.923784494086725	0:LIVING	1ff85ada-3cdd-4afb-b311-2c7befb52702	bbe1e6e5-7c52-44aa-940e-104f07751e11	MX	N0	Stage IIA	T2	Infiltrating Ductal Carcinoma	Breast	True	False	TCGA-BRCA	Invasive Breast Carcinoma	released	WHITE	1	Primary Tumor	1	Female	0.6	Alive	2008
brca_tcga_gdc	TCGA-EW-A1P4	TCGA-EW-A1P4-01	43	6th	Breast	Invasive Breast Carcinoma	Invasive Breast Carcinoma	501	-15989	NA	52.73366867	0:DiseaseFree	Medullary Carcinoma	HISPANIC OR LATINO	0.5131	C50.9	NO	8510/3	56	BRCA	29.796320630749012	0:LIVING	521e2140-ae5b-456f-8699-97398d009687	7a3b5790-35c8-473a-b952-bb603aca5aa1	M0	N0 (i-)	Stage IIA	T2	Medullary Carcinoma	Breast	False	False	TCGA-BRCA	Invasive Breast Carcinoma	released	WHITE	1	Primary Tumor	1	Female	1.8666666666666667	Alive	2009
brca_tcga_gdc	TCGA-EW-A1P5	TCGA-EW-A1P5-01	77	7th	Breast	Invasive Breast Carcinoma	Invasive Breast Carcinoma	365	-28177	NA	25.90656541	0:DiseaseFree	Infiltrating Ductal Carcinoma	NOT HISPANIC OR LATINO	0.2549	C50.9	NO	8500/3	14	BRCA	23.0946123521682	0:LIVING	53d0af48-d7ea-42c9-8695-c614b89b415b	c5eb7bf2-fc4a-497e-ace9-c715fea47e5b	M0	N1a	Stage IIB	T2	Infiltrating Ductal Carcinoma	Breast	False	False	TCGA-BRCA	Invasive Breast Carcinoma	released	WHITE	1	Primary Tumor	1	Female	0.4666666666666667	Alive	2010
brca_tcga_gdc	TCGA-EW-A1P6	TCGA-EW-A1P6-01	64	7th	Breast	Invasive Breast Carcinoma	Invasive Breast Carcinoma	312	-23485	NA	22.09290857	0:DiseaseFree	Infiltrating Ductal Carcinoma	HISPANIC OR LATINO	0.0992	C50.9	NO	8500/3	18	BRCA	18.462549277266753	0:LIVING	ee5744c0-a8dc-43f2-abdd-0b5529a3e9fb	174435cc-64d1-4d33-953c-1ada5df46ecd	M0	N1a	Stage IIB	T2	Infiltrating Ductal Carcinoma	Breast	False	False	TCGA-BRCA	Invasive Breast Carcinoma	released	WHITE	1	Primary Tumor	1	Female	0.6	Alive	2010
brca_tcga_gdc	TCGA-EW-A1P7	TCGA-EW-A1P7-01	59	6th	Breast	Invasive Breast Carcinoma	Invasive Breast Carcinoma	635	-21750	NA	34.02702436	0:DiseaseFree	Infiltrating Ductal Carcinoma	HISPANIC OR LATINO	0.0077	C50.9	NO	8500/3	12	BRCA	30.059132720105122	0:LIVING	01674b2c-5cf2-478f-84a1-f69c39f47bd4	3d164bd9-7416-47af-a102-29954e3efe2c	M0	N0 (i-)	Stage IIA	T2	Infiltrating Ductal Carcinoma	Breast	False	False	TCGA-BRCA	Invasive Breast Carcinoma	released	WHITE	1	Primary Tumor	1	Female	0.4	Alive	2009
brca_tcga_gdc	TCGA-EW-A1P8	TCGA-EW-A1P8-01	58	7th	Breast	Invasive Breast Carcinoma	Invasive Breast Carcinoma	NA	-21501	239	17.49021929	0:DiseaseFree	Infiltrating Ductal Carcinoma	NOT HISPANIC OR LATINO	0.9394	C50.9	NO	8500/3	25	BRCA	7.851511169513797	1:DECEASED	359f12f9-5c41-48a4-85bc-fd7e307bf7d8	bf055644-7bca-43b6-8f5a-e21c42f7cf88	M0	N3b	Stage IIIC	T2	Infiltrating Ductal Carcinoma	Breast	False	False	TCGA-BRCA	Invasive Breast Carcinoma	released	WHITE	1	Primary Tumor	1	Female	0.8333333333333334	Dead	2010
brca_tcga_gdc	TCGA-EW-A1PA	TCGA-EW-A1PA-01	59	7th	Breast	Invasive Breast Carcinoma	Invasive Breast Carcinoma	267	-21837	NA	17.52309564	0:DiseaseFree	Infiltrating Ductal Carcinoma	HISPANIC OR LATINO	0.3020	C50.9	NO	8500/3	27	BRCA	18.889618922470433	0:LIVING	4cfef7f9-f1ee-401c-a2a3-c225d4adc3b6	50c357b1-a9fc-44e4-9a7b-937e6d74e081	M0	N1a	Stage IIB	T2	Infiltrating Ductal Carcinoma	Breast	False	False	TCGA-BRCA	Invasive Breast Carcinoma	released	WHITE	1	Primary Tumor	1	Female	0.9	Alive	2010
brca_tcga_gdc	TCGA-EW-A1PB	TCGA-EW-A1PB-01	70	6th	Breast	Invasive Breast Carcinoma	Invasive Breast Carcinoma	608	-25770	NA	23.50659171	0:DiseaseFree	Infiltrating Ductal Carcinoma	NOT HISPANIC OR LATINO	0.2756	C50.9	NO	8500/3	118	BRCA	19.97371879106439	0:LIVING	88db1340-e4bf-451a-87c0-6e9168296f5e	da9dc40b-0350-4b8c-8a7a-15100d5aeb90	MX	N1a	Stage IIIA	T3	Infiltrating Ductal Carcinoma	Breast	False	False	TCGA-BRCA	Invasive Breast Carcinoma	released	BLACK OR AFRICAN AMERICAN	1	Primary Tumor	1	Female	3.933333333333333	Alive	2009
brca_tcga_gdc	TCGA-EW-A1PC	TCGA-EW-A1PC-01	66	7th	Breast	Invasive Breast Carcinoma	Invasive Breast Carcinoma	187	-24434	NA	NA	NA	Infiltrating Ductal Carcinoma	NOT HISPANIC OR LATINO	0.6270	C50.9	NO	8500/3	NA	BRCA	6.14323258869908	0:LIVING	f45210d3-9e66-4f5e-bef1-5ee5547cc893	fb635f1d-5ee1-4e58-86ea-b1aada2de4ba	MX	N0 (i-)	Stage IIB	T3	Infiltrating Ductal Carcinoma	Breast	False	False	TCGA-BRCA	Invasive Breast Carcinoma	released	BLACK OR AFRICAN AMERICAN	1	Primary Tumor	1	Female	NA	Alive	2011
brca_tcga_gdc	TCGA-EW-A1PD	TCGA-EW-A1PD-01	61	7th	Breast	Invasive Breast Carcinoma	Invasive Breast Carcinoma	175	-22536	NA	16.76693954	0:DiseaseFree	Infiltrating Ductal Carcinoma	HISPANIC OR LATINO	0.3345	C50.9	NO	8500/3	63	BRCA	13.92904073587385	0:LIVING	4dfc233b-ed03-4825-8089-e04cdee99996	9f52ae8b-7fe7-441c-9fb6-c55a9bd1a0d0	M0	N1a	Stage IIA	T1c	Infiltrating Ductal Carcinoma	Breast	False	False	TCGA-BRCA	Invasive Breast Carcinoma	released	WHITE	1	Primary Tumor	1	Male	2.066666666666667	Alive	2010
brca_tcga_gdc	TCGA-EW-A1PE	TCGA-EW-A1PE-01	56	7th	Breast	Invasive Breast Carcinoma	Invasive Breast Carcinoma	107	-20694	NA	24.98602755	0:DiseaseFree	Infiltrating Ductal Carcinoma	HISPANIC OR LATINO	0.0611	C50.9	NO	8507/3	23	BRCA	10.512483574244415	0:LIVING	f3b86c02-09a5-4e97-aa7a-86f13f7cda4b	0bc7a0cb-2a16-4f63-8188-39fd4c20b8b3	M0	N1a	Stage IIA	T1c	Infiltrating Ductal Carcinoma	Breast	False	False	TCGA-BRCA	Invasive Breast Carcinoma	released	WHITE	1	Primary Tumor	1	Female	0.7666666666666667	Alive	2011
brca_tcga_gdc	TCGA-EW-A1PF	TCGA-EW-A1PF-01	50	7th	Breast	Invasive Breast Carcinoma	Invasive Breast Carcinoma	140	-18384	NA	31.29828714	0:DiseaseFree	Infiltrating Ductal Carcinoma	HISPANIC OR LATINO	0.2307	C50.9	NO	8500/3	NA	BRCA	14.421813403416557	0:LIVING	848773a3-2f4a-4186-ab3f-de667129accf	b8e11365-4360-4db7-bfe8-a8da3ca4819b	M0	N0	Stage IA	T1c	Infiltrating Ductal Carcinoma	Breast	False	False	TCGA-BRCA	Invasive Breast Carcinoma	released	WHITE	1	Primary Tumor	1	Female	NA	Alive	2010
brca_tcga_gdc	TCGA-EW-A1PG	TCGA-EW-A1PG-01	53	6th	Breast	Invasive Breast Carcinoma	Invasive Breast Carcinoma	876	-19464	NA	33.20511556	0:DiseaseFree	Infiltrating Lobular Carcinoma	HISPANIC OR LATINO	0.0068	C50.9	NO	8520/3	8	BRCA	34.526938239159	0:LIVING	da286247-e8bb-4941-a2af-2453fe61cd02	e216aa55-98fc-4d0d-a24e-cfa05778f973	MX	N1a	Stage IIB	T2	Infiltrating Lobular Carcinoma	Breast	False	False	TCGA-BRCA	Invasive Breast Carcinoma	released	WHITE	1	Primary Tumor	1	Female	0.26666666666666666	Alive	2008
brca_tcga_gdc	TCGA-EW-A1PH	TCGA-EW-A1PH-01	52	7th	Breast	Invasive Breast Carcinoma	Invasive Breast Carcinoma	140	-19073	NA	7.397179209	0:DiseaseFree	Infiltrating Ductal Carcinoma	HISPANIC OR LATINO	0.4341	C50.9	NO	8500/3	39	BRCA	19.940867279894874	0:LIVING	4da999a0-ef41-4a0b-b1d1-446b39cc855a	dd38ba60-656a-46f7-b22b-bcee3b6d2f19	M0	N1a	Stage IIA	T1c	Infiltrating Ductal Carcinoma	Breast	False	False	TCGA-BRCA	Invasive Breast Carcinoma	released	WHITE	1	Primary Tumor	1	Female	1.3	Alive	2010
brca_tcga_gdc	TCGA-EW-A2FR	TCGA-EW-A2FR-01	59	6th	Breast	Invasive Breast Carcinoma	Invasive Breast Carcinoma	1120	-21628	NA	109.8727685	0:DiseaseFree	Infiltrating Ductal Carcinoma	NOT HISPANIC OR LATINO	0.1097	C50.9	NO	8500/3	NA	BRCA	54.96057818659658	0:LIVING	af97e043-88cb-4f99-8f8b-9bcbcccdf842	061f9bb8-09f5-4788-b39d-35138a3aa019	MX	N3a	Stage IIIC	T1b	Infiltrating Ductal Carcinoma	Breast	False	False	TCGA-BRCA	Invasive Breast Carcinoma	released	BLACK OR AFRICAN AMERICAN	1	Primary Tumor	1	Female	NA	Alive	2008
brca_tcga_gdc	TCGA-EW-A2FS	TCGA-EW-A2FS-01	41	6th	Breast	Invasive Breast Carcinoma	Invasive Breast Carcinoma	1173	-15302	NA	17.62172469	1:Recurred/Progressed	Infiltrating Ductal Carcinoma	NOT HISPANIC OR LATINO	0.2179	C50.9	NO	8500/3	24	BRCA	52.69382391590013	0:LIVING	d34471a1-b367-4f8a-b35a-c5901c4f5503	d92b4202-25d2-40b1-a704-c6bca0eb5bc3	MX	N1mi	Stage IIB	T2	Infiltrating Ductal Carcinoma	Breast	False	False	TCGA-BRCA	Invasive Breast Carcinoma	released	BLACK OR AFRICAN AMERICAN	1	Primary Tumor	1	Female	0.8	Alive	2008
brca_tcga_gdc	TCGA-EW-A2FV	TCGA-EW-A2FV-01	39	7th	Breast	Invasive Breast Carcinoma	Invasive Breast Carcinoma	239	-14316	NA	99.08932505	1:Recurred/Progressed	Other, specify	HISPANIC OR LATINO	0.1567	C50.9	NO	8507/3	430	BRCA	25.88699080157687	0:LIVING	f45aa0b2-f3de-4db5-9730-e5c6c4e2ed3a	de8ae7a3-d96b-4b54-9373-8e63f3ac926b	MX	N3a	Stage IIIC	T3	Other, specify	Breast	False	False	TCGA-BRCA	Invasive Breast Carcinoma	released	WHITE	1	Primary Tumor	1	Female	14.333333333333334	Alive	2011
brca_tcga_gdc	TCGA-EW-A2FW	TCGA-EW-A2FW-01	52	7th	Breast	Invasive Breast Carcinoma	Invasive Breast Carcinoma	191	-19085	NA	79.10050301	0:DiseaseFree	Other, specify	HISPANIC OR LATINO	0.2129	C50.9	NO	8503/3	19	BRCA	22.07621550591327	0:LIVING	e6f527a2-38eb-457e-bb39-3c5b9c0bcbec	7e728799-4c12-451a-afa9-0b26996f5736	MX	N0 (i-)	Stage IIA	T2	Other, specify	Breast	False	NA	TCGA-BRCA	Invasive Breast Carcinoma	released	WHITE	1	Primary Tumor	1	Female	0.6333333333333333	Alive	2011
brca_tcga_gdc	TCGA-EW-A3E8	TCGA-EW-A3E8-01	60	7th	Breast	Invasive Breast Carcinoma	Invasive Breast Carcinoma	647	-21922	NA	83.34155242	0:DiseaseFree	Infiltrating Lobular Carcinoma	HISPANIC OR LATINO	0.1062	C50.9	NO	8520/3	NA	BRCA	34.00131406044678	0:LIVING	c0b7b798-3383-4a45-a455-9eca5810739e	a896cc6d-91d8-4c63-b9c6-2b049e88b8b3	MX	N0	Stage IIB	T3	Infiltrating Lobular Carcinoma	Breast	False	False	TCGA-BRCA	Invasive Breast Carcinoma	released	WHITE	1	Primary Tumor	1	Female	NA	Alive	2011
brca_tcga_gdc	TCGA-EW-A3U0	TCGA-EW-A3U0-01	61	7th	Breast	Invasive Breast Carcinoma	Invasive Breast Carcinoma	229	-22520	NA	75.02383536	0:DiseaseFree	Infiltrating Ductal Carcinoma	NOT HISPANIC OR LATINO	0.4800	C50.9	NO	8500/3	NA	BRCA	17.47700394218134	0:LIVING	d9dc3b59-613d-469e-8b4f-6c5a557eb26a	549f03a5-3f91-4975-9eeb-aa062264a602	M0	N1a	Stage IIIA	T3	Infiltrating Ductal Carcinoma	Breast	False	False	TCGA-BRCA	Invasive Breast Carcinoma	released	BLACK OR AFRICAN AMERICAN	1	Primary Tumor	1	Female	NA	Alive	2011
brca_tcga_gdc	TCGA-EW-A423	TCGA-EW-A423-01	75	7th	Breast	Invasive Breast Carcinoma	Invasive Breast Carcinoma	309	-27627	NA	70.84853865	0:DiseaseFree	Infiltrating Lobular Carcinoma	HISPANIC OR LATINO	0.6955	C50.9	NO	8520/3	NA	BRCA	17.509855453350852	0:LIVING	bdd08ec8-8892-4273-8f21-6fde0f23c52d	4b4ddc10-5b37-42d2-bbf8-b0cac95ae1b3	MX	N0	Stage IIA	T2	Infiltrating Lobular Carcinoma	Breast	False	False	TCGA-BRCA	Invasive Breast Carcinoma	released	WHITE	1	Primary Tumor	1	Female	NA	Alive	2012
brca_tcga_gdc	TCGA-EW-A424	TCGA-EW-A424-01	51	7th	Breast	Invasive Breast Carcinoma	Invasive Breast Carcinoma	322	-18850	NA	72.09784002	0:DiseaseFree	Infiltrating Lobular Carcinoma	HISPANIC OR LATINO	0.1752	C50.9	NO	8520/3	NA	BRCA	23.488830486202364	0:LIVING	a6502f17-6bee-4d5a-8520-06364593d39c	b22a4adb-8d8a-490a-a6f4-cc091b41f56f	MX	N1	Stage IIIA	T3	Infiltrating Lobular Carcinoma	Breast	False	False	TCGA-BRCA	Invasive Breast Carcinoma	released	WHITE	1	Primary Tumor	1	Female	NA	Alive	2012
brca_tcga_gdc	TCGA-EW-A6S9	TCGA-EW-A6S9-01	34	7th	Breast	Invasive Breast Carcinoma	Invasive Breast Carcinoma	463	-12755	NA	85.14975178	0:DiseaseFree	Infiltrating Ductal Carcinoma	NOT HISPANIC OR LATINO	0.2065	C50.9	NO	8500/3	12	BRCA	15.210249671484888	0:LIVING	9676e46b-8f29-43cd-ab65-eb6a535cced4	4dda3f93-216c-41d5-b1c0-85ee571d7759	M0	N1	Stage IIA	T1c	Infiltrating Ductal Carcinoma	Breast	False	False	TCGA-BRCA	Invasive Breast Carcinoma	released	BLACK OR AFRICAN AMERICAN	1	Primary Tumor	1	Female	0.4	Alive	2013
brca_tcga_gdc	TCGA-EW-A6SA	TCGA-EW-A6SA-01	59	7th	Breast	Invasive Breast Carcinoma	Invasive Breast Carcinoma	510	-21623	NA	86.95795115	0:DiseaseFree	Infiltrating Ductal Carcinoma	NOT HISPANIC OR LATINO	0.5536	C50.9	NO	8500/3	56	BRCA	16.754270696452036	0:LIVING	aba5f46a-e67a-4cd2-9c52-c0686968ff04	5a1bb598-9a38-452a-9599-365501038a88	MX	N0 (i+)	Stage II	T2	Infiltrating Ductal Carcinoma	Breast	False	False	TCGA-BRCA	Invasive Breast Carcinoma	released	BLACK OR AFRICAN AMERICAN	1	Primary Tumor	1	Male	1.8666666666666667	Alive	2013
brca_tcga_gdc	TCGA-EW-A6SB	TCGA-EW-A6SB-01	62	7th	Breast	Invasive Breast Carcinoma	Invasive Breast Carcinoma	760	-22844	NA	115.6918828	0:DiseaseFree	Infiltrating Ductal Carcinoma	NOT HISPANIC OR LATINO	0.1622	C50.9	NO	8500/3	48	BRCA	24.967148488830485	0:LIVING	5c59028f-b8fa-4811-8314-be3eaed5f364	569dc2bf-8078-4330-afac-f3ff65903249	M0	N0	Stage II	T2	Infiltrating Ductal Carcinoma	Breast	False	False	TCGA-BRCA	Invasive Breast Carcinoma	released	BLACK OR AFRICAN AMERICAN	1	Primary Tumor	1	Female	1.6	Alive	2012
brca_tcga_gdc	TCGA-EW-A6SC	TCGA-EW-A6SC-01	60	7th	Breast	Invasive Breast Carcinoma	Invasive Breast Carcinoma	952	-21918	NA	106.0591117	0:DiseaseFree	Infiltrating Lobular Carcinoma	NOT HISPANIC OR LATINO	0.1298	C50.9	NO	8520/3	18	BRCA	31.274638633377133	0:LIVING	97862b8e-9f76-4b19-a865-156a9c00fb1e	842aed9a-ef31-404a-b93a-fb8f5faa0467	M0	N0	Stage IIA	T2	Infiltrating Lobular Carcinoma	Breast	False	False	TCGA-BRCA	Invasive Breast Carcinoma	released	BLACK OR AFRICAN AMERICAN	1	Primary Tumor	1	Female	0.6	Alive	2012
brca_tcga_gdc	TCGA-EW-A6SD	TCGA-EW-A6SD-01	32	7th	Breast	Invasive Breast Carcinoma	Invasive Breast Carcinoma	1010	-12006	NA	101.6208042	0:DiseaseFree	Infiltrating Ductal Carcinoma	HISPANIC OR LATINO	0.3976	C50.9	NO	8500/3	37	BRCA	33.18002628120893	0:LIVING	42378dbc-a123-4cf9-8502-165e89fda271	86de89ef-d62d-4146-bc8a-e138c9ef7555	M0	N1a	Stage IIB	T2	Infiltrating Ductal Carcinoma	Breast	False	False	TCGA-BRCA	Invasive Breast Carcinoma	released	BLACK OR AFRICAN AMERICAN	1	Primary Tumor	1	Female	1.2333333333333334	Alive	2012
brca_tcga_gdc	TCGA-GI-A2C8	TCGA-GI-A2C8-01	63	6th	Breast	Invasive Breast Carcinoma	Invasive Breast Carcinoma	225	-23103	NA	85.3470099	0:DiseaseFree	Infiltrating Ductal Carcinoma	NOT HISPANIC OR LATINO	0.5727	C50.9	NO	8500/3	89	BRCA	7.391590013140604	0:LIVING	33fe5833-d7a0-43d7-a03d-56985ea448a6	4a21e922-a294-43f0-89cb-862dabed4f8c	MX	N0	Stage IIIB	T4b	Infiltrating Ductal Carcinoma	Breast	False	True	TCGA-BRCA	Invasive Breast Carcinoma	released	WHITE	1	Primary Tumor	1	Female	2.966666666666667	Alive	2004
brca_tcga_gdc	TCGA-GI-A2C9	TCGA-GI-A2C9-01	58	6th	Breast	Invasive Breast Carcinoma	Invasive Breast Carcinoma	711	-21534	NA	110.4974192	0:DiseaseFree	Infiltrating Ductal Carcinoma	NOT HISPANIC OR LATINO	0.5715	C50.9	NO	8500/3	NA	BRCA	109.78975032851511	0:LIVING	9f6be944-83de-42ab-8738-f0022f475e61	143fc27d-e119-48ff-a5ea-bd6aafc0404e	MX	N0	Stage IIB	T3	Infiltrating Ductal Carcinoma	Breast	False	False	TCGA-BRCA	Invasive Breast Carcinoma	released	BLACK OR AFRICAN AMERICAN	1	Primary Tumor	1	Female	NA	Alive	2003
brca_tcga_gdc	TCGA-GM-A2D9	TCGA-GM-A2D9-01	69	6th	Breast	Invasive Breast Carcinoma	Invasive Breast Carcinoma	NA	-25490	1812	38.20232107	0:DiseaseFree	Infiltrating Ductal Carcinoma	NOT HISPANIC OR LATINO	0.1570	C50.9	NO	8500/3	369	BRCA	59.526938239159	1:DECEASED	1133b8a9-6b11-4511-b70a-f200e3b8b5db	07c938ad-70f7-418f-b6c9-ec6e4b1dae66	M0	N0 (i-)	Stage I	T1c	Infiltrating Ductal Carcinoma	Breast	False	False	TCGA-BRCA	Invasive Breast Carcinoma	released	WHITE	1	Primary Tumor	1	Female	12.3	Dead	2006
brca_tcga_gdc	TCGA-GM-A2DA	TCGA-GM-A2DA-01	46	4th	Breast	Invasive Breast Carcinoma	Invasive Breast Carcinoma	5909	-16854	6593	43.72554821	0:DiseaseFree	Infiltrating Ductal Carcinoma	NOT HISPANIC OR LATINO	0.1452	C50.9	NO	8500/3	21	BRCA	216.59001314060447	1:DECEASED	c07b122e-ac50-4db2-add2-5617a5d0e976	ed47a919-be85-4d06-aee3-87b6485498cc	M0	N1b	Stage IIB	T2	Infiltrating Ductal Carcinoma	Breast	False	False	TCGA-BRCA	Invasive Breast Carcinoma	released	WHITE	1	Primary Tumor	1	Female	0.7	Dead	1993
brca_tcga_gdc	TCGA-GM-A2DB	TCGA-GM-A2DB-01	62	6th	Breast	Invasive Breast Carcinoma	Invasive Breast Carcinoma	1616	-22883	NA	69.3033501	0:DiseaseFree	Infiltrating Ductal Carcinoma	NOT HISPANIC OR LATINO	0.1932	C50.9	NO	8500/3	113	BRCA	79.0407358738502	0:LIVING	6e6b7742-a562-490b-bb72-04a5653852e4	57557c6c-4927-449b-976e-127c0916763b	M0	N0 (i-)	Stage IIA	T2	Infiltrating Ductal Carcinoma	Breast	False	False	TCGA-BRCA	Invasive Breast Carcinoma	released	WHITE	1	Primary Tumor	1	Female	3.7666666666666666	Alive	2006
brca_tcga_gdc	TCGA-GM-A2DC	TCGA-GM-A2DC-01	57	6th	Breast	Invasive Breast Carcinoma	Invasive Breast Carcinoma	1628	-21122	NA	66.37735477	0:DiseaseFree	Infiltrating Ductal Carcinoma	NOT HISPANIC OR LATINO	0.4146	C50.9	NO	8500/3	12	BRCA	83.27858081471747	0:LIVING	dd43ffd9-da18-4ad3-abe7-6f443c76a717	25de243d-f03e-496b-b5f0-3dd8e61303fe	M0	N1a	Stage IIA	T1c	Infiltrating Ductal Carcinoma	Breast	False	False	TCGA-BRCA	Invasive Breast Carcinoma	released	WHITE	1	Primary Tumor	1	Female	0.4	Alive	2006
brca_tcga_gdc	TCGA-GM-A2DD	TCGA-GM-A2DD-01	53	6th	Breast	Invasive Breast Carcinoma	Invasive Breast Carcinoma	1309	-19415	NA	72.03208732	0:DiseaseFree	Infiltrating Ductal Carcinoma	NOT HISPANIC OR LATINO	0.1772	C50.9	NO	8500/3	43	BRCA	74.96714848883049	0:LIVING	b343bfe0-7c23-4c6a-8c84-9ee39db2ecda	c6514deb-3214-4ceb-8db6-46daca13911f	M0	N0 (i-)	Stage I	T1c	Infiltrating Ductal Carcinoma	Breast	True	False	TCGA-BRCA	Invasive Breast Carcinoma	released	WHITE	1	Primary Tumor	1	Female	1.4333333333333333	Alive	2007
brca_tcga_gdc	TCGA-GM-A2DF	TCGA-GM-A2DF-01	53	6th	Breast	Invasive Breast Carcinoma	Invasive Breast Carcinoma	1299	-19614	NA	13.54505704	0:DiseaseFree	Infiltrating Ductal Carcinoma	NOT HISPANIC OR LATINO	0.1703	C50.9	NO	8500/3	34	BRCA	70.79500657030223	0:LIVING	d6f7afc0-1558-43ad-acb1-2b5311ed2264	66760e17-251d-4981-bb02-82c29b315080	M0	N1a	Stage IIA	T1c	Infiltrating Ductal Carcinoma	Breast	False	False	TCGA-BRCA	Invasive Breast Carcinoma	released	BLACK OR AFRICAN AMERICAN	1	Primary Tumor	1	Female	1.1333333333333333	Alive	2007
brca_tcga_gdc	TCGA-GM-A2DH	TCGA-GM-A2DH-01	58	6th	Breast	Invasive Breast Carcinoma	Invasive Breast Carcinoma	1286	-21344	NA	18.11486997	0:DiseaseFree	Infiltrating Ductal Carcinoma	NOT HISPANIC OR LATINO	0.3700	C50.9	NO	8500/3	152	BRCA	72.04336399474376	0:LIVING	5700c1b3-922a-4401-8ab8-89028908d696	1be16830-bc94-422f-b925-26a772f1ed58	M0	N0 (i+)	Stage I	T1c	Infiltrating Ductal Carcinoma	Breast	False	False	TCGA-BRCA	Invasive Breast Carcinoma	released	WHITE	1	Primary Tumor	1	Female	5.066666666666666	Alive	2007
brca_tcga_gdc	TCGA-GM-A2DI	TCGA-GM-A2DI-01	52	6th	Breast	Invasive Breast Carcinoma	Invasive Breast Carcinoma	1883	-19030	NA	2.597231811	0:DiseaseFree	Infiltrating Ductal Carcinoma	NOT HISPANIC OR LATINO	0.0183	C50.9	NO	8500/3	49	BRCA	85.08541392904073	0:LIVING	66fa504c-4ae4-49ac-9355-1e063776dc0d	554cd9e3-7bf0-4d5b-a389-d258a8f46073	M0	N0 (i+)	Stage I	T1c	Infiltrating Ductal Carcinoma	Breast	False	False	TCGA-BRCA	Invasive Breast Carcinoma	released	WHITE	1	Primary Tumor	1	Female	1.6333333333333333	Alive	2005
brca_tcga_gdc	TCGA-GM-A2DK	TCGA-GM-A2DK-01	58	6th	Breast	Invasive Breast Carcinoma	Invasive Breast Carcinoma	1896	-21198	NA	50.7282112	1:Recurred/Progressed	Infiltrating Ductal Carcinoma	NOT HISPANIC OR LATINO	0.1806	C50.9	NO	8500/3	16	BRCA	86.892247043364	0:LIVING	3a0775a0-61ae-43f2-b5f6-629a44355c2f	6407b3ab-d159-4700-8e6b-d460411643ac	M0	N0 (i-)	Stage I	T1c	Infiltrating Ductal Carcinoma	Breast	False	False	TCGA-BRCA	Invasive Breast Carcinoma	released	WHITE	1	Primary Tumor	1	Female	0.5333333333333333	Alive	2005
brca_tcga_gdc	TCGA-GM-A2DL	TCGA-GM-A2DL-01	50	6th	Breast	Invasive Breast Carcinoma	Invasive Breast Carcinoma	2763	-18475	NA	11.83548673	0:DiseaseFree	Infiltrating Ductal Carcinoma	NOT HISPANIC OR LATINO	0.1851	C50.9	NO	8500/3	37	BRCA	115.60446780551905	0:LIVING	a76774fe-7298-4d68-a2b2-c1bad93f0c31	d6e981ee-1afc-4f84-a3be-e87e0d1460cd	M0	N0 (i-)	Stage I	T1c	Infiltrating Ductal Carcinoma	Breast	False	False	TCGA-BRCA	Invasive Breast Carcinoma	released	WHITE	1	Primary Tumor	1	Female	1.2333333333333334	Alive	2003
brca_tcga_gdc	TCGA-GM-A2DM	TCGA-GM-A2DM-01	57	6th	Breast	Invasive Breast Carcinoma	Invasive Breast Carcinoma	2331	-21160	NA	11.57247592	0:DiseaseFree	Infiltrating Ductal Carcinoma	HISPANIC OR LATINO	0.0055	C50.9	NO	8500/3	19	BRCA	105.97897503285151	0:LIVING	753d5d49-3b40-4737-9d4c-b1ec29cc2692	70c927bd-ab54-4e15-8521-5e3a5035dea5	M0	N0 (i-)	Stage IIA	T2	Infiltrating Ductal Carcinoma	Breast	False	False	TCGA-BRCA	Invasive Breast Carcinoma	released	WHITE	1	Primary Tumor	1	Female	0.6333333333333333	Alive	2004
brca_tcga_gdc	TCGA-GM-A2DN	TCGA-GM-A2DN-01	58	6th	Breast	Invasive Breast Carcinoma	Invasive Breast Carcinoma	2352	-21288	NA	21.23812342	0:DiseaseFree	Infiltrating Ductal Carcinoma	NOT HISPANIC OR LATINO	0.0875	C50.9	NO	8500/3	20	BRCA	101.54402102496715	0:LIVING	56bbd282-b88d-4730-9242-ab97d08dc83a	e46b29b9-c697-4739-b292-398674a5adb9	M0	N0 (i-)	Stage IIA	T2	Infiltrating Ductal Carcinoma	Breast	False	False	TCGA-BRCA	Invasive Breast Carcinoma	released	WHITE	1	Primary Tumor	1	Female	0.6666666666666666	Alive	2004
brca_tcga_gdc	TCGA-GM-A2DO	TCGA-GM-A2DO-01	54	6th	Breast	Invasive Breast Carcinoma	Invasive Breast Carcinoma	1623	-19842	NA	13.21629352	0:DiseaseFree	Infiltrating Lobular Carcinoma	NOT HISPANIC OR LATINO	0.0342	C50.9	NO	8520/3	114	BRCA	85.28252299605782	0:LIVING	5fd37868-4762-4109-9dcf-6fdbab5b645d	b0763e0d-56a7-4953-ad36-c3b218c059b3	M0	N0 (i-)	Stage I	T1c	Infiltrating Lobular Carcinoma	Breast	False	False	TCGA-BRCA	Invasive Breast Carcinoma	released	BLACK OR AFRICAN AMERICAN	1	Primary Tumor	1	Female	3.8	Alive	2006
brca_tcga_gdc	TCGA-GM-A3NW	TCGA-GM-A3NW-01	63	6th	Breast	Invasive Breast Carcinoma	Invasive Breast Carcinoma	2982	-23041	NA	NA	NA	Infiltrating Lobular Carcinoma	NOT HISPANIC OR LATINO	0.2550	C50.9	NO	8520/3	46	BRCA	110.41392904073587	0:LIVING	6ddaee34-46eb-490c-bd13-f0ab963c4322	0b6ee423-04a5-4426-b397-9669feae4c44	M0	N0 (i-)	Stage IIA	T2	Infiltrating Lobular Carcinoma	Breast	False	False	TCGA-BRCA	Invasive Breast Carcinoma	released	WHITE	1	Primary Tumor	1	Female	1.5333333333333334	Alive	2003
brca_tcga_gdc	TCGA-GM-A3NY	TCGA-GM-A3NY-01	72	6th	Breast	Invasive Breast Carcinoma	Invasive Breast Carcinoma	743	-26642	NA	13.28204622	0:DiseaseFree	Infiltrating Lobular Carcinoma	NOT HISPANIC OR LATINO	0.1209	C50.9	NO	8520/3	NA	BRCA	38.17345597897503	0:LIVING	bd5374c9-7f36-457f-b66b-7cc7ff64224e	50bd5c91-6557-4456-92d3-ae40cf7a8b9d	M0	N1a	Stage IIB	T2	Infiltrating Lobular Carcinoma	Breast	False	False	TCGA-BRCA	Invasive Breast Carcinoma	released	WHITE	1	Primary Tumor	1	Female	NA	Alive	2009
brca_tcga_gdc	TCGA-GM-A3XG	TCGA-GM-A3XG-01	46	6th	Breast	Invasive Breast Carcinoma	Invasive Breast Carcinoma	982	-16948	NA	10.61906171	0:DiseaseFree	Infiltrating Lobular Carcinoma	NOT HISPANIC OR LATINO	0.0000	C50.9	NO	8520/3	5	BRCA	43.69250985545335	0:LIVING	6f0fd68f-ed6a-4c9e-be02-c97ba4950f76	a172db3e-b6d5-4153-adec-9e772d6c1971	M0	N1a	Stage IIIA	T3	Infiltrating Lobular Carcinoma	Breast	False	False	TCGA-BRCA	Invasive Breast Carcinoma	released	WHITE	1	Primary Tumor	1	Female	0.16666666666666666	Alive	2009
brca_tcga_gdc	TCGA-GM-A3XL	TCGA-GM-A3XL-01	49	6th	Breast	Invasive Breast Carcinoma	Invasive Breast Carcinoma	1717	-18171	NA	24.9531512	0:DiseaseFree	Infiltrating Ductal Carcinoma	NOT HISPANIC OR LATINO	0.4705	C50.9	NO	8500/3	87	BRCA	69.25098554533508	0:LIVING	65cac997-4d39-4501-85ec-4fcb328a8eb5	fed3a891-21be-4196-b9ef-0bf7c8f976aa	M0	N0 (i-)	Stage IIA	T2	Infiltrating Ductal Carcinoma	Breast	False	False	TCGA-BRCA	Invasive Breast Carcinoma	released	BLACK OR AFRICAN AMERICAN	1	Primary Tumor	1	Female	2.8666666666666667	Alive	2007
brca_tcga_gdc	TCGA-GM-A3XN	TCGA-GM-A3XN-01	44	6th	Breast	Invasive Breast Carcinoma	Invasive Breast Carcinoma	1641	-16109	NA	32.74484663	0:DiseaseFree	Infiltrating Lobular Carcinoma	NOT HISPANIC OR LATINO	0.1870	C50.9	NO	8520/3	NA	BRCA	66.32720105124835	0:LIVING	0930e97a-72ea-4bd5-b2f0-50c76af695f3	281f2be7-7fb2-46f2-9a4a-033db48329a1	M0	N2a	Stage IIIA	T1c	Infiltrating Lobular Carcinoma	Breast	False	False	TCGA-BRCA	Invasive Breast Carcinoma	released	WHITE	1	Primary Tumor	1	Female	NA	Alive	2007
brca_tcga_gdc	TCGA-GM-A4E0	TCGA-GM-A4E0-01	67	6th	Breast	Invasive Breast Carcinoma	Invasive Breast Carcinoma	1753	-24788	NA	29.22707696	0:DiseaseFree	Infiltrating Lobular Carcinoma	NOT HISPANIC OR LATINO	0.0624	C50.9	NO	8520/3	NA	BRCA	71.97766097240472	0:LIVING	6397d7bc-9cb1-4a84-81ad-76954e0a8cee	ee6b71d0-3596-4669-b138-af822c2c3c6b	M0	N3a	Stage IIIC	T3	Infiltrating Lobular Carcinoma	Breast	False	False	TCGA-BRCA	Invasive Breast Carcinoma	released	WHITE	1	Primary Tumor	1	Female	NA	Alive	2007
brca_tcga_gdc	TCGA-GM-A5PV	TCGA-GM-A5PV-01	63	7th	Breast	Invasive Breast Carcinoma	Invasive Breast Carcinoma	412	-23215	NA	25.05178025	0:DiseaseFree	Infiltrating Lobular Carcinoma	NOT HISPANIC OR LATINO	0.0372	C50.9	NO	8520/3	19	BRCA	13.534822601839684	0:LIVING	67c8dc41-edcb-4563-96b3-3f93f9edcbe9	da53d0eb-95fd-466a-a7aa-6251cb4ce408	M0	N1a	Stage IIB	T2	Infiltrating Lobular Carcinoma	Breast	False	False	TCGA-BRCA	Invasive Breast Carcinoma	released	WHITE	1	Primary Tumor	1	Female	0.6333333333333333	Alive	2011
brca_tcga_gdc	TCGA-GM-A5PX	TCGA-GM-A5PX-01	65	7th	Breast	Invasive Breast Carcinoma	Invasive Breast Carcinoma	551	-23753	NA	17.06282671	0:DiseaseFree	Infiltrating Lobular Carcinoma	NOT HISPANIC OR LATINO	0.1016	C50.9	NO	8520/3	22	BRCA	18.101182654402102	0:LIVING	f7064d01-29d8-49a2-ad60-1e0c5f148f3e	2678d877-e48e-48e3-95c1-65ecce46308e	M0	N1mi	Stage IIB	T2	Infiltrating Lobular Carcinoma	Breast	False	False	TCGA-BRCA	Invasive Breast Carcinoma	released	WHITE	1	Primary Tumor	1	Female	0.7333333333333333	Alive	2011
brca_tcga_gdc	TCGA-HN-A2NL	TCGA-HN-A2NL-01	56	6th	Breast	Invasive Breast Carcinoma	Invasive Breast Carcinoma	79	-20483	NA	8.482098826	1:Recurred/Progressed	Infiltrating Lobular Carcinoma	NA	0.9202	C50.9	NO	8520/3	65	BRCA	2.59526938239159	0:LIVING	124b693c-77dc-4fa8-b703-54e8b5054a92	daec3a82-e1f5-4d6f-87dd-90853e48bf29	M0	N0	Stage IIA	T2	Infiltrating Lobular Carcinoma	Breast	False	False	TCGA-BRCA	Invasive Breast Carcinoma	released	NA	1	Primary Tumor	1	Female	2.1666666666666665	Alive	NA
brca_tcga_gdc	TCGA-HN-A2OB	TCGA-HN-A2OB-01	45	6th	Breast	Invasive Breast Carcinoma	Invasive Breast Carcinoma	1849	-16672	1900	14.69572936	0:DiseaseFree	Infiltrating Lobular Carcinoma	NA	0.0773	C50.9	NO	8520/3	12	BRCA	62.417871222076215	1:DECEASED	61204cdf-3b1c-44a1-bda6-0fef1ac4a333	fffbf817-1853-4783-b3e3-d05261cf2cd8	M0	N1	Stage IIB	T2	Infiltrating Lobular Carcinoma	Breast	False	False	TCGA-BRCA	Invasive Breast Carcinoma	released	NA	1	Primary Tumor	1	Female	0.4	Dead	NA
brca_tcga_gdc	TCGA-JL-A3YW	TCGA-JL-A3YW-01	NA	7th	Breast	Invasive Breast Carcinoma	Invasive Breast Carcinoma	360	NA	NA	14.4655949	0:DiseaseFree	Infiltrating Lobular Carcinoma	NOT HISPANIC OR LATINO	0.1646	C50.9	NO	8520/3	NA	BRCA	11.826544021024967	0:LIVING	a2434f47-2168-47d0-9bbb-981071597843	cde5b270-bec9-40d4-9c59-29f93ef08293	M0	N1	Stage IIB	T2	Infiltrating Lobular Carcinoma	Breast	False	False	TCGA-BRCA	Invasive Breast Carcinoma	released	ASIAN	1	Primary Tumor	1	Female	NA	Alive	2011
brca_tcga_gdc	TCGA-JL-A3YX	TCGA-JL-A3YX-01	NA	7th	Breast	Invasive Breast Carcinoma	Invasive Breast Carcinoma	352	NA	NA	14.79435842	0:DiseaseFree	Infiltrating Lobular Carcinoma	NOT HISPANIC OR LATINO	0.2102	C50.9	NO	8520/3	NA	BRCA	11.563731931668856	0:LIVING	75f6e476-233a-409c-a3ef-0240be569813	659ee487-4309-4d68-a9bc-9079ee87e4a9	M0	N0	Stage IIA	T2	Infiltrating Lobular Carcinoma	Breast	False	False	TCGA-BRCA	Invasive Breast Carcinoma	released	ASIAN	1	Primary Tumor	1	Female	NA	Alive	2011
brca_tcga_gdc	TCGA-LD-A66U	TCGA-LD-A66U-01	44	7th	Breast	Invasive Breast Carcinoma	Invasive Breast Carcinoma	252	-16101	NA	22.25729033	0:DiseaseFree	Infiltrating Lobular Carcinoma	NOT HISPANIC OR LATINO	0.2059	C50.9	NO	8520/3	20	BRCA	21.22207621550591	0:LIVING	38dc3e09-0b0e-4a29-b318-cc0352013dae	0849aa2e-a846-4de6-8ba3-eb916dc13f35	MX	N1mi	Stage IIB	T2	Infiltrating Lobular Carcinoma	Breast	False	False	TCGA-BRCA	Invasive Breast Carcinoma	released	WHITE	1	Primary Tumor	1	Female	0.6666666666666666	Alive	2012
brca_tcga_gdc	TCGA-LD-A74U	TCGA-LD-A74U-01	79	7th	Breast	Invasive Breast Carcinoma	Invasive Breast Carcinoma	203	-28981	NA	2.630108163	0:DiseaseFree	Other, specify	NOT HISPANIC OR LATINO	0.1181	C50.9	NO	8524/3	160	BRCA	13.206307490144546	0:LIVING	38a4e9bd-93e9-432d-a756-3b1055b823bd	5d3af3d2-f86b-4fc5-a56e-381f82b84cd0	M0	N3a	Stage IIIC	T3	Other, specify	Breast	True	False	TCGA-BRCA	Invasive Breast Carcinoma	released	WHITE	1	Primary Tumor	1	Female	5.333333333333333	Alive	2013
brca_tcga_gdc	TCGA-LD-A7W5	TCGA-LD-A7W5-01	52	7th	Breast	Invasive Breast Carcinoma	Invasive Breast Carcinoma	124	-19169	NA	16.07653615	0:DiseaseFree	Infiltrating Ductal Carcinoma	NOT HISPANIC OR LATINO	0.2490	C50.9	NO	8500/3	29	BRCA	7.09592641261498	0:LIVING	a06ff6ae-b0dd-4516-a75c-0db71694b46b	bfc636bb-4e93-4e8b-bcc3-c98cf820e6e7	M0	N3a	Stage IIIC	T2	Infiltrating Ductal Carcinoma	Breast	False	False	TCGA-BRCA	Invasive Breast Carcinoma	released	BLACK OR AFRICAN AMERICAN	1	Primary Tumor	1	Female	0.9666666666666667	Alive	2013
brca_tcga_gdc	TCGA-LD-A7W6	TCGA-LD-A7W6-01	54	7th	Breast	Invasive Breast Carcinoma	Invasive Breast Carcinoma	140	-20077	NA	15.68201992	0:DiseaseFree	Other, specify	NOT HISPANIC OR LATINO	0.1408	C50.2	NO	8524/3	23	BRCA	13.272010512483574	0:LIVING	0b0f9938-ce1e-4814-8821-0132d137eb9e	cb914f76-be58-463e-b9df-c7cb2811bd3c	M0	N1a	Stage IIB	T2	Other, specify	Breast	False	False	TCGA-BRCA	Invasive Breast Carcinoma	released	WHITE	1	Primary Tumor	1	Female	0.7666666666666667	Alive	2013
brca_tcga_gdc	TCGA-LD-A9QF	TCGA-LD-A9QF-01	73	7th	Breast	Invasive Breast Carcinoma	Invasive Breast Carcinoma	266	-26869	NA	NA	NA	Infiltrating Ductal Carcinoma	NOT HISPANIC OR LATINO	0.0056	C50.9	NO	8500/3	9	BRCA	10.611038107752956	0:LIVING	95c53ecf-d8f1-4bcb-9b1a-c9a0542939f0	d91ec6e8-cdea-41b8-a88e-252586d3b9ae	M0	N0	Stage IA	T1c	Infiltrating Ductal Carcinoma	Breast	False	False	TCGA-BRCA	Invasive Breast Carcinoma	released	BLACK OR AFRICAN AMERICAN	1	Primary Tumor	1	Female	0.3	Alive	2013
brca_tcga_gdc	TCGA-LL-A440	TCGA-LL-A440-01	61	7th	Breast	Invasive Breast Carcinoma	Invasive Breast Carcinoma	20	-22497	NA	14.49847125	0:DiseaseFree	Infiltrating Lobular Carcinoma	NOT HISPANIC OR LATINO	0.0172	C50.9	NO	8520/3	NA	BRCA	24.93429697766097	0:LIVING	00b11ca8-8540-4a3d-b602-ec754b00230b	e0630a0d-d4aa-4c20-87ea-441ea60e6cfe	MX	N0 (i-)	Stage IA	T1c	Infiltrating Lobular Carcinoma	Breast	True	False	TCGA-BRCA	Invasive Breast Carcinoma	released	WHITE	1	Primary Tumor	1	Female	NA	Alive	2012
brca_tcga_gdc	TCGA-LL-A441	TCGA-LL-A441-01	62	7th	Breast	Invasive Breast Carcinoma	Invasive Breast Carcinoma	91	-22772	NA	19.52855311	0:DiseaseFree	Infiltrating Ductal Carcinoma	NOT HISPANIC OR LATINO	0.2085	C50.9	NO	8500/3	NA	BRCA	32.72010512483574	0:LIVING	69fc24fc-cfe2-487a-935f-1a954b30b709	e3a1436e-8e38-4cb9-a913-0a50512db5b3	MX	N0	Stage IA	T1c	Infiltrating Ductal Carcinoma	Breast	False	False	TCGA-BRCA	Invasive Breast Carcinoma	released	BLACK OR AFRICAN AMERICAN	1	Primary Tumor	1	Female	NA	Alive	2012
brca_tcga_gdc	TCGA-LL-A442	TCGA-LL-A442-01	56	7th	Breast	Invasive Breast Carcinoma	Invasive Breast Carcinoma	109	-20495	NA	12.36150837	0:DiseaseFree	Infiltrating Ductal Carcinoma	NOT HISPANIC OR LATINO	0.0053	C50.9	NO	8500/3	NA	BRCA	29.204993429697765	0:LIVING	3f56d67f-5a9c-4353-9408-e7f60eb6477b	efea8f6e-fb7d-42f5-abca-3ff47da3c062	MX	N0 (i-)	Stage IIA	T2	Infiltrating Ductal Carcinoma	Breast	True	False	TCGA-BRCA	Invasive Breast Carcinoma	released	BLACK OR AFRICAN AMERICAN	1	Primary Tumor	1	Female	NA	Alive	2012
brca_tcga_gdc	TCGA-LL-A50Y	TCGA-LL-A50Y-01	84	7th	Breast	Invasive Breast Carcinoma	Invasive Breast Carcinoma	210	-30934	NA	19.59430582	0:DiseaseFree	Infiltrating Lobular Carcinoma	NOT HISPANIC OR LATINO	0.0856	C50.9	NO	8520/3	25	BRCA	25.03285151116951	0:LIVING	91da548b-5c64-49c3-a44a-1ef115f53311	cc10feb5-ced7-4c1e-b429-c4ac77236765	MX	N0	Stage IIA	T2	Infiltrating Lobular Carcinoma	Breast	True	False	TCGA-BRCA	Invasive Breast Carcinoma	released	WHITE	1	Primary Tumor	1	Female	0.8333333333333334	Alive	2012
brca_tcga_gdc	TCGA-LL-A5YL	TCGA-LL-A5YL-01	64	7th	Breast	Invasive Breast Carcinoma	Invasive Breast Carcinoma	169	-23395	NA	17.49021929	0:DiseaseFree	Infiltrating Lobular Carcinoma	NOT HISPANIC OR LATINO	0.1961	C50.9	NO	8520/3	49	BRCA	17.04993429697766	0:LIVING	1d75e89d-4b01-443c-be54-749c7a667bf4	e5c7ea3c-3aaa-4409-b10b-372f2f8e30f6	MX	N1a	Stage IIB	T2	Infiltrating Lobular Carcinoma	Breast	False	False	TCGA-BRCA	Invasive Breast Carcinoma	released	WHITE	1	Primary Tumor	1	Female	1.6333333333333333	Alive	2012
brca_tcga_gdc	TCGA-LL-A5YM	TCGA-LL-A5YM-01	88	7th	Breast	Invasive Breast Carcinoma	Invasive Breast Carcinoma	143	-32478	NA	NA	NA	Infiltrating Ductal Carcinoma	NOT HISPANIC OR LATINO	0.5028	C50.9	NO	8541/3	16	BRCA	12.943495400788436	0:LIVING	e9a12df9-024e-4cbc-b6bf-e4e87485fa90	cf5fda71-8fba-43fc-91f3-e4baa36571dd	M0	NX	Stage IIIB	T4b	Infiltrating Ductal Carcinoma	Breast	False	False	TCGA-BRCA	Invasive Breast Carcinoma	released	BLACK OR AFRICAN AMERICAN	1	Primary Tumor	1	Female	0.5333333333333333	Alive	2012
brca_tcga_gdc	TCGA-LL-A5YN	TCGA-LL-A5YN-01	46	7th	Breast	Invasive Breast Carcinoma	Invasive Breast Carcinoma	111	-16884	NA	22.38879574	0:DiseaseFree	Infiltrating Ductal Carcinoma	NOT HISPANIC OR LATINO	0.2780	C50.9	NO	8500/3	21	BRCA	14.684625492772668	0:LIVING	ef1b3332-cd7f-41bb-a2d3-2538e7becc5c	97ad1ecf-7643-461f-b9a2-1ac953825895	M0	N0 (i-)	Stage IIA	T2	Infiltrating Ductal Carcinoma	Breast	False	False	TCGA-BRCA	Invasive Breast Carcinoma	released	BLACK OR AFRICAN AMERICAN	1	Primary Tumor	1	Female	0.7	Alive	2013
brca_tcga_gdc	TCGA-LL-A5YO	TCGA-LL-A5YO-01	50	7th	Breast	Invasive Breast Carcinoma	Invasive Breast Carcinoma	97	-18354	NA	2.104086531	0:DiseaseFree	Infiltrating Ductal Carcinoma	NOT HISPANIC OR LATINO	0.0600	C50.9	NO	8500/3	36	BRCA	14.45466491458607	0:LIVING	b8aefc48-4a6e-4254-a57f-5f688399b582	2b7230c7-0182-4417-9861-03672629d98d	MX	N0	Stage IA	T1b	Infiltrating Ductal Carcinoma	Breast	False	False	TCGA-BRCA	Invasive Breast Carcinoma	released	BLACK OR AFRICAN AMERICAN	1	Primary Tumor	1	Female	1.2	Alive	2013
brca_tcga_gdc	TCGA-LL-A5YP	TCGA-LL-A5YP-01	49	7th	Breast	Invasive Breast Carcinoma	Invasive Breast Carcinoma	99	-18041	NA	36.29549265	0:DiseaseFree	Infiltrating Ductal Carcinoma	NOT HISPANIC OR LATINO	0.5602	C50.9	NO	8500/3	58	BRCA	14.783180026281208	0:LIVING	6d24e675-2fa4-4102-861f-7516650b3049	3dc0bc4f-6863-4297-8915-f29e1aa25d26	M0	N1a	Stage IIB	T2	Infiltrating Ductal Carcinoma	Breast	True	False	TCGA-BRCA	Invasive Breast Carcinoma	released	BLACK OR AFRICAN AMERICAN	1	Primary Tumor	1	Female	1.9333333333333333	Alive	2013
brca_tcga_gdc	TCGA-LL-A6FP	TCGA-LL-A6FP-01	89	7th	Breast	Invasive Breast Carcinoma	Invasive Breast Carcinoma	0	-32873	NA	58.51990663	0:DiseaseFree	Infiltrating Lobular Carcinoma	NOT HISPANIC OR LATINO	0.4121	C50.9	NO	8520/3	47	BRCA	0.0	0:LIVING	5c9d8163-a68e-43ce-9cba-effb7405761e	e8811c84-1822-40cb-ba64-10939e29cd35	MX	NX	Stage IIA	T2	Infiltrating Lobular Carcinoma	Breast	False	True	TCGA-BRCA	Invasive Breast Carcinoma	released	WHITE	1	Primary Tumor	1	Female	1.5333333333333334	Alive	2012
brca_tcga_gdc	TCGA-LL-A6FQ	TCGA-LL-A6FQ-01	77	7th	Breast	Invasive Breast Carcinoma	Invasive Breast Carcinoma	80	-28375	NA	NA	NA	Infiltrating Ductal Carcinoma	NOT HISPANIC OR LATINO	0.4670	C50.9	NO	8500/3	33	BRCA	2.628120893561104	0:LIVING	92b842c5-f71b-4ef7-ba86-358d28e0966f	4d7f3615-8da4-4702-a84f-efd533311291	MX	N2a	Stage IIIA	T2	Infiltrating Ductal Carcinoma	Breast	False	False	TCGA-BRCA	Invasive Breast Carcinoma	released	BLACK OR AFRICAN AMERICAN	1	Primary Tumor	1	Female	1.1	Alive	2013
brca_tcga_gdc	TCGA-LL-A6FR	TCGA-LL-A6FR-01	50	7th	Breast	Invasive Breast Carcinoma	Invasive Breast Carcinoma	118	-18520	NA	58.61853569	0:DiseaseFree	Infiltrating Ductal Carcinoma	NOT HISPANIC OR LATINO	0.5998	C50.9	NO	8500/3	28	BRCA	16.064388961892245	0:LIVING	1347c23d-8d6e-4c15-9461-640249838c96	b8348b74-69a1-43b1-a7f5-3ab429378ebb	MX	N0 (i-)	Stage IIA	T2	Infiltrating Ductal Carcinoma	Breast	False	False	TCGA-BRCA	Invasive Breast Carcinoma	released	BLACK OR AFRICAN AMERICAN	1	Primary Tumor	1	Female	0.9333333333333333	Alive	2013
brca_tcga_gdc	TCGA-LL-A73Y	TCGA-LL-A73Y-01	67	7th	Breast	Invasive Breast Carcinoma	Invasive Breast Carcinoma	126	-24647	NA	40.07627314	0:DiseaseFree	Infiltrating Ductal Carcinoma	NOT HISPANIC OR LATINO	0.2402	C50.9	NO	8500/3	95	BRCA	15.670170827858081	0:LIVING	ea645243-df49-4466-a255-9f3d4321e357	4d088b92-ccb7-44fe-a582-f1d9034cd643	MX	N0	Stage IA	T1c	Infiltrating Ductal Carcinoma	Breast	False	False	TCGA-BRCA	Invasive Breast Carcinoma	released	BLACK OR AFRICAN AMERICAN	1	Primary Tumor	1	Female	3.1666666666666665	Alive	2013
brca_tcga_gdc	TCGA-LL-A73Z	TCGA-LL-A73Z-01	55	7th	Breast	Invasive Breast Carcinoma	Invasive Breast Carcinoma	137	-20118	227	34.91468587	0:DiseaseFree	Infiltrating Ductal Carcinoma	NOT HISPANIC OR LATINO	0.1278	C50.9	NO	8500/3	29	BRCA	7.457293035479632	1:DECEASED	3e637872-f5e5-49d3-bb0d-9c16b8713382	e6142f96-4b9b-4691-8e7d-47d36bbdf37f	M1	NX	Stage IV	T1c	Infiltrating Ductal Carcinoma	Breast	False	False	TCGA-BRCA	Invasive Breast Carcinoma	released	BLACK OR AFRICAN AMERICAN	1	Primary Tumor	1	Female	0.9666666666666667	Dead	2013
brca_tcga_gdc	TCGA-LL-A740	TCGA-LL-A740-01	61	7th	Breast	Invasive Breast Carcinoma	Invasive Breast Carcinoma	137	-22416	NA	36.36124536	0:DiseaseFree	Infiltrating Ductal Carcinoma	NOT HISPANIC OR LATINO	0.1933	C50.9	NO	8500/3	39	BRCA	14.487516425755585	0:LIVING	aa60fa8d-c374-40e0-af2d-b007701e67e3	0dcb8872-8b48-4100-8ad4-4c89a0d3b9ed	MX	N0 (i-)	Stage IA	T1c	Infiltrating Ductal Carcinoma	Breast	False	False	TCGA-BRCA	Invasive Breast Carcinoma	released	BLACK OR AFRICAN AMERICAN	1	Primary Tumor	1	Female	1.3	Alive	2013
brca_tcga_gdc	TCGA-LL-A7SZ	TCGA-LL-A7SZ-01	49	7th	Breast	Invasive Breast Carcinoma	Invasive Breast Carcinoma	170	-18161	NA	28.86543709	0:DiseaseFree	Infiltrating Ductal Carcinoma	NOT HISPANIC OR LATINO	0.3725	C50.9	NO	8500/3	36	BRCA	19.513797634691194	0:LIVING	09a5e9fd-d816-4f8c-baa9-0e40ba607b16	b1379238-cffe-492c-acaa-f8f0b0f733ff	MX	N1a	Stage IIB	T2	Infiltrating Ductal Carcinoma	Breast	False	False	TCGA-BRCA	Invasive Breast Carcinoma	released	BLACK OR AFRICAN AMERICAN	1	Primary Tumor	1	Female	1.2	Alive	2013
brca_tcga_gdc	TCGA-LL-A7T0	TCGA-LL-A7T0-01	70	7th	Breast	Invasive Breast Carcinoma	Invasive Breast Carcinoma	98	-25867	NA	24.72301673	0:DiseaseFree	Infiltrating Ductal Carcinoma	NOT HISPANIC OR LATINO	0.3386	C50.9	NO	8500/3	33	BRCA	12.352168199737187	0:LIVING	d8f8064f-02ef-4fed-942b-714cbe5e8455	8b7229cb-2578-4a81-8463-407df893b47c	M0	N1a	Stage IIB	T2	Infiltrating Ductal Carcinoma	Breast	False	False	TCGA-BRCA	Invasive Breast Carcinoma	released	BLACK OR AFRICAN AMERICAN	1	Primary Tumor	1	Female	1.1	Alive	2013
brca_tcga_gdc	TCGA-LL-A8F5	TCGA-LL-A8F5-01	61	7th	Breast	Invasive Breast Carcinoma	Invasive Breast Carcinoma	189	-22544	NA	22.32304304	0:DiseaseFree	Infiltrating Ductal Carcinoma	NOT HISPANIC OR LATINO	0.6358	C50.9	NO	8500/3	120	BRCA	19.579500657030223	0:LIVING	e1786e78-ac46-46fd-8ce0-8f7456e46082	acc34a68-41a6-4c75-8f69-c0ce8727d7e7	MX	N0 (i-)	Stage IIA	T2	Infiltrating Ductal Carcinoma	Breast	False	False	TCGA-BRCA	Invasive Breast Carcinoma	released	BLACK OR AFRICAN AMERICAN	1	Primary Tumor	1	Female	4.0	Alive	2013
brca_tcga_gdc	TCGA-LL-A9Q3	TCGA-LL-A9Q3-01	69	7th	Breast	Invasive Breast Carcinoma	Invasive Breast Carcinoma	224	-25477	NA	20.38333827	0:DiseaseFree	Infiltrating Lobular Carcinoma	NOT HISPANIC OR LATINO	0.2826	C50.9	NO	8520/3	36	BRCA	17.47700394218134	0:LIVING	6af6d256-a753-46d2-b611-e4094ff265aa	1152ad19-6fb1-4dfe-af73-b74323a47ac7	MX	N3a	Stage IIIC	T3	Infiltrating Lobular Carcinoma	Breast	False	False	TCGA-BRCA	Invasive Breast Carcinoma	released	WHITE	1	Primary Tumor	1	Female	1.2	Alive	2013
brca_tcga_gdc	TCGA-LQ-A4E4	TCGA-LQ-A4E4-01	73	7th	Breast	Invasive Breast Carcinoma	Invasive Breast Carcinoma	484	-26883	NA	NA	0:DiseaseFree	Infiltrating Lobular Carcinoma	NOT HISPANIC OR LATINO	0.1938	C50.9	NO	8520/3	NA	BRCA	27.890932982917214	0:LIVING	4f321d41-3255-46a4-ae0d-1cf39699e624	8c8d4bd4-3aa9-4ad1-9715-2376ee540a0c	MX	N1a	Stage IIIA	T3	Infiltrating Lobular Carcinoma	Breast	False	False	TCGA-BRCA	Invasive Breast Carcinoma	released	WHITE	1	Primary Tumor	1	Female	NA	Alive	2011
brca_tcga_gdc	TCGA-MS-A51U	TCGA-MS-A51U-01	44	7th	Breast	Invasive Breast Carcinoma	Invasive Breast Carcinoma	85	-16213	NA	23.47371536	0:DiseaseFree	Infiltrating Lobular Carcinoma	NOT HISPANIC OR LATINO	0.1829	C50.9	NO	8520/3	NA	BRCA	22.371879106438897	0:LIVING	910655da-2c12-4572-96b7-ded616e69b4b	764a5732-0b44-4cbe-93f2-7b84fd7d81a1	M0	N1	Stage IIB	T2	Infiltrating Lobular Carcinoma	Breast	False	False	TCGA-BRCA	Invasive Breast Carcinoma	released	WHITE	1	Primary Tumor	1	Female	NA	Alive	2012
brca_tcga_gdc	TCGA-OK-A5Q2	TCGA-OK-A5Q2-01	59	7th	Breast	Invasive Breast Carcinoma	Invasive Breast Carcinoma	64	-21555	NA	65.62119867	0:DiseaseFree	Infiltrating Lobular Carcinoma	NA	0.0951	C50.9	NO	8520/3	24	BRCA	2.102496714848883	0:LIVING	cd7fb75e-1c2e-4201-86d3-b3ba21f476bf	5b55c210-049a-4835-ac3b-bba70c72973b	MX	N1a	Stage II	T2	Infiltrating Lobular Carcinoma	Breast	False	False	TCGA-BRCA	Invasive Breast Carcinoma	released	NA	1	Primary Tumor	1	Female	0.8	Alive	2012
brca_tcga_gdc	TCGA-OL-A5D6	TCGA-OL-A5D6-01	71	6th	Breast	Invasive Breast Carcinoma	Invasive Breast Carcinoma	385	-26052	1104	41.91734885	0:DiseaseFree	Infiltrating Ductal Carcinoma	NOT HISPANIC OR LATINO	0.1436	C50.9	NO	8500/3	27	BRCA	36.26806833114323	1:DECEASED	c3a981c7-f148-4252-bd50-af8a49ec0df8	a4c6b7c7-739f-42e9-a9e0-9b59f1503f16	MX	N0	Stage IIA	T2	Infiltrating Ductal Carcinoma	Breast	False	False	TCGA-BRCA	Invasive Breast Carcinoma	released	BLACK OR AFRICAN AMERICAN	1	Primary Tumor	1	Female	0.9	Dead	2009
brca_tcga_gdc	TCGA-OL-A5D7	TCGA-OL-A5D7-01	70	6th	Breast	Invasive Breast Carcinoma	Invasive Breast Carcinoma	1416	-25643	NA	42.772134	0:DiseaseFree	Infiltrating Ductal Carcinoma	NOT HISPANIC OR LATINO	0.3918	C50.9	NO	8500/3	42	BRCA	58.47568988173456	0:LIVING	c8f39325-5382-447c-9291-a6915fc978b8	9f40b937-e6c0-4259-bc0a-5fdcc6549b46	MX	N0	Stage IIA	T2	Infiltrating Ductal Carcinoma	Breast	False	False	TCGA-BRCA	Invasive Breast Carcinoma	released	BLACK OR AFRICAN AMERICAN	1	Primary Tumor	1	Female	1.4	Alive	2009
brca_tcga_gdc	TCGA-OL-A5D8	TCGA-OL-A5D8-01	40	6th	Breast	Invasive Breast Carcinoma	Invasive Breast Carcinoma	229	-14853	NA	26.03807082	0:DiseaseFree	Infiltrating Ductal Carcinoma	NOT HISPANIC OR LATINO	0.1824	C50.9	NO	8500/3	22	BRCA	31.964520367936924	0:LIVING	6d4860b2-21c6-4b7b-9093-2f32700d0612	a86dd3fc-de1f-4089-8ad1-95c683f9951f	MX	N0	Stage IIB	T3	Infiltrating Ductal Carcinoma	Breast	False	False	TCGA-BRCA	Invasive Breast Carcinoma	released	BLACK OR AFRICAN AMERICAN	1	Primary Tumor	1	Female	0.7333333333333333	Alive	2009
brca_tcga_gdc	TCGA-OL-A5DA	TCGA-OL-A5DA-01	61	6th	Breast	Invasive Breast Carcinoma	Invasive Breast Carcinoma	1357	-22411	NA	17.35871388	0:DiseaseFree	Infiltrating Lobular Carcinoma	NOT HISPANIC OR LATINO	0.2334	C50.9	NO	8520/3	52	BRCA	58.5742444152431	0:LIVING	4e509f73-99c7-48eb-a3a4-d34e3bface33	87aae20e-c532-4d73-aab6-88befc3a2e6f	MX	N0	Stage IIA	T2	Infiltrating Lobular Carcinoma	Breast	False	False	TCGA-BRCA	Invasive Breast Carcinoma	released	WHITE	1	Primary Tumor	1	Female	1.7333333333333334	Alive	2009
brca_tcga_gdc	TCGA-OL-A5RU	TCGA-OL-A5RU-01	63	7th	Breast	Invasive Breast Carcinoma	Invasive Breast Carcinoma	841	-23108	NA	14.07107867	0:DiseaseFree	Infiltrating Ductal Carcinoma	NA	0.0497	C50.9	NO	8500/3	26	BRCA	40.04599211563732	0:LIVING	b8a44fdf-9cb9-4123-9ab0-4bc198921fee	9e1e6f69-aece-4672-a059-d27af0352c84	MX	N1	Stage IIA	T1c	Infiltrating Ductal Carcinoma	Breast	False	False	TCGA-BRCA	Invasive Breast Carcinoma	released	BLACK OR AFRICAN AMERICAN	1	Primary Tumor	1	Female	0.8666666666666667	Alive	2010
brca_tcga_gdc	TCGA-OL-A5RV	TCGA-OL-A5RV-01	43	7th	Breast	Invasive Breast Carcinoma	Invasive Breast Carcinoma	733	-15820	NA	28.20791005	0:DiseaseFree	Infiltrating Ductal Carcinoma	NA	0.0613	C50.9	NO	8500/3	9	BRCA	34.88830486202365	0:LIVING	1d38d356-d126-4476-94d0-26616b9375b1	1dbb21be-290d-4c22-a6da-9eb4a0c41edf	MX	N3	Stage IIIC	T2	Infiltrating Ductal Carcinoma	Breast	False	False	TCGA-BRCA	Invasive Breast Carcinoma	released	BLACK OR AFRICAN AMERICAN	1	Primary Tumor	1	Female	0.3	Alive	2011
brca_tcga_gdc	TCGA-OL-A5RW	TCGA-OL-A5RW-01	40	7th	Breast	Invasive Breast Carcinoma	Invasive Breast Carcinoma	797	-14638	NA	19.72581122	0:DiseaseFree	Infiltrating Ductal Carcinoma	NA	0.7456	C50.9	NO	8500/3	138	BRCA	36.333771353482256	0:LIVING	a82d0a57-4383-473d-b334-d13b278404b1	b280103f-8732-4ee4-9e61-357a9cb3a0a9	MX	N1	Stage IIA	T1c	Infiltrating Ductal Carcinoma	Breast	False	False	TCGA-BRCA	Invasive Breast Carcinoma	released	BLACK OR AFRICAN AMERICAN	1	Primary Tumor	1	Female	4.6	Alive	2010
brca_tcga_gdc	TCGA-OL-A5RX	TCGA-OL-A5RX-01	51	7th	Breast	Invasive Breast Carcinoma	Invasive Breast Carcinoma	513	-18942	NA	40.10914949	0:DiseaseFree	Infiltrating Ductal Carcinoma	NA	0.1189	C50.9	NO	8500/3	18	BRCA	28.843626806833115	0:LIVING	43c0bec6-6fac-47b1-83cb-200a15a932be	c26f4fcf-bb96-46ba-80df-c8f3b926a296	MX	N0	Stage IA	T1c	Infiltrating Ductal Carcinoma	Breast	False	False	TCGA-BRCA	Invasive Breast Carcinoma	released	BLACK OR AFRICAN AMERICAN	1	Primary Tumor	1	Female	0.6	Alive	2011
brca_tcga_gdc	TCGA-OL-A5RY	TCGA-OL-A5RY-01	52	7th	Breast	Invasive Breast Carcinoma	Invasive Breast Carcinoma	429	-19216	NA	NA	NA	Infiltrating Ductal Carcinoma	NA	0.0086	C50.9	NO	8500/3	10	BRCA	24.704336399474375	0:LIVING	8360cec6-daf6-41c9-9a4f-7fc03c958dcc	0039a298-3369-4da5-9bfd-19792e9632be	MX	N1	Stage IIA	T1c	Infiltrating Ductal Carcinoma	Breast	False	False	TCGA-BRCA	Invasive Breast Carcinoma	released	BLACK OR AFRICAN AMERICAN	1	Primary Tumor	1	Female	0.3333333333333333	Alive	2011
brca_tcga_gdc	TCGA-OL-A5RZ	TCGA-OL-A5RZ-01	57	7th	Breast	Invasive Breast Carcinoma	Invasive Breast Carcinoma	313	-21038	NA	NA	NA	Infiltrating Ductal Carcinoma	NA	0.4641	C50.9	NO	8500/3	76	BRCA	22.306176084099867	0:LIVING	7e8713bd-0b17-4f09-9696-bc29707d862b	99095138-b471-48d0-aed9-dd8afc8ded68	MX	N0	Stage IA	T1b	Infiltrating Ductal Carcinoma	Breast	False	False	TCGA-BRCA	Invasive Breast Carcinoma	released	BLACK OR AFRICAN AMERICAN	1	Primary Tumor	1	Female	2.533333333333333	Alive	2012
brca_tcga_gdc	TCGA-OL-A5S0	TCGA-OL-A5S0-01	66	7th	Breast	Invasive Breast Carcinoma	Invasive Breast Carcinoma	298	-24139	NA	64.20751553	0:DiseaseFree	Infiltrating Ductal Carcinoma	NA	0.6215	C50.9	NO	8500/3	26	BRCA	20.367936925098554	0:LIVING	43b3bf47-7313-4dfb-952a-ec0b9d48e16c	8718f7f1-a95d-4245-9b00-6c061b69a1c6	MX	N1a	Stage IIB	T2	Infiltrating Ductal Carcinoma	Breast	False	False	TCGA-BRCA	Invasive Breast Carcinoma	released	BLACK OR AFRICAN AMERICAN	1	Primary Tumor	1	Female	0.8666666666666667	Alive	2012
brca_tcga_gdc	TCGA-OL-A66H	TCGA-OL-A66H-01	74	7th	Breast	Invasive Breast Carcinoma	Invasive Breast Carcinoma	413	-27280	NA	NA	NA	Mucinous Carcinoma	NOT HISPANIC OR LATINO	0.0588	C50.9	NO	8480/3	16	BRCA	26.675427069645202	0:LIVING	76bd9bb9-9a8b-4a90-bb7c-eafe76472ee4	31e39e5f-af9c-4f34-b065-8363cf9df39c	MX	N1mi	Stage IB	T1c	Mucinous Carcinoma	Breast	False	False	TCGA-BRCA	Invasive Breast Carcinoma	released	BLACK OR AFRICAN AMERICAN	1	Primary Tumor	1	Female	0.5333333333333333	Alive	2012
brca_tcga_gdc	TCGA-OL-A66I	TCGA-OL-A66I-01	36	6th	Breast	Invasive Breast Carcinoma	Invasive Breast Carcinoma	714	-13458	NA	NA	NA	Infiltrating Ductal Carcinoma	NOT HISPANIC OR LATINO	0.4185	C50.9	NO	8500/3	31	BRCA	23.45597897503285	0:LIVING	35bd694d-1dd2-466f-ab27-03320614b40e	2b8c960a-3e9a-49bf-8329-7d322da90326	MX	N1mi	Stage IIA	T1c	Infiltrating Ductal Carcinoma	Breast	False	False	TCGA-BRCA	Invasive Breast Carcinoma	released	BLACK OR AFRICAN AMERICAN	1	Primary Tumor	1	Female	1.0333333333333334	Alive	2008
brca_tcga_gdc	TCGA-OL-A66J	TCGA-OL-A66J-01	80	6th	Breast	Invasive Breast Carcinoma	Invasive Breast Carcinoma	1658	-29345	NA	NA	NA	Infiltrating Lobular Carcinoma	NOT HISPANIC OR LATINO	0.0661	C50.9	NO	8520/3	42	BRCA	65.57161629434954	0:LIVING	96e1fc6d-693f-4f4f-b5f7-8d6e1c6c43f8	1889a2af-ae25-41ec-8a6d-0ec5c5b852cb	MX	N0	Stage I	T1c	Infiltrating Lobular Carcinoma	Breast	False	False	TCGA-BRCA	Invasive Breast Carcinoma	released	WHITE	1	Primary Tumor	1	Female	1.4	Alive	2008
brca_tcga_gdc	TCGA-OL-A66K	TCGA-OL-A66K-01	72	7th	Breast	Invasive Breast Carcinoma	Invasive Breast Carcinoma	1021	-26299	1275	NA	NA	Infiltrating Lobular Carcinoma	NOT HISPANIC OR LATINO	0.1958	C50.9	NO	8520/3	21	BRCA	41.88567674113009	1:DECEASED	2ab1b35b-9e56-475c-ac9b-15ed0a422683	796b90a8-99d6-4102-81a0-96c6954e9f26	MX	N0	Stage IIA	T2	Infiltrating Lobular Carcinoma	Breast	False	False	TCGA-BRCA	Invasive Breast Carcinoma	released	WHITE	1	Primary Tumor	1	Female	0.7	Dead	2010
brca_tcga_gdc	TCGA-OL-A66L	TCGA-OL-A66L-01	71	7th	Breast	Invasive Breast Carcinoma	Invasive Breast Carcinoma	945	-26186	NA	NA	NA	Infiltrating Ductal Carcinoma	NOT HISPANIC OR LATINO	0.1112	C50.9	NO	8500/3	50	BRCA	42.73981603153745	0:LIVING	af0acaa9-a61c-4e57-bc0d-453ad5bf193a	3c8913ca-bc61-415b-9c6f-12295328022c	MX	N0	Stage IA	T1c	Infiltrating Ductal Carcinoma	Breast	False	False	TCGA-BRCA	Invasive Breast Carcinoma	released	BLACK OR AFRICAN AMERICAN	1	Primary Tumor	1	Female	1.6333333333333333	Alive	2010
brca_tcga_gdc	TCGA-OL-A66N	TCGA-OL-A66N-01	59	7th	Breast	Invasive Breast Carcinoma	Invasive Breast Carcinoma	413	-21608	NA	18.80527337	0:DiseaseFree	Infiltrating Lobular Carcinoma	NOT HISPANIC OR LATINO	0.2386	C50.9	NO	8520/3	29	BRCA	26.018396846254927	0:LIVING	e9002f4e-ba0b-4738-9368-dd9614a5da8a	34e08e44-8c58-48bd-b682-1ede7baead3c	MX	N3	Stage IIIC	T3	Infiltrating Lobular Carcinoma	Breast	False	False	TCGA-BRCA	Invasive Breast Carcinoma	released	WHITE	1	Primary Tumor	1	Female	0.9666666666666667	Alive	2011
brca_tcga_gdc	TCGA-OL-A66O	TCGA-OL-A66O-01	39	7th	Breast	Invasive Breast Carcinoma	Invasive Breast Carcinoma	220	-14272	NA	18.47650985	0:DiseaseFree	Infiltrating Ductal Carcinoma	NOT HISPANIC OR LATINO	0.1569	C50.9	NO	8500/3	20	BRCA	17.345597897503286	0:LIVING	a45833e1-7cc9-4273-b408-620f74679a12	27bc9f32-2419-4e24-97a1-4136e7be5a39	MX	N1a	Stage IIB	T2	Infiltrating Ductal Carcinoma	Breast	False	False	TCGA-BRCA	Invasive Breast Carcinoma	released	BLACK OR AFRICAN AMERICAN	1	Primary Tumor	1	Female	0.6666666666666666	Alive	2012
brca_tcga_gdc	TCGA-OL-A66P	TCGA-OL-A66P-01	75	7th	Breast	Invasive Breast Carcinoma	Invasive Breast Carcinoma	58	-27489	NA	21.07374166	0:DiseaseFree	Infiltrating Ductal Carcinoma	NOT HISPANIC OR LATINO	0.1918	C50.9	NO	8500/3	74	BRCA	14.060446780551905	0:LIVING	f81ac8a2-4ce6-439e-b027-1c0bfc88ceaa	1317942a-ef03-4ed9-b418-40a27aa3d6ec	MX	N0	Stage IIA	T2	Infiltrating Ductal Carcinoma	Breast	False	False	TCGA-BRCA	Invasive Breast Carcinoma	released	BLACK OR AFRICAN AMERICAN	1	Primary Tumor	1	Female	2.433333333333333	Alive	2013
brca_tcga_gdc	TCGA-OL-A6VO	TCGA-OL-A6VO-01	43	7th	Breast	Invasive Breast Carcinoma	Invasive Breast Carcinoma	480	-15780	NA	20.67922543	0:DiseaseFree	Infiltrating Ductal Carcinoma	NOT HISPANIC OR LATINO	0.4255	C50.9	NO	8500/3	18	BRCA	28.18659658344284	0:LIVING	398fb71b-ca83-44e7-bf0d-b1ca464b0283	bfb67ae4-dcfe-4002-8f5a-35dbec269889	MX	N0	Stage IA	T1c	Infiltrating Ductal Carcinoma	Breast	False	False	TCGA-BRCA	Invasive Breast Carcinoma	released	BLACK OR AFRICAN AMERICAN	1	Primary Tumor	1	Female	0.6	Alive	2012
brca_tcga_gdc	TCGA-OL-A6VQ	TCGA-OL-A6VQ-01	49	7th	Breast	Invasive Breast Carcinoma	Invasive Breast Carcinoma	229	-18151	NA	19.2655423	0:DiseaseFree	Infiltrating Lobular Carcinoma	NOT HISPANIC OR LATINO	0.1339	C50.9	NO	8520/3	42	BRCA	19.71090670170828	0:LIVING	34126cd5-cc38-4198-8582-c14fb5db7acb	863804ba-7fcd-49ce-a544-5a98eb3f2857	MX	N0	Stage IIA	T2	Infiltrating Lobular Carcinoma	Breast	False	False	TCGA-BRCA	Invasive Breast Carcinoma	released	WHITE	1	Primary Tumor	1	Female	1.4	Alive	2012
brca_tcga_gdc	TCGA-OL-A6VR	TCGA-OL-A6VR-01	48	7th	Breast	Invasive Breast Carcinoma	Invasive Breast Carcinoma	848	-17702	NA	13.84094421	0:DiseaseFree	Infiltrating Ductal Carcinoma	NOT HISPANIC OR LATINO	0.1109	C50.9	NO	8500/3	7	BRCA	40.07884362680683	0:LIVING	db3e1ce8-4a05-4bfc-b5ae-13cf789369e1	9970c93c-8a6c-4e05-9d2f-4b6bdf087a98	MX	N0	Stage IA	T1b	Infiltrating Ductal Carcinoma	Breast	False	False	TCGA-BRCA	Invasive Breast Carcinoma	released	BLACK OR AFRICAN AMERICAN	1	Primary Tumor	1	Female	0.23333333333333334	Alive	2011
brca_tcga_gdc	TCGA-OL-A97C	TCGA-OL-A97C-01	67	7th	Breast	Invasive Breast Carcinoma	Invasive Breast Carcinoma	195	-24735	NA	18.87102607	0:DiseaseFree	Other, specify	NOT HISPANIC OR LATINO	0.2115	C50.9	NO	9020/3	55	BRCA	8.902759526938238	0:LIVING	6ffd1b8c-6f0b-456a-9160-e0c8021e5897	533d59ab-89cb-485f-934d-f22d8b602ee3	M0	N0	Stage IIB	T3	Other, specify	Breast	False	False	TCGA-BRCA	Invasive Breast Carcinoma	released	BLACK OR AFRICAN AMERICAN	1	Primary Tumor	1	Female	1.8333333333333333	Alive	2013
brca_tcga_gdc	TCGA-PE-A5DC	TCGA-PE-A5DC-01	72	6th	Breast	Invasive Breast Carcinoma	Invasive Breast Carcinoma	NA	-26514	1430	17.39159023	0:DiseaseFree	Infiltrating Lobular Carcinoma	NOT HISPANIC OR LATINO	0.3205	C50.9	NO	8520/3	81	BRCA	46.97766097240473	1:DECEASED	76099beb-0abe-4b56-8b4e-e4485e0402e6	dc2e6e86-4a3d-4f9b-ba04-6c0cbaef94a0	M0	N2a	Stage IIIA	T2	Infiltrating Lobular Carcinoma	Breast	False	False	TCGA-BRCA	Invasive Breast Carcinoma	released	WHITE	1	Primary Tumor	1	Female	2.7	Dead	2005
brca_tcga_gdc	TCGA-PE-A5DD	TCGA-PE-A5DD-01	64	6th	Breast	Invasive Breast Carcinoma	Invasive Breast Carcinoma	1953	-23686	NA	17.26008482	0:DiseaseFree	Infiltrating Lobular Carcinoma	NOT HISPANIC OR LATINO	0.2569	C50.9	NO	8520/3	41	BRCA	64.15900131406045	0:LIVING	b0700958-5f90-4546-b35f-635cd506889b	723a715f-02aa-4708-bb61-84a36792ec83	M0	N0	Stage IIA	T2	Infiltrating Lobular Carcinoma	Breast	False	False	TCGA-BRCA	Invasive Breast Carcinoma	released	ASIAN	1	Primary Tumor	1	Female	1.3666666666666667	Alive	2006
brca_tcga_gdc	TCGA-PE-A5DE	TCGA-PE-A5DE-01	41	6th	Breast	Invasive Breast Carcinoma	Invasive Breast Carcinoma	1855	-15216	NA	13.93957327	0:DiseaseFree	Infiltrating Lobular Carcinoma	NA	0.5421	C50.9	NO	8520/3	320	BRCA	86.892247043364	0:LIVING	89c128b9-1c6b-4c04-a4af-7066772e783c	0c7a94a8-4802-4caa-b59a-6013ce8b3170	M0	N0	Stage IIA	T2	Infiltrating Lobular Carcinoma	Breast	False	False	TCGA-BRCA	Invasive Breast Carcinoma	released	WHITE	1	Primary Tumor	1	Female	10.633333333333333	Alive	2007
brca_tcga_gdc	TCGA-PL-A8LV	TCGA-PL-A8LV-01	54	7th	Breast	Invasive Breast Carcinoma	Invasive Breast Carcinoma	-7	-19746	NA	NA	NA	Medullary Carcinoma	NOT HISPANIC OR LATINO	0.7365	C50.9	NO	8510/3	82	BRCA	-0.22996057818659657	0:LIVING	389e5b18-8f89-41a9-9fa5-efd4172836e2	11b582c7-95bf-4a07-8996-ef4d0d4f897e	M0	N0	Stage IIIB	T4	Medullary Carcinoma	Breast	False	False	TCGA-BRCA	Invasive Breast Carcinoma	released	BLACK OR AFRICAN AMERICAN	1	Primary Tumor	1	Female	2.7333333333333334	Alive	2013
brca_tcga_gdc	TCGA-PL-A8LX	TCGA-PL-A8LX-01	35	7th	Breast	Invasive Breast Carcinoma	Invasive Breast Carcinoma	5	-12840	NA	NA	NA	Infiltrating Ductal Carcinoma	NOT HISPANIC OR LATINO	0.1351	C50.9	NO	8500/3	25	BRCA	0.164257555847569	0:LIVING	fe2cd610-aa52-4789-ac62-7683281bb22f	64149d95-1ec6-47eb-985b-0f67252d7f26	M1	N1a	Stage IV	T4	Infiltrating Ductal Carcinoma	Breast	False	False	TCGA-BRCA	Invasive Breast Carcinoma	released	BLACK OR AFRICAN AMERICAN	1	Primary Tumor	1	Female	0.8333333333333334	Alive	2013
brca_tcga_gdc	TCGA-PL-A8LY	TCGA-PL-A8LY-01	30	7th	Breast	Invasive Breast Carcinoma	Invasive Breast Carcinoma	8	-11199	NA	66.8376237	0:DiseaseFree	Infiltrating Ductal Carcinoma	NOT HISPANIC OR LATINO	0.0001	C50.9	NO	8500/3	1	BRCA	0.2628120893561104	0:LIVING	9ba11ea8-97d3-464a-90a4-ec1151be9088	cb389c7a-50d4-4f2d-9c5c-c1fff17e442a	M0	N0	Stage IIB	T3	Infiltrating Ductal Carcinoma	Breast	False	False	TCGA-BRCA	Invasive Breast Carcinoma	released	BLACK OR AFRICAN AMERICAN	1	Primary Tumor	1	Female	0.03333333333333333	Alive	2013
brca_tcga_gdc	TCGA-PL-A8LZ	TCGA-PL-A8LZ-01	29	7th	Breast	Invasive Breast Carcinoma	Invasive Breast Carcinoma	120	-10869	NA	11.40809416	0:DiseaseFree	Infiltrating Ductal Carcinoma	NOT HISPANIC OR LATINO	0.2036	C50.9	NO	8500/3	71	BRCA	9.921156373193167	0:LIVING	9087585f-e792-4f33-baaa-56ffe0f745be	421af19a-ae32-44b3-b91f-fed6a9b99de1	M0	N2	Stage IIIB	T4b	Infiltrating Ductal Carcinoma	Breast	False	False	TCGA-BRCA	Invasive Breast Carcinoma	released	BLACK OR AFRICAN AMERICAN	1	Primary Tumor	1	Female	2.3666666666666667	Alive	2013
brca_tcga_gdc	TCGA-S3-A6ZF	TCGA-S3-A6ZF-01	64	7th	Breast	Invasive Breast Carcinoma	Invasive Breast Carcinoma	212	-23650	NA	52.96380314	0:DiseaseFree	Infiltrating Ductal Carcinoma	NOT HISPANIC OR LATINO	0.6105	C50.9	NO	8500/3	21	BRCA	18.791064388961892	0:LIVING	fbee40f1-d6d8-4156-8d42-36e09bb9f095	25b35473-484c-4908-ae47-b6e6ed2dfb99	M0	N0	Stage IIA	T2	Infiltrating Ductal Carcinoma	Breast	False	False	TCGA-BRCA	Invasive Breast Carcinoma	released	BLACK OR AFRICAN AMERICAN	1	Primary Tumor	1	Female	0.7	Alive	2013
brca_tcga_gdc	TCGA-S3-A6ZG	TCGA-S3-A6ZG-01	71	7th	Breast	Invasive Breast Carcinoma	Invasive Breast Carcinoma	207	-26141	NA	29.02981885	0:DiseaseFree	Mixed Histology (please specify)	NOT HISPANIC OR LATINO	0.1648	C50.9	NO	8520/3	31	BRCA	18.462549277266753	0:LIVING	1a679332-30a3-4495-a2e5-39d299e14333	468b4ab5-9750-4685-a967-184da2cfcdb4	M0	N1	Stage IIB	T2	Mixed Histology (please specify)	Breast	False	False	TCGA-BRCA	Invasive Breast Carcinoma	released	BLACK OR AFRICAN AMERICAN	1	Primary Tumor	1	Female	1.0333333333333334	Alive	2013
brca_tcga_gdc	TCGA-S3-A6ZH	TCGA-S3-A6ZH-01	29	7th	Breast	Invasive Breast Carcinoma	Invasive Breast Carcinoma	263	-10832	NA	15.3532564	0:DiseaseFree	Infiltrating Ductal Carcinoma	NOT HISPANIC OR LATINO	0.4763	C50.9	NO	8500/3	24	BRCA	21.057818659658345	0:LIVING	ec461eaf-f5cb-4225-a9a0-59d8e6c17ea6	62246534-b42c-4d81-b09e-792e55e3cb9a	MX	N3a	Stage IIIC	T3	Infiltrating Ductal Carcinoma	Breast	False	False	TCGA-BRCA	Invasive Breast Carcinoma	released	BLACK OR AFRICAN AMERICAN	1	Primary Tumor	1	Female	0.8	Alive	2013
brca_tcga_gdc	TCGA-S3-AA0Z	TCGA-S3-AA0Z-01	63	7th	Breast	Invasive Breast Carcinoma	Invasive Breast Carcinoma	322	-23314	NA	16.0436598	0:DiseaseFree	Infiltrating Ductal Carcinoma	NOT HISPANIC OR LATINO	0.3961	C50.9	NO	8500/3	44	BRCA	20.66360052562418	0:LIVING	cffe832c-8a81-4cdb-8b25-df7f35afafdc	acc566d9-9cfe-4deb-b1a0-f04b5a0449f5	M0	N1a	Stage IIB	T2	Infiltrating Ductal Carcinoma	Breast	False	False	TCGA-BRCA	Invasive Breast Carcinoma	released	BLACK OR AFRICAN AMERICAN	1	Primary Tumor	1	Female	1.5	Alive	2013
brca_tcga_gdc	TCGA-S3-AA10	TCGA-S3-AA10-01	65	7th	Breast	Invasive Breast Carcinoma	Invasive Breast Carcinoma	241	-24075	NA	NA	NA	Infiltrating Ductal Carcinoma	NOT HISPANIC OR LATINO	0.5538	C50.9	NO	8500/3	100	BRCA	19.250985545335084	0:LIVING	23c31c2e-336c-4878-a476-cf8d811b4875	9c531ed5-e501-4cbf-9977-202dc1c5e623	M0	N0	Stage IIA	T2	Infiltrating Ductal Carcinoma	Breast	False	False	TCGA-BRCA	Invasive Breast Carcinoma	released	BLACK OR AFRICAN AMERICAN	1	Primary Tumor	1	Female	3.3333333333333335	Alive	2013
brca_tcga_gdc	TCGA-S3-AA11	TCGA-S3-AA11-01	67	7th	Breast	Invasive Breast Carcinoma	Invasive Breast Carcinoma	169	-24813	NA	107.0454022	0:DiseaseFree	Infiltrating Ductal Carcinoma	NOT HISPANIC OR LATINO	0.0560	C50.9	NO	8500/3	55	BRCA	13.830486202365309	0:LIVING	0dd8dbc1-c48b-4e7c-b401-57101f724967	6b4d9ae9-5776-4efa-86ac-3772b179d59f	M0	N0	Stage IIA	T2	Infiltrating Ductal Carcinoma	Breast	False	False	TCGA-BRCA	Invasive Breast Carcinoma	released	BLACK OR AFRICAN AMERICAN	1	Primary Tumor	1	Female	1.8333333333333333	Alive	2013
brca_tcga_gdc	TCGA-S3-AA12	TCGA-S3-AA12-01	82	7th	Breast	Invasive Breast Carcinoma	Invasive Breast Carcinoma	259	-30101	NA	NA	NA	Infiltrating Ductal Carcinoma	NOT HISPANIC OR LATINO	0.1371	C50.9	NO	8500/3	28	BRCA	18.85676741130092	0:LIVING	2bcacfd1-6a45-4b96-9b80-2ad569b1ab45	a56ee32f-1975-400f-a09e-a747383c9a46	MX	N1a	Stage IIIA	T3	Infiltrating Ductal Carcinoma	Breast	True	False	TCGA-BRCA	Invasive Breast Carcinoma	released	BLACK OR AFRICAN AMERICAN	1	Primary Tumor	1	Female	0.9333333333333333	Alive	2013
brca_tcga_gdc	TCGA-S3-AA14	TCGA-S3-AA14-01	47	7th	Breast	Invasive Breast Carcinoma	Invasive Breast Carcinoma	218	-17352	NA	NA	NA	Infiltrating Ductal Carcinoma	NOT HISPANIC OR LATINO	0.1695	C50.9	NO	8500/3	11	BRCA	17.378449408672797	0:LIVING	929acc67-b8bf-4f65-9110-380e44ab66b7	a1953616-e244-4a52-b283-2e39d58f2c9a	cM0 (i+)	N0 (i+)	Stage I	T1	Infiltrating Ductal Carcinoma	Breast	False	False	TCGA-BRCA	Invasive Breast Carcinoma	released	BLACK OR AFRICAN AMERICAN	1	Primary Tumor	1	Female	0.36666666666666664	Alive	2013
brca_tcga_gdc	TCGA-S3-AA15	TCGA-S3-AA15-01	51	7th	Breast	Invasive Breast Carcinoma	Invasive Breast Carcinoma	209	-18659	NA	NA	NA	Infiltrating Ductal Carcinoma	NOT HISPANIC OR LATINO	0.0014	C50.9	NO	8500/3	20	BRCA	17.24704336399474	0:LIVING	e783e518-c1e5-4eac-8eaf-e2d65ccd9692	f2f2b11f-a4eb-4260-b2b6-822544adad60	cM0 (i+)	N1a	Stage IIB	T2	Infiltrating Ductal Carcinoma	Breast	False	False	TCGA-BRCA	Invasive Breast Carcinoma	released	BLACK OR AFRICAN AMERICAN	1	Primary Tumor	1	Female	0.6666666666666666	Alive	2013
brca_tcga_gdc	TCGA-S3-AA17	TCGA-S3-AA17-01	64	7th	Breast	Invasive Breast Carcinoma	Invasive Breast Carcinoma	119	-23642	NA	NA	NA	Infiltrating Ductal Carcinoma	NOT HISPANIC OR LATINO	0.3724	C50.9	NO	8500/3	82	BRCA	13.92904073587385	0:LIVING	49a2fd48-744d-4d88-b9b4-8c778d4f48fd	27dac66a-e5ac-41b4-95e6-4a9f209261ee	cM0 (i+)	N1mi	Stage IIB	T2	Infiltrating Ductal Carcinoma	Breast	True	False	TCGA-BRCA	Invasive Breast Carcinoma	released	BLACK OR AFRICAN AMERICAN	1	Primary Tumor	1	Female	2.7333333333333334	Alive	2013
brca_tcga_gdc	TCGA-UL-AAZ6	TCGA-UL-AAZ6-01	73	7th	Breast	Invasive Breast Carcinoma	Invasive Breast Carcinoma	426	-26999	NA	NA	NA	Infiltrating Ductal Carcinoma	NOT HISPANIC OR LATINO	0.5941	C50.9	NO	8500/3	67	BRCA	17.017082785808146	0:LIVING	4b54e06e-a280-4981-a4e1-9aea154341b4	4530d39f-1a96-46b3-9964-cba7c03ad9c9	MX	N0	Stage IIA	T2	Infiltrating Ductal Carcinoma	Breast	False	False	TCGA-BRCA	Invasive Breast Carcinoma	released	BLACK OR AFRICAN AMERICAN	1	Primary Tumor	1	Female	2.2333333333333334	Alive	2013
brca_tcga_gdc	TCGA-UU-A93S	TCGA-UU-A93S-01	63	7th	Breast	Invasive Breast Carcinoma	Invasive Breast Carcinoma	NA	-23278	116	NA	NA	Infiltrating Ductal Carcinoma	NOT HISPANIC OR LATINO	0.4965	C50.9	NO	8500/3	109	BRCA	3.8107752956636003	1:DECEASED	45013972-2dfd-4f82-a076-e3e4af1b43b8	0692591c-b717-4d4e-b3ce-ea1620eb127e	M1	N3b	Stage IV	T4d	Infiltrating Ductal Carcinoma	Breast	False	False	TCGA-BRCA	Invasive Breast Carcinoma	released	BLACK OR AFRICAN AMERICAN	1	Primary Tumor	1	Female	3.6333333333333333	Dead	2013
brca_tcga_gdc	TCGA-V7-A7HQ	TCGA-V7-A7HQ-01	75	6th	Breast	Invasive Breast Carcinoma	Invasive Breast Carcinoma	1590	-27684	NA	NA	NA	Infiltrating Ductal Carcinoma	NOT HISPANIC OR LATINO	0.1233	C50.9	NO	8500/3	17	BRCA	66.78712220762155	0:LIVING	1285eb55-415c-494a-aa58-936f0427cdd0	96c72a6b-a6c2-4965-be92-0910312689f3	M0	N2a	Stage IIIA	T1c	Infiltrating Ductal Carcinoma	Breast	False	False	TCGA-BRCA	Invasive Breast Carcinoma	released	BLACK OR AFRICAN AMERICAN	1	Primary Tumor	1	Female	0.5666666666666667	Alive	2009
brca_tcga_gdc	TCGA-W8-A86G	TCGA-W8-A86G-01	66	7th	Breast	Invasive Breast Carcinoma	Invasive Breast Carcinoma	161	-24125	NA	NA	NA	Infiltrating Lobular Carcinoma	NOT HISPANIC OR LATINO	0.0920	C50.9	NO	8520/3	12	BRCA	11.399474375821287	0:LIVING	90ff48c3-b14b-4a8b-94a1-98c0bab0d27b	ad431126-be1f-483f-9333-fa30b2354f43	MX	N0 (i-)	Stage IIA	T2a	Infiltrating Lobular Carcinoma	Breast	True	False	TCGA-BRCA	Invasive Breast Carcinoma	released	WHITE	1	Primary Tumor	1	Female	0.4	Alive	2013
brca_tcga_gdc	TCGA-WT-AB41	TCGA-WT-AB41-01	NA	7th	Breast	Invasive Breast Carcinoma	Invasive Breast Carcinoma	1550	NA	NA	NA	NA	Infiltrating Ductal Carcinoma	NOT HISPANIC OR LATINO	0.3153	C50.9	NO	8500/3	34	BRCA	52.923784494086725	0:LIVING	e7db08a7-b439-4230-8dc4-1b54af4736c4	0de093d5-c752-4e93-a783-ec262b3a3780	MX	N1mi	Stage IIB	T2	Infiltrating Ductal Carcinoma	Breast	True	False	TCGA-BRCA	Invasive Breast Carcinoma	released	BLACK OR AFRICAN AMERICAN	1	Primary Tumor	1	Female	1.1333333333333333	Alive	2010
brca_tcga_gdc	TCGA-WT-AB44	TCGA-WT-AB44-01	NA	7th	Breast	Invasive Breast Carcinoma	Invasive Breast Carcinoma	791	NA	NA	NA	NA	Infiltrating Lobular Carcinoma	NOT HISPANIC OR LATINO	0.3433	C50.9	NO	8520/3	25	BRCA	29.00788436268068	0:LIVING	5cd79093-1571-4f71-8136-0d84ccabdcac	081947cf-1635-4a57-9903-0c405ead6d84	MX	N0 (i-)	Stage IA	T1c	Infiltrating Lobular Carcinoma	Breast	False	False	TCGA-BRCA	Invasive Breast Carcinoma	released	WHITE	1	Primary Tumor	1	Female	0.8333333333333334	Alive	2012
brca_tcga_gdc	TCGA-XX-A899	TCGA-XX-A899-01	46	7th	Breast	Invasive Breast Carcinoma	Invasive Breast Carcinoma	292	-17022	NA	NA	NA	Infiltrating Lobular Carcinoma	NOT HISPANIC OR LATINO	0.0833	C50.9	NO	8520/3	25	BRCA	15.341655716162943	0:LIVING	f89588e9-ca73-4465-a7fb-7246edb45e3a	43623706-5604-4f3d-8746-9bfa0b92c0a9	MX	N2a	Stage IIIA	T1c	Infiltrating Lobular Carcinoma	Breast	False	False	TCGA-BRCA	Invasive Breast Carcinoma	released	WHITE	1	Primary Tumor	1	Female	0.8333333333333334	Alive	2013
brca_tcga_gdc	TCGA-XX-A89A	TCGA-XX-A89A-01	68	7th	Breast	Invasive Breast Carcinoma	Invasive Breast Carcinoma	278	-25000	NA	NA	NA	Infiltrating Lobular Carcinoma	NOT HISPANIC OR LATINO	0.1821	C50.9	NO	8520/3	133	BRCA	16.031537450722734	0:LIVING	ca20249f-b7ea-4fd9-9ecb-34f74755ae35	1422b157-eec7-460e-96c8-9121847d283b	MX	N0	Stage IIB	T3	Infiltrating Lobular Carcinoma	Breast	False	False	TCGA-BRCA	Invasive Breast Carcinoma	released	WHITE	1	Primary Tumor	1	Female	4.433333333333334	Alive	2013
brca_tcga_gdc	TCGA-Z7-A8R5	TCGA-Z7-A8R5-01	60	6th	Breast	Invasive Breast Carcinoma	Invasive Breast Carcinoma	3042	-22280	NA	NA	NA	Infiltrating Lobular Carcinoma	NOT HISPANIC OR LATINO	0.0447	C50.9	NO	8520/3	17	BRCA	107.98291721419184	0:LIVING	23f438bd-1dbb-4d46-972f-1e8e74ddbd37	93ce6743-424b-4a1e-8748-e11756399b2b	MX	N1a	Stage IIIA	T3	Infiltrating Lobular Carcinoma	Breast	True	False	TCGA-BRCA	Invasive Breast Carcinoma	released	WHITE	1	Primary Tumor	1	Female	0.5666666666666667	Alive	2005
brca_tcga_gdc	TCGA-Z7-A8R6	TCGA-Z7-A8R6-01	46	6th	Breast	Invasive Breast Carcinoma	Invasive Breast Carcinoma	2800	-16955	NA	NA	NA	Infiltrating Lobular Carcinoma	NOT HISPANIC OR LATINO	0.3379	C50.8	NO	8022/3	50	BRCA	106.96452036793693	0:LIVING	b1d44c81-747d-471f-9093-aeb262a17975	515600aa-a11b-4630-b88d-c59082ed1684	M0	N0	Stage I	T1c	Infiltrating Lobular Carcinoma	Breast	False	False	TCGA-BRCA	Invasive Breast Carcinoma	released	WHITE	1	Primary Tumor	1	Female	1.6666666666666667	Alive	2005